{"type":"FeatureCollection","features":[{"type":"Feature","geometry":{"type":"MultiPolygon","coordinates":[[[[-119.44096291048,50.00578419172],[-119.44081496342,50.00577981904],[-119.44015186509,50.00575885934],[-119.43804915302,50.00570989787],[-119.43793573182,50.00572384209],[-119.43628103741,50.00574008683],[-119.42377102173,50.00585100719],[-119.41972417375,50.00584428622],[-119.42049561537,50.00489844918],[-119.42056392526,50.00477865788],[-119.42178423211,50.00308253416],[-119.4220126509,50.00275592284],[-119.42203806667,50.00274834604],[-119.42235225163,50.00219730529],[-119.42252950247,50.00162742821],[-119.42265591917,50.00107270579],[-119.42295642387,50.00054562452],[-119.42338208637,50.0000209974],[-119.4235285243,49.99983813541],[-119.42384300343,49.99954551267],[-119.42425722812,49.99926291946],[-119.4249703522,49.99875199692],[-119.42524764478,49.99845056735],[-119.42539977335,49.99814668596],[-119.42549537127,49.99797897733],[-119.42558681831,49.99763353133],[-119.42560392992,49.99727047936],[-119.42545647047,49.9966780976],[-119.42530296506,49.99594831942],[-119.42525974936,49.99580211882],[-119.425115759,49.9948706488],[-119.42472616098,49.9930380262],[-119.42452308519,49.99176625103],[-119.42439380048,49.99158606477],[-119.42419902885,49.99066976125],[-119.42410690947,49.99049837879],[-119.42406180131,49.99039251852],[-119.42401479086,49.99032699634],[-119.42362315468,49.98986711411],[-119.42246070568,49.98902065837],[-119.42211039179,49.9887473082],[-119.42196556702,49.98863141558],[-119.42128845888,49.98811747296],[-119.42104169268,49.98777347724],[-119.42090830705,49.98741555768],[-119.42096261249,49.98706132403],[-119.42104645229,49.98687724545],[-119.42184258824,49.98566547918],[-119.42256751849,49.98383862249],[-119.42332349526,49.98188318483],[-119.42339366129,49.9817230643],[-119.42341806275,49.9809402849],[-119.42344626848,49.98007683436],[-119.42340307612,49.97993064102],[-119.42347447303,49.97921338641],[-119.42363001312,49.97857045659],[-119.42365541361,49.97856288001],[-119.4239319056,49.97774467942],[-119.42396681541,49.9775354213],[-119.42395887046,49.97743836893],[-119.42401917945,49.97722153438],[-119.42392295023,49.97687243517],[-119.4235504668,49.97600921322],[-119.42332501515,49.97547993746],[-119.42329134071,49.97513206667],[-119.42338399099,49.97422952473],[-119.42339160051,49.97406818155],[-119.42324135644,49.97274099932],[-119.42336767451,49.97218633173],[-119.42372501649,49.97044924022],[-119.42372882024,49.97036856967],[-119.42410201824,49.96882558665],[-119.42468335392,49.96658421799],[-119.42485627481,49.96583668959],[-119.42488098167,49.96531233953],[-119.42489238463,49.96507033213],[-119.42479393371,49.96450319713],[-119.42461931179,49.96395879254],[-119.42431964057,49.96341193623],[-119.42399078411,49.96295332478],[-119.42378128173,49.96261816875],[-119.42355780234,49.9620485841],[-119.42357134306,49.96043399792],[-119.42357761128,49.95923913639],[-119.42349887606,49.95878543648],[-119.4233099852,49.9577482353],[-119.42330584902,49.95757052263],[-119.42326234835,49.95716596137],[-119.42346287749,49.95662892933],[-119.4235447425,49.95648520145],[-119.4245118749,49.95508313212],[-119.42503410051,49.95409218896],[-119.42527551784,49.95348329516],[-119.4252910595,49.95341900761],[-119.42590388982,49.95156592581],[-119.4261937958,49.95072384133],[-119.42629511608,49.94910296701],[-119.42630235794,49.94868326607],[-119.42643650573,49.94822568331],[-119.42645014541,49.94820172895],[-119.42658654133,49.94796218539],[-119.42669375901,49.9478108827],[-119.42732530701,49.94688668814],[-119.42792955044,49.94601040126],[-119.42817124059,49.94565988622],[-119.42923341707,49.94409014364],[-119.42982394256,49.94323780802],[-119.43016105039,49.94271961084],[-119.43038906667,49.94239304877],[-119.43044360831,49.9422972311],[-119.43116853639,49.94124568063],[-119.43331296886,49.9464709201],[-119.43727132773,49.94610407822],[-119.45283251593,49.94752026928],[-119.45291852326,49.9475542267],[-119.45392524642,49.94796929369],[-119.45905638261,49.94983643732],[-119.46282149139,49.95121685535],[-119.46286678548,49.95123319762],[-119.46275188078,49.95131522879],[-119.4625939346,49.95152453375],[-119.46232903192,49.95177376586],[-119.46212306104,49.95212868737],[-119.4618334384,49.95303465663],[-119.46184432928,49.9532322726],[-119.46191009098,49.95342044805],[-119.46217284588,49.95390872438],[-119.46280555886,49.95459667671],[-119.46275129693,49.95487741357],[-119.4624353176,49.95527019086],[-119.46233467268,49.95547131534],[-119.46233830637,49.95578546199],[-119.46261129743,49.95625577119],[-119.4629393617,49.95667183217],[-119.46328470171,49.95686296029],[-119.46362528784,49.95698092634],[-119.46380235761,49.95718456354],[-119.46391285337,49.95740710651],[-119.46383336215,49.95776002799],[-119.46385559196,49.95795624984],[-119.46390188419,49.95803787935],[-119.46454158052,49.95853581944],[-119.46464825126,49.95870580782],[-119.46464309535,49.95888535605],[-119.4644196293,49.95945634002],[-119.46435675571,49.95955767293],[-119.46390382284,49.95996155713],[-119.4638171874,49.96022512602],[-119.46371533677,49.96037092486],[-119.46301345681,49.96085318631],[-119.46254514472,49.96125071545],[-119.46244683132,49.96149589328],[-119.46229957912,49.96213657013],[-119.46216593149,49.96226601261],[-119.46196171107,49.96237875702],[-119.46173582195,49.96285199901],[-119.46166388841,49.96336574735],[-119.46179467576,49.96370455215],[-119.46176636033,49.9640193046],[-119.46163792535,49.96421182634],[-119.46141290529,49.96442227213],[-119.46077268809,49.96473292406],[-119.46047577917,49.96495490374],[-119.46042752232,49.96509164061],[-119.46041733014,49.96543379188],[-119.46032321481,49.96577715446],[-119.45983362002,49.96657879021],[-119.45980560454,49.96685963938],[-119.45977713369,49.96738028648],[-119.4596894195,49.96757157362],[-119.45899276292,49.96815364019],[-119.45870923385,49.96884297563],[-119.45842759379,49.96936965019],[-119.45808001009,49.96963061907],[-119.45777910533,49.9697891346],[-119.45770162016,49.96988090044],[-119.45758259376,49.97028838138],[-119.45748280133,49.97133451514],[-119.4573917654,49.97148900061],[-119.45691369757,49.9719311462],[-119.45672475197,49.97232072879],[-119.45662701956,49.97259256833],[-119.45634234513,49.97304853474],[-119.45629010081,49.97339230722],[-119.45623744826,49.97344781324],[-119.45592059058,49.97351760267],[-119.45514574826,49.97364961101],[-119.45429373421,49.97389316672],[-119.4537749057,49.97411973323],[-119.45335544568,49.97439020388],[-119.4533120006,49.9748944262],[-119.45311770505,49.97546558073],[-119.45310558118,49.975753608],[-119.45355880135,49.97675189881],[-119.45355710767,49.97697714699],[-119.45315899484,49.97762309751],[-119.45310842495,49.97803796337],[-119.45281674835,49.97830605936],[-119.45266529715,49.97861481454],[-119.45265024501,49.97885797415],[-119.45268680089,49.97905489422],[-119.4530224509,49.97960601302],[-119.45355808931,49.98025950423],[-119.45359358337,49.98041199355],[-119.45357188391,49.98055570771],[-119.45312208427,49.98103311871],[-119.4527587292,49.98129377741],[-119.45231539966,49.98188758735],[-119.4516433327,49.98237765693],[-119.45148330119,49.98256068689],[-119.45138050737,49.98272463622],[-119.45120849605,49.98317874659],[-119.4511307,49.98382847366],[-119.45104152119,49.98400923997],[-119.4509493682,49.98411929434],[-119.45032902861,49.98454616505],[-119.44989058356,49.98527572381],[-119.44964048783,49.98555027525],[-119.44952804402,49.98578671159],[-119.44911635416,49.98620994324],[-119.44878822093,49.98688268995],[-119.44861828329,49.9873719692],[-119.44847539155,49.98758964819],[-119.44813439615,49.9886053319],[-119.44783264238,49.98892612087],[-119.4476269475,49.98928187688],[-119.44752053584,49.98967064431],[-119.44747302246,49.99008558526],[-119.44736034448,49.99036683498],[-119.44734057805,49.99108674187],[-119.44739217376,49.99128315633],[-119.44768544152,49.99184399292],[-119.44803520074,49.99213339072],[-119.44800531877,49.99235810575],[-119.44773693156,49.99255357437],[-119.44755384237,49.99282700344],[-119.44724703532,49.99391402287],[-119.44669160119,49.9949598917],[-119.44682283343,49.99523496917],[-119.44683467326,49.99539750857],[-119.44715417819,49.99565119972],[-119.44716086558,49.99577649386],[-119.4469037429,49.99594472572],[-119.44575781215,49.99646275119],[-119.44480231656,49.99714071241],[-119.4442812309,49.9976094662],[-119.44388442512,49.99803217792],[-119.44322651327,49.99893554772],[-119.44293418943,49.99940066174],[-119.44260290217,49.99978790063],[-119.4424856406,50.00016596981],[-119.44247718368,50.00069554451],[-119.4425020253,50.00186654314],[-119.4422836344,50.0025184248],[-119.44227243316,50.00287877182],[-119.44201581378,50.00331631959],[-119.44181906535,50.00354507014],[-119.44163311709,50.00402517483],[-119.44171406615,50.00451813477],[-119.4417246133,50.00473476053],[-119.44168005459,50.00492407127],[-119.4413282756,50.00542679891],[-119.44106293978,50.00570186289],[-119.44096291048,50.00578419172]],[[-119.43426741031,49.97200915318],[-119.43429993011,49.97199646459],[-119.43434061555,49.9719564819],[-119.4343651406,49.97176720916],[-119.43484942665,49.97139796023],[-119.43511510442,49.97139224041],[-119.43541122936,49.97148481494],[-119.43563472419,49.97149765012],[-119.43578490542,49.97143194432],[-119.43586139456,49.97129576505],[-119.43582391959,49.97108025313],[-119.43539989823,49.97068481574],[-119.43494705324,49.97003648776],[-119.43457123613,49.9697748127],[-119.43456887417,49.96945138481],[-119.43473668976,49.96916963009],[-119.4347572741,49.96902428797],[-119.43441361254,49.96882460583],[-119.43393093666,49.96838603333],[-119.43371489773,49.96825464562],[-119.43294118061,49.96801628638],[-119.4329044565,49.96802525874],[-119.43267907554,49.96817306121],[-119.43244801629,49.96850848281],[-119.43225481168,49.96874411685],[-119.4317693798,49.96919124554],[-119.43070511365,49.96978128389],[-119.43016591128,49.96996009058],[-119.42963916796,49.97037975794],[-119.42951861207,49.97073388952],[-119.42938078487,49.97124231063],[-119.42939547147,49.97126278415],[-119.4295500364,49.97131708004],[-119.42987081974,49.97157729627],[-119.43041442071,49.97171832683],[-119.43108826309,49.97211180612],[-119.43120593587,49.97225863953],[-119.43134610433,49.9723530241],[-119.4313503332,49.9725028895],[-119.43143180807,49.97255413967],[-119.43149927725,49.97258371863],[-119.43165468305,49.97260694073],[-119.43177976545,49.97260938394],[-119.43180828779,49.9726018665],[-119.43189309514,49.97252883336],[-119.43224424997,49.97243597057],[-119.43279135862,49.97223590735],[-119.4330709619,49.97206695555],[-119.43316179116,49.97197223786],[-119.43349368802,49.97194278378],[-119.43404524293,49.9720346948],[-119.43426741031,49.97200915318]]]]},"properties":{"a": "14.0053", "q": "0", "t": "DA", "dw": "625", "hh": "526", "id": "59350022", "pop": "1266", "name": "59350022", "rgid": "5935", "rpid": "5935010", "ruid": "9150019.03", "rguid": "59915"}},{"type":"Feature","geometry":{"type":"MultiPolygon","coordinates":[[[[-119.43782995137,49.92828054039],[-119.43958661399,49.92922704099],[-119.43978201308,49.9293277249],[-119.4400985967,49.92951150041],[-119.44112446631,49.93004008217],[-119.44169141742,49.93048706951],[-119.44188494547,49.93062807971],[-119.44224287428,49.93099833947],[-119.4423485606,49.93114571434],[-119.44246410907,49.93134979429],[-119.44259938198,49.93166728459],[-119.44266841437,49.93206422106],[-119.44273083189,49.93313919377],[-119.44273356085,49.93468934274],[-119.44274764145,49.93492374621],[-119.44275938566,49.93494012136],[-119.44302289326,49.93599479222],[-119.44301536794,49.9361561155],[-119.44346029367,49.93600329122],[-119.44505908696,49.93471029483],[-119.44575389038,49.93241478946],[-119.44640631634,49.92941610112],[-119.44672900007,49.92866347426],[-119.44734751635,49.92639074954],[-119.44759115725,49.92411077167],[-119.45148204039,49.92433953328],[-119.45176733249,49.92843007762],[-119.45034157029,49.93112317489],[-119.45291852326,49.9475542267],[-119.45283251593,49.94752026928],[-119.43727132773,49.94610407822],[-119.43331296886,49.9464709201],[-119.43116853639,49.94124568063],[-119.43216420868,49.93975537101],[-119.43220700132,49.93964317656],[-119.4325728165,49.9387783751],[-119.43264665607,49.93853761009],[-119.43293633174,49.93769554405],[-119.43312489821,49.93714215238],[-119.43330967782,49.93666942284],[-119.4336167392,49.93572274483],[-119.43365952367,49.93561055134],[-119.43375872305,49.93536221013],[-119.43374698231,49.93534583388],[-119.43390259465,49.93496134518],[-119.43393363687,49.93483277566],[-119.43414943787,49.9342314791],[-119.43426604101,49.93387852365],[-119.43432434183,49.93370204603],[-119.43468587657,49.93265955788],[-119.43511742736,49.93145697137],[-119.43518935004,49.9312565406],[-119.4355239939,49.93052032141],[-119.43568564654,49.93027320167],[-119.43588629356,49.92999454928],[-119.43608505001,49.92975622656],[-119.43634816744,49.92947879237],[-119.43680248126,49.92912435307],[-119.43754337102,49.92852522656],[-119.43782995137,49.92828054039]]]]},"properties":{"a": "2.4501", "q": "0", "t": "DA", "dw": "632", "hh": "600", "id": "59350023", "pop": "1815", "name": "59350023", "rgid": "5935", "rpid": "5935010", "ruid": "9150019.03", "rguid": "59915"}},{"type":"Feature","geometry":{"type":"MultiPolygon","coordinates":[[[[-119.43958661399,49.92922704099],[-119.43782995137,49.92828054039],[-119.43717145961,49.9279205542],[-119.43682953475,49.92774434894],[-119.43777898596,49.92696360608],[-119.43781986392,49.92689174364],[-119.43777667633,49.92674558369],[-119.43741127928,49.92653663064],[-119.437352581,49.92645475409],[-119.43744796323,49.92628707577],[-119.43803283014,49.92581408237],[-119.43863071018,49.92613251381],[-119.43892378357,49.92628354074],[-119.43928353238,49.92661347622],[-119.43965082386,49.92678209294],[-119.44022336495,49.92710809513],[-119.4418353658,49.92793871025],[-119.44243330626,49.92825712097],[-119.44319143265,49.92862708105],[-119.44337509504,49.92871138288],[-119.44202217438,49.92983149006],[-119.44195781594,49.92987060507],[-119.44169007272,49.92971200534],[-119.44058012872,49.92910913434],[-119.44027528755,49.92894173574],[-119.44020107113,49.92892414461],[-119.44008974662,49.92889775782],[-119.43998827964,49.9289280758],[-119.43958661399,49.92922704099]]]]},"properties":{"a": "0.0894", "q": "0", "t": "DA", "dw": "133", "hh": "128", "id": "59350024", "pop": "374", "name": "59350024", "rgid": "5935", "rpid": "5935010", "ruid": "9150019.04", "rguid": "59915"}},{"type":"Feature","geometry":{"type":"MultiPolygon","coordinates":[[[[-119.44022336495,49.92710809513],[-119.43965082386,49.92678209294],[-119.43928353238,49.92661347622],[-119.43892378357,49.92628354074],[-119.43863071018,49.92613251381],[-119.43891915225,49.92584749721],[-119.4390342373,49.92579322644],[-119.44047405788,49.92415011328],[-119.44089117343,49.9237868664],[-119.44127018671,49.92397185015],[-119.44150455128,49.92404099471],[-119.44196530561,49.92408224935],[-119.44297276724,49.9241987155],[-119.44328134527,49.92428544465],[-119.44401829363,49.92376693775],[-119.44422495513,49.9236256363],[-119.44427568052,49.92361047543],[-119.44481017385,49.92341095563],[-119.44549683528,49.92316594872],[-119.4456645065,49.92305618017],[-119.44588337531,49.92318959806],[-119.44599281025,49.92325630685],[-119.44647141295,49.92345127578],[-119.44655361005,49.92356589413],[-119.44650196507,49.92413808349],[-119.4460449856,49.92508991975],[-119.4458946838,49.92509507594],[-119.44449641102,49.92477729445],[-119.44422305234,49.92473969214],[-119.44387172388,49.92476515947],[-119.44390694917,49.92481428278],[-119.44394873901,49.92525911856],[-119.44392947733,49.9254040614],[-119.44383458529,49.92583009623],[-119.4435875046,49.92630161375],[-119.44314126101,49.92675311448],[-119.44270162344,49.92652659223],[-119.44268988166,49.92651021755],[-119.44241696585,49.92673096158],[-119.44205432812,49.92699839968],[-119.44192750206,49.92703629941],[-119.44177907475,49.92700111983],[-119.44109520374,49.92664874135],[-119.4409721437,49.92660598089],[-119.44080632851,49.92667541335],[-119.44022336495,49.92710809513]]]]},"properties":{"a": "0.1241", "q": "0", "t": "DA", "dw": "123", "hh": "123", "id": "59350025", "pop": "377", "name": "59350025", "rgid": "5935", "rpid": "5935010", "ruid": "9150019.04", "rguid": "59915"}},{"type":"Feature","geometry":{"type":"MultiPolygon","coordinates":[[[[-119.43958661399,49.92922704099],[-119.43998827964,49.9289280758],[-119.44008974662,49.92889775782],[-119.44020107113,49.92892414461],[-119.44027528755,49.92894173574],[-119.44058012872,49.92910913434],[-119.44169007272,49.92971200534],[-119.44195781594,49.92987060507],[-119.44202217438,49.92983149006],[-119.44337509504,49.92871138288],[-119.44319143265,49.92862708105],[-119.44243330626,49.92825712097],[-119.4418353658,49.92793871025],[-119.44022336495,49.92710809513],[-119.44080632851,49.92667541335],[-119.4409721437,49.92660598089],[-119.44109520374,49.92664874135],[-119.44177907475,49.92700111983],[-119.44192750206,49.92703629941],[-119.44205432812,49.92699839968],[-119.44241696585,49.92673096158],[-119.44268988166,49.92651021755],[-119.44270162344,49.92652659223],[-119.44314126101,49.92675311448],[-119.4435875046,49.92630161375],[-119.44383458529,49.92583009623],[-119.44392947733,49.9254040614],[-119.44394873901,49.92525911856],[-119.44390694917,49.92481428278],[-119.44387172388,49.92476515947],[-119.44422305234,49.92473969214],[-119.44449641102,49.92477729445],[-119.4458946838,49.92509507594],[-119.4460449856,49.92508991975],[-119.44650196507,49.92413808349],[-119.44655361005,49.92356589413],[-119.44647141295,49.92345127578],[-119.44599281025,49.92325630685],[-119.44588337531,49.92318959806],[-119.4456645065,49.92305618017],[-119.44584579679,49.92292245645],[-119.44612054653,49.92266137687],[-119.44612430186,49.9225807189],[-119.44637696322,49.92198821442],[-119.44651267738,49.92149031816],[-119.44667374887,49.92098484159],[-119.44670098651,49.92093693183],[-119.44689164822,49.92060156355],[-119.44711940866,49.920274988],[-119.44807786959,49.91929252353],[-119.44835445616,49.91899111252],[-119.44951472903,49.91743130052],[-119.44950673534,49.91733427055],[-119.45033280189,49.9175843866],[-119.4501947719,49.91786426599],[-119.44984075708,49.91848709874],[-119.44831328219,49.92095205379],[-119.44811561642,49.92170708763],[-119.44804002206,49.92198817901],[-119.44799541527,49.92214070236],[-119.44779398585,49.92297639682],[-119.44759115725,49.92411077167],[-119.44734751635,49.92639074954],[-119.44672900007,49.92866347426],[-119.44640631634,49.92941610112],[-119.44575389038,49.93241478946],[-119.44505908696,49.93471029483],[-119.44346029367,49.93600329122],[-119.44301536794,49.9361561155],[-119.44302289326,49.93599479222],[-119.44275938566,49.93494012136],[-119.44274764145,49.93492374621],[-119.44273356085,49.93468934274],[-119.44273083189,49.93313919377],[-119.44266841437,49.93206422106],[-119.44259938198,49.93166728459],[-119.44246410907,49.93134979429],[-119.4423485606,49.93114571434],[-119.44224287428,49.93099833947],[-119.44188494547,49.93062807971],[-119.44169141742,49.93048706951],[-119.44112446631,49.93004008217],[-119.4400985967,49.92951150041],[-119.43978201308,49.9293277249],[-119.43958661399,49.92922704099]]]]},"properties":{"a": "0.4093", "q": "0", "t": "DA", "dw": "290", "hh": "281", "id": "59350026", "pop": "792", "name": "59350026", "rgid": "5935", "rpid": "5935010", "ruid": "9150019.04", "rguid": "59915"}},{"type":"Feature","geometry":{"type":"MultiPolygon","coordinates":[[[[-119.44253095816,49.92160673243],[-119.44326502319,49.92168558723],[-119.44347639871,49.92090660876],[-119.44375068894,49.92038719155],[-119.44392399264,49.92015644123],[-119.44517557566,49.92039872339],[-119.44541368294,49.92038720048],[-119.44550338367,49.92034050383],[-119.44579737097,49.91993448705],[-119.44678309177,49.91890412718],[-119.44807786959,49.91929252353],[-119.44711940866,49.920274988],[-119.44689164822,49.92060156355],[-119.44670098651,49.92093693183],[-119.44667374887,49.92098484159],[-119.44651267738,49.92149031816],[-119.44637696322,49.92198821442],[-119.44612430186,49.9225807189],[-119.44612054653,49.92266137687],[-119.44584579679,49.92292245645],[-119.4456645065,49.92305618017],[-119.44549683528,49.92316594872],[-119.44481017385,49.92341095563],[-119.44427568052,49.92361047543],[-119.44422495513,49.9236256363],[-119.44401829363,49.92376693775],[-119.44328134527,49.92428544465],[-119.44297276724,49.9241987155],[-119.44196530561,49.92408224935],[-119.44207383541,49.92363226446],[-119.44221713328,49.92297305538],[-119.44253095816,49.92160673243]]]]},"properties":{"a": "0.1145", "q": "0", "t": "DA", "dw": "134", "hh": "130", "id": "59350027", "pop": "415", "name": "59350027", "rgid": "5935", "rpid": "5935010", "ruid": "9150019.04", "rguid": "59915"}},{"type":"Feature","geometry":{"type":"MultiPolygon","coordinates":[[[[-119.44603397666,49.91592682188],[-119.44641481764,49.91607145271],[-119.4472042244,49.9165711434],[-119.4473624833,49.91666301525],[-119.44831156179,49.91695589869],[-119.44936021085,49.91725877529],[-119.44950673534,49.91733427055],[-119.44951472903,49.91743130052],[-119.44835445616,49.91899111252],[-119.44807786959,49.91929252353],[-119.44678309177,49.91890412718],[-119.44579737097,49.91993448705],[-119.44550338367,49.92034050383],[-119.44541368294,49.92038720048],[-119.44517557566,49.92039872339],[-119.44392399264,49.92015644123],[-119.44375068894,49.92038719155],[-119.44347639871,49.92090660876],[-119.44326502319,49.92168558723],[-119.44253095816,49.92160673243],[-119.44270712673,49.9207786327],[-119.44264842612,49.92069676096],[-119.44291896402,49.92025800361],[-119.44316601602,49.91978649773],[-119.44321861745,49.91973100907],[-119.44337454066,49.91960487152],[-119.44374462392,49.9191761216],[-119.44389068297,49.91899328091],[-119.44421191552,49.91853936219],[-119.44442606662,49.91823674953],[-119.44603397666,49.91592682188]]]]},"properties":{"a": "0.1211", "q": "0", "t": "DA", "dw": "102", "hh": "101", "id": "59350028", "pop": "272", "name": "59350028", "rgid": "5935", "rpid": "5935010", "ruid": "9150019.04", "rguid": "59915"}},{"type":"Feature","geometry":{"type":"MultiPolygon","coordinates":[[[[-119.44045732246,49.91433300578],[-119.44280043999,49.91502442312],[-119.44349165176,49.91521546385],[-119.4438489991,49.91532735634],[-119.44441719056,49.91547563542],[-119.4449600285,49.9156314917],[-119.44512015709,49.91568303887],[-119.44523144902,49.91570941876],[-119.44558880539,49.91582130513],[-119.44588558598,49.91589164985],[-119.44603397666,49.91592682188],[-119.44442606662,49.91823674953],[-119.44421191552,49.91853936219],[-119.44389068297,49.91899328091],[-119.44374462392,49.9191761216],[-119.44337454066,49.91960487152],[-119.44321861745,49.91973100907],[-119.44316601602,49.91978649773],[-119.44291896402,49.92025800361],[-119.44264842612,49.92069676096],[-119.44270712673,49.9207786327],[-119.44253095816,49.92160673243],[-119.44221713328,49.92297305538],[-119.44207383541,49.92363226446],[-119.44196530561,49.92408224935],[-119.44150455128,49.92404099471],[-119.44127018671,49.92397185015],[-119.44089117343,49.9237868664],[-119.43916993143,49.9228895317],[-119.43906050856,49.92282281542],[-119.43892572289,49.92276367808],[-119.43838846936,49.92248679817],[-119.43783948446,49.9221935406],[-119.437485866,49.92200096614],[-119.43703457233,49.92175804733],[-119.43532523686,49.92087702686],[-119.43405549228,49.92022253706],[-119.4343923578,49.91970436704],[-119.43530793964,49.91857587151],[-119.43571897069,49.91807529408],[-119.43601870059,49.91754832546],[-119.43647813065,49.91681457548],[-119.43664161031,49.91652713805],[-119.43709577834,49.91617271343],[-119.43733952138,49.91604022652],[-119.43747994026,49.91597838096],[-119.43857603265,49.91553151639],[-119.43890758002,49.9153926641],[-119.43920391363,49.91520468744],[-119.43926825171,49.91516557623],[-119.43959370772,49.91488936406],[-119.43986656001,49.91466863699],[-119.44020186227,49.91444912533],[-119.44045732246,49.91433300578]]]]},"properties":{"a": "0.4986", "q": "0", "t": "DA", "dw": "775", "hh": "757", "id": "59350029", "pop": "1859", "name": "59350029", "rgid": "5935", "rpid": "5935010", "ruid": "9150019.04", "rguid": "59915"}},{"type":"Feature","geometry":{"type":"MultiPolygon","coordinates":[[[[-119.43405549228,49.92022253706],[-119.43532523686,49.92087702686],[-119.43703457233,49.92175804733],[-119.437485866,49.92200096614],[-119.43783948446,49.9221935406],[-119.43838846936,49.92248679817],[-119.43892572289,49.92276367808],[-119.43906050856,49.92282281542],[-119.43916993143,49.9228895317],[-119.44089117343,49.9237868664],[-119.44047405788,49.92415011328],[-119.4390342373,49.92579322644],[-119.43891915225,49.92584749721],[-119.43863071018,49.92613251381],[-119.43803283014,49.92581408237],[-119.43744796323,49.92628707577],[-119.437352581,49.92645475409],[-119.43741127928,49.92653663064],[-119.43777667633,49.92674558369],[-119.43781986392,49.92689174364],[-119.43777898596,49.92696360608],[-119.43682953475,49.92774434894],[-119.43548534277,49.92707226827],[-119.43538765374,49.92702192249],[-119.43528996495,49.92697157664],[-119.43403177073,49.92633344815],[-119.43346913731,49.92606411583],[-119.43322492736,49.92593824668],[-119.43207621485,49.92536681887],[-119.43124593574,49.92493885082],[-119.43102521257,49.9248457286],[-119.43076928085,49.92470347794],[-119.43065948802,49.92437840218],[-119.4308094094,49.92411491976],[-119.43118383132,49.92386390164],[-119.43163245178,49.92363047962],[-119.43167144527,49.92359894941],[-119.43301577739,49.92319734898],[-119.43339017746,49.92294632328],[-119.43340380469,49.92292237007],[-119.43394550098,49.92230324688],[-119.43402537135,49.9221998562],[-119.43403899796,49.92217590297],[-119.43411657793,49.92185449351],[-119.43405520323,49.92129625088],[-119.4340032776,49.92053636693],[-119.43405549228,49.92022253706]]]]},"properties":{"a": "0.2896", "q": "0", "t": "DA", "dw": "413", "hh": "393", "id": "59350030", "pop": "1123", "name": "59350030", "rgid": "5935", "rpid": "5935010", "ruid": "9150019.04", "rguid": "59915"}},{"type":"Feature","geometry":{"type":"MultiPolygon","coordinates":[[[[-119.42309328957,49.91218510276],[-119.42489429197,49.91349598395],[-119.42510924658,49.91371009816],[-119.42519740232,49.91396208854],[-119.42523483834,49.91422922965],[-119.42522103375,49.91558521397],[-119.4253035008,49.91595818881],[-119.42602330353,49.9171348202],[-119.42634008313,49.91757697546],[-119.42653160095,49.91775833737],[-119.4267738453,49.91792454746],[-119.42709217895,49.91806802946],[-119.42818763454,49.91843663688],[-119.42860742698,49.91854980952],[-119.42925548336,49.91859479267],[-119.43054554402,49.91854738615],[-119.43110199707,49.91867936802],[-119.43139688154,49.91879008525],[-119.43145744889,49.91883163498],[-119.43275058067,49.91951890601],[-119.43383667771,49.92008909427],[-119.43405549228,49.92022253706],[-119.4340032776,49.92053636693],[-119.43405520323,49.92129625088],[-119.43411657793,49.92185449351],[-119.43403899796,49.92217590297],[-119.43402537135,49.9221998562],[-119.43394550098,49.92230324688],[-119.43340380469,49.92292237007],[-119.43339017746,49.92294632328],[-119.43301577739,49.92319734898],[-119.43167144527,49.92359894941],[-119.43163245178,49.92363047962],[-119.43118383132,49.92386390164],[-119.4308094094,49.92411491976],[-119.43065948802,49.92437840218],[-119.43076928085,49.92470347794],[-119.43102521257,49.9248457286],[-119.43124593574,49.92493885082],[-119.43207621485,49.92536681887],[-119.43322492736,49.92593824668],[-119.43346913731,49.92606411583],[-119.43403177073,49.92633344815],[-119.43528996495,49.92697157664],[-119.43538765374,49.92702192249],[-119.43548534277,49.92707226827],[-119.43682953475,49.92774434894],[-119.43717145961,49.9279205542],[-119.43782995137,49.92828054039],[-119.43754337102,49.92852522656],[-119.43680248126,49.92912435307],[-119.43634816744,49.92947879237],[-119.43608505001,49.92975622656],[-119.43588629356,49.92999454928],[-119.43568564654,49.93027320167],[-119.4355239939,49.93052032141],[-119.43518935004,49.9312565406],[-119.43511742736,49.93145697137],[-119.43468587657,49.93265955788],[-119.43432434183,49.93370204603],[-119.43426604101,49.93387852365],[-119.43414943787,49.9342314791],[-119.43393363687,49.93483277566],[-119.43390259465,49.93496134518],[-119.43374698231,49.93534583388],[-119.43375872305,49.93536221013],[-119.43365952367,49.93561055134],[-119.4336167392,49.93572274483],[-119.43330967782,49.93666942284],[-119.43312489821,49.93714215238],[-119.43293633174,49.93769554405],[-119.43264665607,49.93853761009],[-119.4325728165,49.9387783751],[-119.43220700132,49.93964317656],[-119.43216420868,49.93975537101],[-119.43116853639,49.94124568063],[-119.43044360831,49.9422972311],[-119.43038906667,49.94239304877],[-119.43016105039,49.94271961084],[-119.42982394256,49.94323780802],[-119.42923341707,49.94409014364],[-119.42817124059,49.94565988622],[-119.42792955044,49.94601040126],[-119.42732530701,49.94688668814],[-119.42669375901,49.9478108827],[-119.42658654133,49.94796218539],[-119.42645014541,49.94820172895],[-119.42643650573,49.94822568331],[-119.42630235794,49.94868326607],[-119.42629511608,49.94910296701],[-119.4261937958,49.95072384133],[-119.42590388982,49.95156592581],[-119.4252910595,49.95341900761],[-119.42527551784,49.95348329516],[-119.42503410051,49.95409218896],[-119.4245118749,49.95508313212],[-119.4235447425,49.95648520145],[-119.42346287749,49.95662892933],[-119.42326234835,49.95716596137],[-119.42330584902,49.95757052263],[-119.4233099852,49.9577482353],[-119.42349887606,49.95878543648],[-119.42357761128,49.95923913639],[-119.42357134306,49.96043399792],[-119.42355780234,49.9620485841],[-119.42378128173,49.96261816875],[-119.42399078411,49.96295332478],[-119.42297101118,49.96307865405],[-119.42090827712,49.96355490721],[-119.41781995756,49.96427739741],[-119.41740383825,49.96434187775],[-119.41622621327,49.96489197443],[-119.41448742233,49.96513224629],[-119.41249254941,49.96338113567],[-119.4122697492,49.96332829301],[-119.41285352217,49.96289572202],[-119.41359755457,49.96251475507],[-119.41348671273,49.96115608419],[-119.41368356671,49.960699732],[-119.41433144361,49.95996967368],[-119.41483324573,49.95968081779],[-119.41427654406,49.95795810779],[-119.41412119664,49.95701036462],[-119.4141397533,49.95609027585],[-119.41373545345,49.95432214325],[-119.41242683685,49.95262498962],[-119.41227590342,49.95211334519],[-119.4122331145,49.95037658589],[-119.41174836246,49.95004405604],[-119.41148251737,49.94984503091],[-119.41042515626,49.9491863005],[-119.4101942787,49.94877804012],[-119.40977891562,49.94540300894],[-119.40928963844,49.94226876622],[-119.40923870268,49.94140926547],[-119.40941479969,49.94142430266],[-119.41015844617,49.94151852975],[-119.41044932657,49.94151822309],[-119.41075731015,49.94143428649],[-119.41093254578,49.94149830185],[-119.41114547523,49.94146658019],[-119.41117339304,49.94145825056],[-119.41123779897,49.94141915407],[-119.41128364815,49.94137565413],[-119.41131495171,49.94133550005],[-119.41127626262,49.94121484071],[-119.41125740499,49.94100576202],[-119.41110325194,49.94073466887],[-119.41103215733,49.94042686644],[-119.41114420077,49.94008231378],[-119.4111686275,49.93960685142],[-119.41112321863,49.93920590288],[-119.41115629902,49.93909640904],[-119.41161603363,49.93885111084],[-119.41246300498,49.9373367583],[-119.41269949945,49.93731711552],[-119.41298853471,49.93735511527],[-119.41333026187,49.93736347421],[-119.41343924633,49.93729417326],[-119.41349477596,49.93717820148],[-119.41343575683,49.93694532405],[-119.41327788023,49.93666043951],[-119.41313489129,49.93632538879],[-119.4131485542,49.93594458486],[-119.41301304585,49.93557052552],[-119.41297768775,49.93536637354],[-119.41290363784,49.93522645016],[-119.41266156264,49.93517444113],[-119.41250268377,49.93504293476],[-119.41222692651,49.93498904863],[-119.41204352646,49.93503185001],[-119.41181672648,49.93511940958],[-119.41190259121,49.93487809107],[-119.41185048441,49.93471074664],[-119.41171750236,49.93460033816],[-119.41149639432,49.93459267025],[-119.41140071973,49.93442251771],[-119.41156470376,49.93439346284],[-119.41258735617,49.93392924571],[-119.4130083714,49.93322708699],[-119.41303565644,49.9331791845],[-119.41307658389,49.93310733077],[-119.41338817581,49.93233842497],[-119.41341545982,49.93229052252],[-119.41345829591,49.93217833915],[-119.41380697841,49.93141824023],[-119.41385963442,49.93136276501],[-119.413964946,49.93125181451],[-119.41418348031,49.93112695076],[-119.4146382817,49.93103096719],[-119.41462627188,49.93075623338],[-119.41482133786,49.93059861192],[-119.41491300437,49.93051161197],[-119.41529931372,49.93027702682],[-119.4159938964,49.92987090198],[-119.4162904394,49.92968298476],[-119.41634308982,49.92962750854],[-119.41650104024,49.92946107979],[-119.41663552502,49.92926189501],[-119.41706624882,49.92861643756],[-119.41754960568,49.92791550315],[-119.41759814368,49.92768233222],[-119.41761178169,49.9276583808],[-119.41756074508,49.92741517565],[-119.41697576989,49.92629760844],[-119.41690728782,49.92615901314],[-119.41681314531,49.92576964027],[-119.41693177989,49.92537638695],[-119.41726127931,49.9250195812],[-119.41807657884,49.92443821781],[-119.41985993219,49.92374672725],[-119.41972486118,49.92342921454],[-119.41961706291,49.92306379938],[-119.41949151515,49.92254464471],[-119.41946872284,49.92143817198],[-119.41949347177,49.92091390446],[-119.41954389413,49.92064041007],[-119.41956514329,49.92045514625],[-119.41966598526,49.9199081585],[-119.41986004801,49.91897549767],[-119.41983658699,49.91894274374],[-119.41990254156,49.91860497216],[-119.41994884068,49.91815379138],[-119.41996153991,49.91735480946],[-119.4199808824,49.91720987539],[-119.41996091711,49.91683812331],[-119.41994635013,49.9160870466],[-119.41991687028,49.91591693359],[-119.41996538066,49.91568377126],[-119.42001579345,49.91541028162],[-119.42015402083,49.91513044695],[-119.4203274349,49.91489974238],[-119.42036642878,49.9148682176],[-119.42133110821,49.91376505025],[-119.42250431655,49.9124803002],[-119.4226739058,49.9123302478],[-119.42309328957,49.91218510276]]]]},"properties":{"a": "6.0465", "q": "0", "t": "DA", "dw": "373", "hh": "344", "id": "59350031", "pop": "823", "name": "59350031", "rgid": "5935", "rpid": "5935010", "ruid": "9150019.01", "rguid": "59915"}},{"type":"Feature","geometry":{"type":"MultiPolygon","coordinates":[[[[-119.42639238081,49.89865547157],[-119.4267650562,49.8987031441],[-119.42703633036,49.89878111667],[-119.4272920877,49.89892336415],[-119.42752060133,49.89911351182],[-119.4280305929,49.89969665658],[-119.42827273682,49.89986285249],[-119.42852850516,49.90000509729],[-119.42855385618,49.89999752152],[-119.42883687099,49.90009186433],[-119.4288485997,49.90010823915],[-119.42912178043,49.90014588087],[-119.42945928555,49.90014441908],[-119.42976160337,49.90009383202],[-119.43004046212,49.90001049471],[-119.43006581286,49.90000291855],[-119.43038742648,49.89980740236],[-119.43089973032,49.89927657293],[-119.4311687431,49.89913653276],[-119.43149829226,49.89903803874],[-119.43187475819,49.89900504123],[-119.43275104841,49.89924013544],[-119.4331725466,49.89931295558],[-119.43388273432,49.89935912561],[-119.43434698054,49.89931976137],[-119.43471360374,49.8992300534],[-119.43602568815,49.89869867317],[-119.43644677167,49.89851315281],[-119.43674488057,49.89828486926],[-119.43691624481,49.89809447444],[-119.43769280719,49.89698755744],[-119.43792847216,49.89675805401],[-119.43807070864,49.89665588661],[-119.43902361585,49.89605289037],[-119.43954981025,49.89575639484],[-119.44017173452,49.89555055742],[-119.44041346328,49.89545839749],[-119.44127146027,49.89528136797],[-119.44158546017,49.89524711853],[-119.44187223336,49.89526077222],[-119.44225474837,49.89536508361],[-119.44248707145,49.895474544],[-119.44268043733,49.89561553538],[-119.44283484607,49.89578805804],[-119.44291321849,49.89598331867],[-119.44292307205,49.89604001675],[-119.44291555365,49.8962013175],[-119.44288644836,49.89628954728],[-119.44284373002,49.89640172936],[-119.44237666897,49.897038433],[-119.44223865382,49.89731828114],[-119.44222361111,49.89764088407],[-119.44226490361,49.89782735262],[-119.44238502288,49.89846740988],[-119.44245775777,49.89878364934],[-119.442477465,49.89889704671],[-119.44266754103,49.89937701787],[-119.4429256916,49.89973722657],[-119.44297262855,49.89980271903],[-119.44318760572,49.90001678354],[-119.44330682963,49.90014018877],[-119.44373069548,49.900430966],[-119.44419352947,49.90069020905],[-119.44442776616,49.90075934103],[-119.44468547409,49.90086121842],[-119.44486901543,49.90094550928],[-119.4460402197,49.90129115606],[-119.44670961916,49.90140909334],[-119.44741985831,49.90145516608],[-119.44813384851,49.90142058163],[-119.44974675341,49.90113702439],[-119.45003544327,49.90111032855],[-119.45072220552,49.90112363273],[-119.45090950439,49.90112726031],[-119.45084757692,49.9013843798],[-119.4506471711,49.90166303478],[-119.45030828378,49.90196322447],[-119.44949575987,49.90250448262],[-119.44938075388,49.90255876119],[-119.44872779806,49.9028932216],[-119.44834381171,49.90308758904],[-119.44803587004,49.90325921253],[-119.44768146274,49.90362367481],[-119.44725335771,49.90422888322],[-119.44711958543,49.90468642399],[-119.447151528,49.90507452767],[-119.44723792462,49.90536681726],[-119.44759804214,49.90595503106],[-119.44767270582,49.90623094824],[-119.44772014365,49.90655477326],[-119.44757650636,49.90695561859],[-119.44736243729,49.90725822617],[-119.4470939085,49.90765664889],[-119.44660941763,49.90839800552],[-119.44652960576,49.90850140142],[-119.44620472339,49.9090359659],[-119.44589109635,49.90932856757],[-119.44556572675,49.90960479517],[-119.44543520214,49.90972335141],[-119.44496756116,49.91010176022],[-119.44472810202,49.91041194567],[-119.44457033923,49.91057840858],[-119.4441266197,49.91124789923],[-119.44407215119,49.91134371408],[-119.4438293807,49.91199289176],[-119.44362699585,49.91231187028],[-119.44335463793,49.91279094493],[-119.44315788589,49.91298894062],[-119.44285970591,49.91321725532],[-119.4423079549,49.91352136632],[-119.44066206611,49.91423204415],[-119.44045732246,49.91433300578],[-119.44020186227,49.91444912533],[-119.43986656001,49.91466863699],[-119.43959370772,49.91488936406],[-119.43926825171,49.91516557623],[-119.43920391363,49.91520468744],[-119.43890758002,49.9153926641],[-119.43857603265,49.91553151639],[-119.43747994026,49.91597838096],[-119.43733952138,49.91604022652],[-119.43709577834,49.91617271343],[-119.43664161031,49.91652713805],[-119.43647813065,49.91681457548],[-119.43601870059,49.91754832546],[-119.43571897069,49.91807529408],[-119.43530793964,49.91857587151],[-119.4343923578,49.91970436704],[-119.43405549228,49.92022253706],[-119.43383667771,49.92008909427],[-119.43275058067,49.91951890601],[-119.43145744889,49.91883163498],[-119.43139688154,49.91879008525],[-119.43110199707,49.91867936802],[-119.43054554402,49.91854738615],[-119.42925548336,49.91859479267],[-119.42860742698,49.91854980952],[-119.42818763454,49.91843663688],[-119.42709217895,49.91806802946],[-119.4267738453,49.91792454746],[-119.42653160095,49.91775833737],[-119.42634008313,49.91757697546],[-119.42602330353,49.9171348202],[-119.4253035008,49.91595818881],[-119.42522103375,49.91558521397],[-119.42523483834,49.91422922965],[-119.42519740232,49.91396208854],[-119.42510924658,49.91371009816],[-119.42489429197,49.91349598395],[-119.42309328957,49.91218510276],[-119.42895151587,49.90936150792],[-119.42841297492,49.90938324931],[-119.42791531121,49.90933313382],[-119.42777869079,49.90931431078],[-119.4276927843,49.90928033597],[-119.42755805944,49.90922118587],[-119.42747215333,49.90918721088],[-119.42730223707,49.90907893397],[-119.42707177327,49.90892910585],[-119.42691548545,49.90879687721],[-119.42676109468,49.90862432175],[-119.42672779984,49.90853486846],[-119.42648525869,49.90811032865],[-119.4262585963,49.90787984606],[-119.42601641327,49.90771364054],[-119.42589532249,49.90763053759],[-119.42602589684,49.90751200811],[-119.42614474072,49.90737710295],[-119.42618751608,49.90726492381],[-119.42628289932,49.90709726754],[-119.42625908903,49.90680618261],[-119.42613989699,49.90668275387],[-119.42555602315,49.90634031755],[-119.42507737559,49.90588692564],[-119.42501079783,49.90570801965],[-119.42498130446,49.90553791433],[-119.42501424997,49.90536903468],[-119.42526331526,49.90485727216],[-119.42577350362,49.90410845459],[-119.4258450757,49.90364971875],[-119.42588370612,49.90335986226],[-119.42588939606,49.90323888464],[-119.42565068855,49.90273369903],[-119.42564275409,49.90263667212],[-119.42549563369,49.90204448585],[-119.42531971577,49.90179885591],[-119.42513810805,49.90167420273],[-119.42491752371,49.9015810744],[-119.42553132921,49.9010199701],[-119.42602938796,49.8999964583],[-119.42609750734,49.89987670697],[-119.42629736872,49.89908144967],[-119.42639238081,49.89865547157]]]]},"properties":{"a": "2.995", "q": "0", "t": "DA", "dw": "694", "hh": "659", "id": "59350032", "pop": "1689", "name": "59350032", "rgid": "5935", "rpid": "5935010", "ruid": "9150019.01", "rguid": "59915"}},{"type":"Feature","geometry":{"type":"MultiPolygon","coordinates":[[[[-119.45322390204,49.90431225717],[-119.45418021272,49.90444376514],[-119.45458632497,49.90458077607],[-119.45430801232,49.90492251604],[-119.45444276159,49.90498162865],[-119.45478351194,49.90464109494],[-119.45511358097,49.90480085171],[-119.45581081677,49.90512915117],[-119.45604136405,49.90527891004],[-119.45620760636,49.90546778944],[-119.45644056446,49.9058355534],[-119.45647072923,49.90626398249],[-119.4564552542,49.90632826437],[-119.4563970873,49.90650473819],[-119.45615026703,49.90697625536],[-119.45606861475,49.90711998546],[-119.45587809053,49.9074553557],[-119.45508767828,49.90832807647],[-119.45461400676,49.9085691755],[-119.45357698023,49.90909806957],[-119.45329623756,49.90922180341],[-119.45311129158,49.90943618894],[-119.45298078928,49.90955475511],[-119.45278409915,49.90975276779],[-119.45254044324,49.90988529],[-119.45203151636,49.91007726022],[-119.45201977556,49.9100608876],[-119.45187701527,49.90990474337],[-119.4515722706,49.90973739095],[-119.45110367157,49.90959915609],[-119.45054915001,49.90942696418],[-119.45064256621,49.90929961025],[-119.45093829601,49.90885326667],[-119.4513682668,49.90820770539],[-119.45152973633,49.90796057892],[-119.45170481541,49.90768949795],[-119.45203948437,49.90721161721],[-119.45224552064,49.90681197334],[-119.45267119153,49.90598873153],[-119.45270028268,49.90590049587],[-119.45322390204,49.90431225717]]]]},"properties":{"a": "0.1413", "q": "0", "t": "DA", "dw": "227", "hh": "225", "id": "59350034", "pop": "416", "name": "59350034", "rgid": "5935", "rpid": "5935010", "ruid": "9150019.02", "rguid": "59915"}},{"type":"Feature","geometry":{"type":"MultiPolygon","coordinates":[[[[-119.45054915001,49.90942696418],[-119.45110367157,49.90959915609],[-119.4515722706,49.90973739095],[-119.45187701527,49.90990474337],[-119.45201977556,49.9100608876],[-119.45203151636,49.91007726022],[-119.45254044324,49.90988529],[-119.45278409915,49.90975276779],[-119.45298078928,49.90955475511],[-119.45311129158,49.90943618894],[-119.45329623756,49.90922180341],[-119.45357698023,49.90909806957],[-119.45461400676,49.9085691755],[-119.45508767828,49.90832807647],[-119.45587809053,49.9074553557],[-119.45606861475,49.90711998546],[-119.45615026703,49.90697625536],[-119.4563970873,49.90650473819],[-119.4564552542,49.90632826437],[-119.45724163828,49.90635151767],[-119.45766511842,49.90638390786],[-119.45832102698,49.9065257235],[-119.45872530906,49.90670304533],[-119.45893239053,49.90682005497],[-119.45906342419,49.90695981568],[-119.45946827352,49.90739546876],[-119.45986884214,49.90765344068],[-119.46104465825,49.90817659748],[-119.46137664208,49.90829600798],[-119.46181188973,49.90834475197],[-119.46249691579,49.90839830164],[-119.46254889735,49.90808447001],[-119.46260273893,49.9077303115],[-119.46280867503,49.90733064481],[-119.46314751527,49.90703040647],[-119.46348263076,49.90681082144],[-119.4637905345,49.90663914752],[-119.46414541407,49.90653295666],[-119.46559829141,49.90619762019],[-119.46585297077,49.90663843154],[-119.4659945162,49.90709321458],[-119.46601429239,49.90720661052],[-119.46611688968,49.90769293633],[-119.46610749735,49.90952523926],[-119.46620764196,49.90979356012],[-119.4646464785,49.90976356097],[-119.4634637159,49.90966009008],[-119.46326463185,49.90964011501],[-119.45958814239,49.91048153093],[-119.4544698231,49.91248972694],[-119.45444446915,49.91249730971],[-119.45033280189,49.9175843866],[-119.44950673534,49.91733427055],[-119.44936021085,49.91725877529],[-119.44831156179,49.91695589869],[-119.4473624833,49.91666301525],[-119.4472042244,49.9165711434],[-119.44641481764,49.91607145271],[-119.44603397666,49.91592682188],[-119.44725246866,49.91419058068],[-119.44782857476,49.91336218053],[-119.44802905679,49.91308351988],[-119.44916569499,49.91149099782],[-119.4497708254,49.91057435806],[-119.45026702491,49.90984935305],[-119.45041489463,49.90962618142],[-119.45054915001,49.90942696418]]]]},"properties":{"a": "0.6364", "q": "0", "t": "DA", "dw": "532", "hh": "522", "id": "59350035", "pop": "1356", "name": "59350035", "rgid": "5935", "rpid": "5935010", "ruid": "9150019.02", "rguid": "59915"}},{"type":"Feature","geometry":{"type":"MultiPolygon","coordinates":[[[[-119.4564552542,49.90632826437],[-119.45647072923,49.90626398249],[-119.45644056446,49.9058355534],[-119.45620760636,49.90546778944],[-119.45604136405,49.90527891004],[-119.45581081677,49.90512915117],[-119.45511358097,49.90480085171],[-119.45478351194,49.90464109494],[-119.45444276159,49.90498162865],[-119.45430801232,49.90492251604],[-119.45458632497,49.90458077607],[-119.45418021272,49.90444376514],[-119.45322390204,49.90431225717],[-119.45325486064,49.90418369533],[-119.45354521874,49.90304301305],[-119.45357430593,49.90295477804],[-119.45383369156,49.90194266068],[-119.4538590391,49.90193507834],[-119.45405650419,49.90118008516],[-119.45439588546,49.90113821179],[-119.4546240076,49.90106996945],[-119.45476434929,49.9010081025],[-119.4552088507,49.90085524395],[-119.45547592345,49.90075546268],[-119.45591855243,49.90064292712],[-119.4563846586,49.90056313274],[-119.45742625832,49.90047022821],[-119.45805430995,49.90040162405],[-119.45925971591,49.90027957115],[-119.45980184758,49.90017700963],[-119.46045507105,49.9009161163],[-119.46102426208,49.90158094941],[-119.46127270712,49.90188441533],[-119.46154650211,49.90218029663],[-119.46180669716,49.9025001329],[-119.46213921385,49.90287786839],[-119.46234070321,49.9031158489],[-119.46281414841,49.90369003511],[-119.46302738909,49.90394438587],[-119.46314668399,49.90406776877],[-119.46338341606,49.90435486104],[-119.46364119355,49.9044566901],[-119.46386618731,49.90472741065],[-119.46520699186,49.90573803798],[-119.46559829141,49.90619762019],[-119.46414541407,49.90653295666],[-119.4637905345,49.90663914752],[-119.46348263076,49.90681082144],[-119.46314751527,49.90703040647],[-119.46280867503,49.90733064481],[-119.46260273893,49.9077303115],[-119.46254889735,49.90808447001],[-119.46249691579,49.90839830164],[-119.46181188973,49.90834475197],[-119.46137664208,49.90829600798],[-119.46104465825,49.90817659748],[-119.45986884214,49.90765344068],[-119.45946827352,49.90739546876],[-119.45906342419,49.90695981568],[-119.45893239053,49.90682005497],[-119.45872530906,49.90670304533],[-119.45832102698,49.9065257235],[-119.45766511842,49.90638390786],[-119.45724163828,49.90635151767],[-119.4564552542,49.90632826437]]]]},"properties":{"a": "0.442", "q": "0", "t": "DA", "dw": "367", "hh": "352", "id": "59350037", "pop": "996", "name": "59350037", "rgid": "5935", "rpid": "5935010", "ruid": "9150019.02", "rguid": "59915"}},{"type":"Feature","geometry":{"type":"MultiPolygon","coordinates":[[[[-119.45980184758,49.90017700963],[-119.46031061552,49.89998500591],[-119.46070625758,49.89980696492],[-119.46104318917,49.89954706772],[-119.46184690859,49.89865037086],[-119.46248980905,49.89825913187],[-119.46288356495,49.89812140905],[-119.46377058236,49.89785594564],[-119.46459144352,49.8976699257],[-119.46520524438,49.89736690683],[-119.46529673005,49.89727987015],[-119.46573869562,49.89690896707],[-119.46571700741,49.89765120145],[-119.46773819601,49.89772231268],[-119.46778082821,49.89842542208],[-119.46569531842,49.89839343776],[-119.46572245853,49.89916083142],[-119.46569333916,49.90006437631],[-119.46566979098,49.90084694516],[-119.46554552295,49.90110287384],[-119.46531801526,49.90142947008],[-119.46478821744,49.90180676198],[-119.46404018177,49.90230901366],[-119.46366057848,49.90268111719],[-119.46342932749,49.903088364],[-119.46332294578,49.90349801347],[-119.46331922595,49.90357866671],[-119.46334701676,49.90378908602],[-119.46336678405,49.90390248118],[-119.46339829505,49.90403224731],[-119.46352189603,49.90433330762],[-119.46364119355,49.9044566901],[-119.46338341606,49.90435486104],[-119.46314668399,49.90406776877],[-119.46302738909,49.90394438587],[-119.46281414841,49.90369003511],[-119.46234070321,49.9031158489],[-119.46213921385,49.90287786839],[-119.46180669716,49.9025001329],[-119.46154650211,49.90218029663],[-119.46127270712,49.90188441533],[-119.46102426208,49.90158094941],[-119.46045507105,49.9009161163],[-119.45980184758,49.90017700963]]]]},"properties":{"a": "0.1861", "q": "0", "t": "DA", "dw": "154", "hh": "147", "id": "59350038", "pop": "410", "name": "59350038", "rgid": "5935", "rpid": "5935010", "ruid": "9150019.02", "rguid": "59915"}},{"type":"Feature","geometry":{"type":"MultiPolygon","coordinates":[[[[-119.4552088507,49.90085524395],[-119.45521098743,49.89999960827],[-119.45524487396,49.89845843655],[-119.45440795153,49.89845033273],[-119.45444747188,49.8967881931],[-119.45444081085,49.89639252071],[-119.45660224119,49.8964019945],[-119.45743912233,49.89641007961],[-119.45811406909,49.89640696082],[-119.45888852459,49.89641382904],[-119.46049986247,49.89642875027],[-119.46383565263,49.89644454509],[-119.46572204069,49.89645659939],[-119.46573869562,49.89690896707],[-119.46529673005,49.89727987015],[-119.46520524438,49.89736690683],[-119.46459144352,49.8976699257],[-119.46377058236,49.89785594564],[-119.46288356495,49.89812140905],[-119.46248980905,49.89825913187],[-119.46184690859,49.89865037086],[-119.46104318917,49.89954706772],[-119.46070625758,49.89980696492],[-119.46031061552,49.89998500591],[-119.45980184758,49.90017700963],[-119.45925971591,49.90027957115],[-119.45805430995,49.90040162405],[-119.45742625832,49.90047022821],[-119.4563846586,49.90056313274],[-119.45591855243,49.90064292712],[-119.45547592345,49.90075546268],[-119.4552088507,49.90085524395]]]]},"properties":{"a": "0.2566", "q": "0", "t": "DA", "dw": "221", "hh": "217", "id": "59350039", "pop": "602", "name": "59350039", "rgid": "5935", "rpid": "5935010", "ruid": "9150015.00", "rguid": "59915"}},{"type":"Feature","geometry":{"type":"MultiPolygon","coordinates":[[[[-119.46049986247,49.89642875027],[-119.45888852459,49.89641382904],[-119.45865317934,49.89582808465],[-119.45866436414,49.89558613207],[-119.45869474439,49.89519924921],[-119.45862990173,49.89498004733],[-119.4582345061,49.89434278351],[-119.45767906384,49.893653997],[-119.45867373079,49.89268030877],[-119.45931582197,49.89284606516],[-119.45976450542,49.8928708613],[-119.46095794598,49.89273242011],[-119.46127004854,49.89273843326],[-119.46206605447,49.89281834253],[-119.4626433009,49.89276487934],[-119.46313836397,49.8925968207],[-119.46329412307,49.89247066359],[-119.4634146604,49.89229539554],[-119.46348765091,49.89179632642],[-119.46416496907,49.89201116134],[-119.46454379401,49.89219603501],[-119.46480766508,49.892435202],[-119.46499923547,49.89261647316],[-119.46521986247,49.89270950877],[-119.46545408903,49.8927785888],[-119.46580327363,49.89279337253],[-119.46580944403,49.89293071801],[-119.46580632948,49.89326968959],[-119.46579764377,49.89372963741],[-119.46577655757,49.89473018609],[-119.46575367293,49.89495576863],[-119.4657357004,49.89561734683],[-119.46348840183,49.8955741316],[-119.46208599143,49.89563593229],[-119.46092339851,49.89564582815],[-119.46049986247,49.89642875027]]]]},"properties":{"a": "0.1892", "q": "0", "t": "DA", "dw": "175", "hh": "170", "id": "59350040", "pop": "495", "name": "59350040", "rgid": "5935", "rpid": "5935010", "ruid": "9150015.00", "rguid": "59915"}},{"type":"Feature","geometry":{"type":"MultiPolygon","coordinates":[[[[-119.45452446211,49.88865289469],[-119.4550491143,49.88865496545],[-119.45541559715,49.88856518375],[-119.45566898671,49.88848935961],[-119.45569432561,49.88848177716],[-119.45579568114,49.8884514473],[-119.45660651996,49.8882088048],[-119.4568455236,49.88871388964],[-119.45685726023,49.88873026046],[-119.45689969693,49.88943335243],[-119.45732300246,49.88946574218],[-119.45769376554,49.88955362065],[-119.45796317342,49.88967183008],[-119.4582053793,49.88983794654],[-119.4583833067,49.8900431828],[-119.45845000435,49.8902220564],[-119.45840975184,49.890552237],[-119.45825508888,49.89119502408],[-119.4580571982,49.89169167923],[-119.45827165947,49.89164738469],[-119.45915353415,49.89176126326],[-119.45867373079,49.89268030877],[-119.45767906384,49.893653997],[-119.4582345061,49.89434278351],[-119.45862990173,49.89498004733],[-119.45869474439,49.89519924921],[-119.45866436414,49.89558613207],[-119.45865317934,49.89582808465],[-119.45888852459,49.89641382904],[-119.45811406909,49.89640696082],[-119.45743912233,49.89641007961],[-119.45660224119,49.8964019945],[-119.45444081085,49.89639252071],[-119.45447204329,49.89544866545],[-119.45448540416,49.89435109492],[-119.45426105588,49.89433868502],[-119.45428543977,49.89003667656],[-119.45452336858,49.89002513286],[-119.45452604749,49.88942784744],[-119.45453351907,49.88926654962],[-119.45453538696,49.88922622518],[-119.45452446211,49.88865289469]]]]},"properties":{"a": "0.2436", "q": "0", "t": "DA", "dw": "260", "hh": "251", "id": "59350041", "pop": "591", "name": "59350041", "rgid": "5935", "rpid": "5935010", "ruid": "9150015.00", "rguid": "59915"}},{"type":"Feature","geometry":{"type":"MultiPolygon","coordinates":[[[[-119.46580327363,49.89279337253],[-119.46545408903,49.8927785888],[-119.46521986247,49.89270950877],[-119.46499923547,49.89261647316],[-119.46480766508,49.892435202],[-119.46454379401,49.89219603501],[-119.46416496907,49.89201116134],[-119.46348765091,49.89179632642],[-119.4634146604,49.89229539554],[-119.46329412307,49.89247066359],[-119.46313836397,49.8925968207],[-119.4626433009,49.89276487934],[-119.46206605447,49.89281834253],[-119.46127004854,49.89273843326],[-119.46095794598,49.89273242011],[-119.45976450542,49.8928708613],[-119.45931582197,49.89284606516],[-119.45867373079,49.89268030877],[-119.45915353415,49.89176126326],[-119.45827165947,49.89164738469],[-119.4580571982,49.89169167923],[-119.45825508888,49.89119502408],[-119.45840975184,49.890552237],[-119.45845000435,49.8902220564],[-119.4583833067,49.8900431828],[-119.4582053793,49.88983794654],[-119.45796317342,49.88967183008],[-119.45769376554,49.88955362065],[-119.45732300246,49.88946574218],[-119.45689969693,49.88943335243],[-119.45685726023,49.88873026046],[-119.4568455236,49.88871388964],[-119.45660651996,49.8882088048],[-119.45689884558,49.8881014414],[-119.45707621445,49.88804836199],[-119.45721650799,49.88798649435],[-119.45745815403,49.88789429503],[-119.45768619756,49.88782604876],[-119.45785182748,49.88775659732],[-119.45836845957,49.88766163117],[-119.45884428726,49.88763852363],[-119.45918168857,49.88763696004],[-119.45964391529,49.88763780246],[-119.45992076636,49.88759470848],[-119.46021121672,49.88752765977],[-119.46036420505,49.88881406624],[-119.46038079789,49.88926642272],[-119.46072250356,49.88944252255],[-119.46123599822,49.88968650795],[-119.46139418495,49.88977834862],[-119.46184899287,49.88994047931],[-119.46193488715,49.88997442203],[-119.46222163029,49.88998801619],[-119.46271108196,49.88994093535],[-119.46465832172,49.89025285456],[-119.46487091058,49.89024887064],[-119.46534862189,49.89018540668],[-119.46555132694,49.89012472663],[-119.46580656428,49.89000855122],[-119.46620765585,49.88970952017],[-119.46659639654,49.88913580037],[-119.46677686361,49.88874373665],[-119.46707722952,49.88791808652],[-119.4671328611,49.88752362608],[-119.46837307709,49.8882658495],[-119.46946687745,49.88893260135],[-119.46932659913,49.88899448664],[-119.46865424627,49.88921567508],[-119.46852570719,49.88929392875],[-119.46824637425,49.88993433277],[-119.46881862875,49.8902601268],[-119.46981855009,49.89079592317],[-119.47001384049,49.89089653359],[-119.47033396813,49.8909995373],[-119.47081786659,49.89107339095],[-119.47089202775,49.89109095669],[-119.47332014896,49.89100024294],[-119.47452153707,49.8909586573],[-119.47535831084,49.89096658996],[-119.47534788497,49.89146686004],[-119.47532399647,49.89280637417],[-119.47477395223,49.89281199891],[-119.4740366448,49.89281403744],[-119.47391180278,49.89281164849],[-119.47111767557,49.89243525343],[-119.47109233708,49.89244283995],[-119.47102806487,49.89248196883],[-119.4708840728,49.89262450756],[-119.46893049263,49.89217536391],[-119.46713516258,49.8918180143],[-119.46685272287,49.89198210436],[-119.46617845121,49.8922436033],[-119.46594482678,49.89243284559],[-119.46580327363,49.89279337253]]]]},"properties":{"a": "0.3812", "q": "0", "t": "DA", "dw": "426", "hh": "415", "id": "59350042", "pop": "892", "name": "59350042", "rgid": "5935", "rpid": "5935010", "ruid": "9150015.00", "rguid": "59915"}},{"type":"Feature","geometry":{"type":"MultiPolygon","coordinates":[[[[-119.46681591304,49.88626637812],[-119.4671328611,49.88752362608],[-119.46707722952,49.88791808652],[-119.46677686361,49.88874373665],[-119.46659639654,49.88913580037],[-119.46620765585,49.88970952017],[-119.46580656428,49.89000855122],[-119.46555132694,49.89012472663],[-119.46534862189,49.89018540668],[-119.46487091058,49.89024887064],[-119.46465832172,49.89025285456],[-119.46271108196,49.88994093535],[-119.46222163029,49.88998801619],[-119.46193488715,49.88997442203],[-119.46184899287,49.88994047931],[-119.46139418495,49.88977834862],[-119.46123599822,49.88968650795],[-119.46072250356,49.88944252255],[-119.46038079789,49.88926642272],[-119.46036420505,49.88881406624],[-119.46021121672,49.88752765977],[-119.46051712772,49.88739633195],[-119.46082676002,49.8871843547],[-119.46170682527,49.88652326175],[-119.46205165886,49.88636039161],[-119.46251759114,49.8862805722],[-119.46282964493,49.88628658026],[-119.46310462422,49.8862838017],[-119.46319237115,49.8862774187],[-119.46337960346,49.88628102238],[-119.46506655315,49.8862731152],[-119.46681591304,49.88626637812]]]]},"properties":{"a": "0.1818", "q": "0", "t": "DA", "dw": "260", "hh": "246", "id": "59350043", "pop": "630", "name": "59350043", "rgid": "5935", "rpid": "5935010", "ruid": "9150015.00", "rguid": "59915"}},{"type":"Feature","geometry":{"type":"MultiPolygon","coordinates":[[[[-119.4671328611,49.88752362608],[-119.46681591304,49.88626637812],[-119.46774033599,49.88626798909],[-119.47043945297,49.88625520417],[-119.47081391869,49.88626238359],[-119.4739499116,49.88625787662],[-119.47395251374,49.88729113829],[-119.47453956214,49.88729429962],[-119.47450956483,49.8893117279],[-119.47329833098,49.88929661945],[-119.47327410855,49.88819028818],[-119.47314123683,49.88809088018],[-119.4723119236,49.88792163037],[-119.47216176104,49.88792682595],[-119.47208575444,49.88794958594],[-119.4720735045,49.88930545183],[-119.47079800424,49.88932944171],[-119.47080667356,49.88968477839],[-119.47081786659,49.89107339095],[-119.47033396813,49.8909995373],[-119.47001384049,49.89089653359],[-119.46981855009,49.89079592317],[-119.46881862875,49.8902601268],[-119.46824637425,49.88993433277],[-119.46852570719,49.88929392875],[-119.46865424627,49.88921567508],[-119.46932659913,49.88899448664],[-119.46946687745,49.88893260135],[-119.46837307709,49.8882658495],[-119.4671328611,49.88752362608]]]]},"properties":{"a": "0.1715", "q": "0", "t": "DA", "dw": "246", "hh": "234", "id": "59350044", "pop": "554", "name": "59350044", "rgid": "5935", "rpid": "5935010", "ruid": "9150015.00", "rguid": "59915"}},{"type":"Feature","geometry":{"type":"MultiPolygon","coordinates":[[[[-119.47043945297,49.88625520417],[-119.46774033599,49.88626798909],[-119.46774963007,49.88525110029],[-119.46692471378,49.88525947255],[-119.46566293203,49.88525944088],[-119.46530392963,49.88518796335],[-119.46518096855,49.88514523933],[-119.46450375823,49.88493041656],[-119.46431839006,49.88488649103],[-119.46385991126,49.88480502259],[-119.46353798926,49.88474232404],[-119.46252098003,49.884311077],[-119.46265137465,49.88419250866],[-119.4646497665,49.88311704182],[-119.46483141202,49.88324161401],[-119.4650989418,49.88340012511],[-119.46545607132,49.88351192676],[-119.46585398861,49.88355186399],[-119.46617776104,49.88357423084],[-119.46673756625,49.88362534753],[-119.46715896446,49.88369801821],[-119.46759210364,49.88378705637],[-119.4688464258,49.88394835913],[-119.46942971999,49.88403219882],[-119.47031146217,49.88414597441],[-119.47042142824,49.88365569722],[-119.47066053758,49.88334547838],[-119.4707754617,49.88329117861],[-119.47270330689,49.88374785839],[-119.47421532336,49.88401089008],[-119.47449833282,49.88410509637],[-119.47463119493,49.88420450115],[-119.47472513454,49.88433544871],[-119.47473329973,49.88524773061],[-119.47359633735,49.88525018847],[-119.47036093667,49.8852447046],[-119.47041593758,49.88540719806],[-119.47043945297,49.88625520417]]]]},"properties":{"a": "0.1598", "q": "0", "t": "DA", "dw": "251", "hh": "242", "id": "59350045", "pop": "558", "name": "59350045", "rgid": "5935", "rpid": "5935010", "ruid": "9150009.03", "rguid": "59915"}},{"type":"Feature","geometry":{"type":"MultiPolygon","coordinates":[[[[-119.47473329973,49.88524773061],[-119.47500827125,49.88524491882],[-119.47602041427,49.88524005844],[-119.47673040678,49.88528591718],[-119.47694112304,49.88532223157],[-119.47706594248,49.88532461661],[-119.47707231419,49.88627722592],[-119.47694749186,49.88627484087],[-119.4739499116,49.88625787662],[-119.47081391869,49.88626238359],[-119.47043945297,49.88625520417],[-119.47041593758,49.88540719806],[-119.47036093667,49.8852447046],[-119.47359633735,49.88525018847],[-119.47473329973,49.88524773061]]]]},"properties":{"a": "0.054", "q": "0", "t": "DA", "dw": "325", "hh": "320", "id": "59350046", "pop": "526", "name": "59350046", "rgid": "5935", "rpid": "5935010", "ruid": "9150009.03", "rguid": "59915"}},{"type":"Feature","geometry":{"type":"MultiPolygon","coordinates":[[[[-119.4646497665,49.88311704182],[-119.46546973215,49.88267271226],[-119.46569527819,49.88238646078],[-119.46576451034,49.88196805452],[-119.46688778826,49.88198964154],[-119.46884024361,49.8821804983],[-119.46885198315,49.88219686732],[-119.46995426675,49.882403669],[-119.47057091035,49.88257693199],[-119.47252035229,49.88310667581],[-119.47316419907,49.8832320124],[-119.47333782759,49.88325955248],[-119.4735856046,49.88330465547],[-119.474802861,49.88345710044],[-119.47689567169,49.88358590646],[-119.47702048585,49.88358829155],[-119.47701880401,49.88444387851],[-119.47706963368,49.885243968],[-119.47706594248,49.88532461661],[-119.47694112304,49.88532223157],[-119.47673040678,49.88528591718],[-119.47602041427,49.88524005844],[-119.47500827125,49.88524491882],[-119.47473329973,49.88524773061],[-119.47472513454,49.88433544871],[-119.47463119493,49.88420450115],[-119.47449833282,49.88410509637],[-119.47421532336,49.88401089008],[-119.47270330689,49.88374785839],[-119.4707754617,49.88329117861],[-119.47066053758,49.88334547838],[-119.47042142824,49.88365569722],[-119.47031146217,49.88414597441],[-119.46942971999,49.88403219882],[-119.4688464258,49.88394835913],[-119.46759210364,49.88378705637],[-119.46715896446,49.88369801821],[-119.46673756625,49.88362534753],[-119.46617776104,49.88357423084],[-119.46585398861,49.88355186399],[-119.46545607132,49.88351192676],[-119.4650989418,49.88340012511],[-119.46483141202,49.88324161401],[-119.4646497665,49.88311704182]]]]},"properties":{"a": "0.1229", "q": "0", "t": "DA", "dw": "348", "hh": "338", "id": "59350047", "pop": "746", "name": "59350047", "rgid": "5935", "rpid": "5935010", "ruid": "9150009.03", "rguid": "59915"}},{"type":"Feature","geometry":{"type":"MultiPolygon","coordinates":[[[[-119.46576451034,49.88196805452],[-119.46577996164,49.88190377665],[-119.46578181816,49.88186345304],[-119.46577259488,49.88124981505],[-119.46577942176,49.8808302108],[-119.46577822361,49.88031359108],[-119.46740438095,49.88026412098],[-119.46759158623,49.88026771657],[-119.46767931963,49.8802613297],[-119.46795425827,49.88025853766],[-119.46797958984,49.88025095227],[-119.46855479836,49.88023778019],[-119.46891746992,49.88022859773],[-119.46936787435,49.88021302557],[-119.47162978072,49.88019182591],[-119.47360315748,49.88019733808],[-119.47628828592,49.88020834825],[-119.47694686274,49.88001107028],[-119.4770735114,49.87997313172],[-119.4770922951,49.88120040138],[-119.47706159294,49.88214421668],[-119.47702602254,49.88346731939],[-119.47703592015,49.88352401156],[-119.47702048585,49.88358829155],[-119.47689567169,49.88358590646],[-119.474802861,49.88345710044],[-119.4735856046,49.88330465547],[-119.47333782759,49.88325955248],[-119.47316419907,49.8832320124],[-119.47252035229,49.88310667581],[-119.47057091035,49.88257693199],[-119.46995426675,49.882403669],[-119.46885198315,49.88219686732],[-119.46884024361,49.8821804983],[-119.46688778826,49.88198964154],[-119.46576451034,49.88196805452]]]]},"properties":{"a": "0.2315", "q": "0", "t": "DA", "dw": "110", "hh": "95", "id": "59350048", "pop": "466", "name": "59350048", "rgid": "5935", "rpid": "5935010", "ruid": "9150009.03", "rguid": "59915"}},{"type":"Feature","geometry":{"type":"MultiPolygon","coordinates":[[[[-119.46576426847,49.8768182479],[-119.46662051599,49.8769396384],[-119.46866787067,49.87696281748],[-119.46867713621,49.87757644598],[-119.46861288495,49.87761557125],[-119.46810999481,49.87768663361],[-119.46738469603,49.87770499107],[-119.46724445289,49.87776687097],[-119.467178345,49.87784631839],[-119.46716286564,49.87872584214],[-119.47009749428,49.87874181575],[-119.47010735457,49.8779832609],[-119.47013638848,49.87789502874],[-119.47032728697,49.87781797285],[-119.47156536155,49.87778520785],[-119.47155425753,49.87802714681],[-119.47159323322,49.87881085264],[-119.47162660161,49.87890028144],[-119.47163961308,49.87943326706],[-119.47162978072,49.88019182591],[-119.46936787435,49.88021302557],[-119.46891746992,49.88022859773],[-119.46855479836,49.88023778019],[-119.46797958984,49.88025095227],[-119.46795425827,49.88025853766],[-119.46767931963,49.8802613297],[-119.46759158623,49.88026771657],[-119.46740438095,49.88026412098],[-119.46577822361,49.88031359108],[-119.46577391165,49.88013592829],[-119.46577331262,49.87987761894],[-119.46577582739,49.87928035445],[-119.46576426847,49.8768182479]]]]},"properties":{"a": "0.1109", "q": "0", "t": "DA", "dw": "398", "hh": "392", "id": "59350049", "pop": "669", "name": "59350049", "rgid": "5935", "rpid": "5935010", "ruid": "9150009.01", "rguid": "59915"}},{"type":"Feature","geometry":{"type":"MultiPolygon","coordinates":[[[[-119.47156536155,49.87778520785],[-119.47155356689,49.87695359557],[-119.47427924737,49.87689279653],[-119.47701850632,49.87680796666],[-119.47704164735,49.87821288371],[-119.47714111659,49.87822285628],[-119.47710924274,49.87946529386],[-119.4770735114,49.87997313172],[-119.47694686274,49.88001107028],[-119.47628828592,49.88020834825],[-119.47360315748,49.88019733808],[-119.47162978072,49.88019182591],[-119.47163961308,49.87943326706],[-119.47162660161,49.87890028144],[-119.47159323322,49.87881085264],[-119.47155425753,49.87802714681],[-119.47156536155,49.87778520785]]]]},"properties":{"a": "0.1448", "q": "0", "t": "DA", "dw": "599", "hh": "577", "id": "59350050", "pop": "973", "name": "59350050", "rgid": "5935", "rpid": "5935010", "ruid": "9150009.01", "rguid": "59915"}},{"type":"Feature","geometry":{"type":"MultiPolygon","coordinates":[[[[-119.47154525335,49.87278039827],[-119.47339349317,49.87278352255],[-119.47419283198,49.87278268325],[-119.4746802177,49.87277586823],[-119.47536651454,49.87278899923],[-119.47606639756,49.87277817054],[-119.47683637206,49.87423770456],[-119.47686974813,49.87432713014],[-119.47704468108,49.87487127161],[-119.47705893681,49.87510562112],[-119.47708493356,49.87535633848],[-119.47708392345,49.87647020672],[-119.47714078434,49.87659236835],[-119.47715688634,49.87678639615],[-119.47715319608,49.87686704238],[-119.47714111659,49.87822285628],[-119.47704164735,49.87821288371],[-119.47701850632,49.87680796666],[-119.47427924737,49.87689279653],[-119.47155356689,49.87695359557],[-119.47152384685,49.87596828032],[-119.47152500761,49.87485441409],[-119.47154525335,49.87278039827]]]]},"properties":{"a": "0.1752", "q": "0", "t": "DA", "dw": "362", "hh": "349", "id": "59350051", "pop": "607", "name": "59350051", "rgid": "5935", "rpid": "5935010", "ruid": "9150009.01", "rguid": "59915"}},{"type":"Feature","geometry":{"type":"MultiPolygon","coordinates":[[[[-119.47708493356,49.87535633848],[-119.47986920971,49.87537722319],[-119.48276653518,49.8753840399],[-119.48278662046,49.87631265955],[-119.48275789235,49.87721613719],[-119.48276991377,49.87804774888],[-119.48276255502,49.87820904248],[-119.48275335651,49.87841065962],[-119.48276142109,49.87850767366],[-119.48276764601,49.87864501121],[-119.4827631103,49.87983953962],[-119.48275786853,49.88077576297],[-119.48274937515,49.88123569215],[-119.47990229711,49.88121369783],[-119.4770922951,49.88120040138],[-119.4770735114,49.87997313172],[-119.47710924274,49.87946529386],[-119.47714111659,49.87822285628],[-119.47715319608,49.87686704238],[-119.47715688634,49.87678639615],[-119.47714078434,49.87659236835],[-119.47708392345,49.87647020672],[-119.47708493356,49.87535633848]]]]},"properties":{"a": "0.2642", "q": "0", "t": "DA", "dw": "633", "hh": "605", "id": "59350052", "pop": "1070", "name": "59350052", "rgid": "5935", "rpid": "5935010", "ruid": "9150009.02", "rguid": "59915"}},{"type":"Feature","geometry":{"type":"MultiPolygon","coordinates":[[[[-119.47606639756,49.87277817054],[-119.47715236433,49.87279085939],[-119.47892647342,49.87277631987],[-119.47891152637,49.87228367015],[-119.47890647706,49.87184771095],[-119.47889822193,49.87093547221],[-119.47891160419,49.87009629284],[-119.48024888965,49.87007338989],[-119.4802442886,49.86908051278],[-119.48150557378,49.86908035757],[-119.48277860028,49.86909655281],[-119.48275836809,49.86954009653],[-119.48274987704,49.8700000076],[-119.48275637808,49.8709525654],[-119.48276655824,49.87182448135],[-119.48277164848,49.87226044032],[-119.48275947812,49.87280100107],[-119.48277220404,49.87389090348],[-119.48276484604,49.87405219473],[-119.48275522027,49.87481074039],[-119.48276653518,49.8753840399],[-119.47986920971,49.87537722319],[-119.47708493356,49.87535633848],[-119.47705893681,49.87510562112],[-119.47704468108,49.87487127161],[-119.47686974813,49.87432713014],[-119.47683637206,49.87423770456],[-119.47606639756,49.87277817054]]]]},"properties":{"a": "0.2294", "q": "0", "t": "DA", "dw": "232", "hh": "221", "id": "59350053", "pop": "643", "name": "59350053", "rgid": "5935", "rpid": "5935010", "ruid": "9150009.02", "rguid": "59915"}},{"type":"Feature","geometry":{"type":"MultiPolygon","coordinates":[[[[-119.48275947812,49.87280100107],[-119.48292316584,49.87277183375],[-119.4841592403,49.87277923357],[-119.48548302986,49.8727802153],[-119.48682039896,49.87275722284],[-119.48780690982,49.87275983153],[-119.48819666842,49.87270266525],[-119.4882370826,49.87455988789],[-119.48823563459,49.87541544797],[-119.48823235227,49.87631133386],[-119.48278662046,49.87631265955],[-119.48276653518,49.8753840399],[-119.48275522027,49.87481074039],[-119.48276484604,49.87405219473],[-119.48277220404,49.87389090348],[-119.48275947812,49.87280100107]]]]},"properties":{"a": "0.1546", "q": "0", "t": "DA", "dw": "266", "hh": "255", "id": "59350054", "pop": "586", "name": "59350054", "rgid": "5935", "rpid": "5935010", "ruid": "9150009.02", "rguid": "59915"}},{"type":"Feature","geometry":{"type":"MultiPolygon","coordinates":[[[[-119.48277366047,49.86728846301],[-119.48542088601,49.8672904459],[-119.48542934662,49.86683053896],[-119.48543780704,49.86637063277],[-119.48542462083,49.86583767338],[-119.48544482244,49.86539413487],[-119.48596917934,49.8653960407],[-119.48825374685,49.86540719217],[-119.48823798304,49.86602838418],[-119.48823505542,49.86636732451],[-119.48824644442,49.86694060643],[-119.48824351681,49.86727954785],[-119.48824683072,49.86775582163],[-119.48823656756,49.8682560524],[-119.48823180587,49.86863531754],[-119.48822337624,49.86909522762],[-119.48822852401,49.86953118214],[-119.48823183793,49.87000745968],[-119.48822672195,49.87094365107],[-119.48822527385,49.87179920031],[-119.48820693317,49.87220242668],[-119.48822858791,49.87227548164],[-119.48819666842,49.87270266525],[-119.48780690982,49.87275983153],[-119.48682039896,49.87275722284],[-119.48548302986,49.8727802153],[-119.4841592403,49.87277923357],[-119.48292316584,49.87277183375],[-119.48275947812,49.87280100107],[-119.48277164848,49.87226044032],[-119.48276655824,49.87182448135],[-119.48275637808,49.8709525654],[-119.48274987704,49.8700000076],[-119.48275836809,49.86954009653],[-119.48277860028,49.86909655281],[-119.48275002795,49.8686278655],[-119.48275484021,49.86824860064],[-119.48276517006,49.86774837045],[-119.48277366047,49.86728846301]]]]},"properties":{"a": "0.2822", "q": "0", "t": "DA", "dw": "419", "hh": "396", "id": "59350055", "pop": "1011", "name": "59350055", "rgid": "5935", "rpid": "5935010", "ruid": "9150010.01", "rguid": "59915"}},{"type":"Feature","geometry":{"type":"MultiPolygon","coordinates":[[[[-119.49122667213,49.87280861517],[-119.49022216556,49.87265234056],[-119.48985956562,49.87266160127],[-119.48836035189,49.8726734889],[-119.48819666842,49.87270266525],[-119.48822858791,49.87227548164],[-119.48820693317,49.87220242668],[-119.48822527385,49.87179920031],[-119.48822672195,49.87094365107],[-119.48823183793,49.87000745968],[-119.48822852401,49.86953118214],[-119.48822337624,49.86909522762],[-119.48823180587,49.86863531754],[-119.48823656756,49.8682560524],[-119.49123284111,49.86827258061],[-119.49363059312,49.86826960861],[-119.49363840067,49.86892353832],[-119.49369712886,49.86900536483],[-119.49382816016,49.86914506077],[-119.49423666152,49.86949986843],[-119.49476446079,49.8699780047],[-119.49521996511,49.87039827031],[-119.49537267257,49.87061101786],[-119.49540869808,49.87091841424],[-119.49537502723,49.87138592082],[-119.49535492982,49.87182947068],[-119.49499599312,49.87175810481],[-119.49451045073,49.87172469769],[-119.49142621282,49.87171467699],[-119.49123721332,49.8717514495],[-119.49122698555,49.87225168759],[-119.49122667213,49.87280861517]]]]},"properties":{"a": "0.2006", "q": "0", "t": "DA", "dw": "303", "hh": "284", "id": "59350056", "pop": "669", "name": "59350056", "rgid": "5935", "rpid": "5935010", "ruid": "9150010.03", "rguid": "59915"}},{"type":"Feature","geometry":{"type":"MultiPolygon","coordinates":[[[[-119.48823656756,49.8682560524],[-119.48824683072,49.86775582163],[-119.48824351681,49.86727954785],[-119.48824644442,49.86694060643],[-119.48823505542,49.86636732451],[-119.48823798304,49.86602838418],[-119.48825374685,49.86540719217],[-119.48824345192,49.8645352964],[-119.48825078672,49.86437401012],[-119.48823132374,49.86370372476],[-119.48823421907,49.86199267741],[-119.48858131715,49.86204769999],[-119.48878201613,49.86202729933],[-119.48869615807,49.86199338335],[-119.48969415287,49.86201233853],[-119.49121829353,49.86199284014],[-119.4923175528,49.86198140509],[-119.49349092978,49.86198750469],[-119.49350084492,49.86204419094],[-119.49421539389,49.863082772],[-119.49458755746,49.86368709169],[-119.49479347815,49.86410262454],[-119.49482296594,49.8648295962],[-119.4948182654,49.86520885709],[-119.49482270129,49.8653865093],[-119.4948052094,49.86604802423],[-119.49480285221,49.86720217836],[-119.49481172431,49.86755748537],[-119.49447448919,49.86755917095],[-119.49361286916,49.86755899305],[-119.49363059312,49.86826960861],[-119.49123284111,49.86827258061],[-119.48823656756,49.8682560524]]]]},"properties":{"a": "0.3116", "q": "0", "t": "DA", "dw": "514", "hh": "459", "id": "59350057", "pop": "867", "name": "59350057", "rgid": "5935", "rpid": "5935010", "ruid": "9150010.03", "rguid": "59915"}},{"type":"Feature","geometry":{"type":"MultiPolygon","coordinates":[[[[-119.49122667213,49.87280861517],[-119.49122698555,49.87225168759],[-119.49123721332,49.8717514495],[-119.49142621282,49.87171467699],[-119.49451045073,49.87172469769],[-119.49499599312,49.87175810481],[-119.49535492982,49.87182947068],[-119.49537502723,49.87138592082],[-119.49540869808,49.87091841424],[-119.49537267257,49.87061101786],[-119.49521996511,49.87039827031],[-119.49476446079,49.8699780047],[-119.49423666152,49.86949986843],[-119.49382816016,49.86914506077],[-119.49369712886,49.86900536483],[-119.49363840067,49.86892353832],[-119.49363059312,49.86826960861],[-119.49361286916,49.86755899305],[-119.49447448919,49.86755917095],[-119.49481172431,49.86755748537],[-119.49480285221,49.86720217836],[-119.4948052094,49.86604802423],[-119.49482270129,49.8653865093],[-119.4948182654,49.86520885709],[-119.49482296594,49.8648295962],[-119.49479347815,49.86410262454],[-119.49458755746,49.86368709169],[-119.49421539389,49.863082772],[-119.49350084492,49.86204419094],[-119.49349092978,49.86198750469],[-119.49432711761,49.86199527534],[-119.4943962945,49.86101997322],[-119.49442891927,49.86085109678],[-119.49440099845,49.86064071791],[-119.49429347925,49.86053375638],[-119.49366925976,49.85970674531],[-119.49359254374,49.85947122898],[-119.4936504845,49.85929476228],[-119.49382690671,49.85898333179],[-119.49399601503,49.8588331848],[-119.49402132859,49.85882559328],[-119.49432691806,49.85869417364],[-119.49292119638,49.8572066702],[-119.49200428387,49.85622882886],[-119.49193017656,49.85621128117],[-119.49188138165,49.85618614252],[-119.49168254268,49.85616622862],[-119.49121334739,49.85632681858],[-119.49113482125,49.85613162357],[-119.4910075018,49.85591128957],[-119.49056577258,49.85546707037],[-119.49030382021,49.85518768309],[-119.48998317061,49.85482647074],[-119.4895785156,49.85439102333],[-119.49054584434,49.85398162827],[-119.49059646675,49.85396644725],[-119.49066066014,49.85392731088],[-119.49071128244,49.8539121298],[-119.49073659358,49.85390453926],[-119.49081124011,49.85386283777],[-119.49115772689,49.85414215109],[-119.4929802455,49.85576710897],[-119.49507397327,49.85780193926],[-119.49741173878,49.85996645314],[-119.49765088429,49.86006177534],[-119.49772768097,49.8601580631],[-119.49767908369,49.86029394987],[-119.49753081545,49.86034239804],[-119.49699134587,49.86031726407],[-119.49627017854,49.86040329936],[-119.49602386361,49.86057660697],[-119.4956685666,49.86096456185],[-119.49554717336,49.86094329685],[-119.49552945316,49.86094861123],[-119.49549148127,49.86095999918],[-119.49527673854,49.86126304166],[-119.49529028437,49.86148767662],[-119.49515388407,49.86185273645],[-119.49478388834,49.86212378319],[-119.4948814553,49.86245049638],[-119.49559933857,49.86380229504],[-119.49695194885,49.8657254403],[-119.49689272029,49.8661787339],[-119.49676959666,49.86636083442],[-119.49663194422,49.86647768604],[-119.49663958645,49.86668122766],[-119.49646951194,49.86671433136],[-119.49637539416,49.86682111008],[-119.49631966642,49.86721070794],[-119.49609978924,49.86730945739],[-119.49604608169,49.86772330809],[-119.49615363919,49.86840898699],[-119.49596109146,49.86884160148],[-119.49594818679,49.86898866],[-119.49615362212,49.86926414913],[-119.49678804958,49.86982863722],[-119.49710398508,49.86999442579],[-119.49730962204,49.8701415816],[-119.4980391123,49.870013315],[-119.49841984816,49.86992002128],[-119.49849022802,49.86982731938],[-119.498693176,49.8699235715],[-119.49870984363,49.87007966445],[-119.49894494959,49.87014141306],[-119.49910088685,49.87022789777],[-119.49923465469,49.87036279554],[-119.49928862566,49.87050869675],[-119.49940151123,49.87063593571],[-119.4994550375,49.87076407143],[-119.49932636141,49.87091701612],[-119.49926971466,49.87116172123],[-119.49928955441,49.87155154279],[-119.49917690791,49.87175039419],[-119.49867431416,49.87184542527],[-119.49853098646,49.8719908285],[-119.4983882529,49.87223350397],[-119.49833740141,49.87290207194],[-119.49835592241,49.87305860517],[-119.49849808451,49.87355901297],[-119.4973823077,49.87366776238],[-119.49725752249,49.87366540319],[-119.49709566682,49.87365427139],[-119.49680902612,49.87364077957],[-119.49439921378,49.87362746359],[-119.49437389117,49.8736350556],[-119.49437571927,49.87359473262],[-119.49201472603,49.8736064972],[-119.49124069477,49.87359989005],[-119.49122300983,49.87288926079],[-119.49122667213,49.87280861517]]]]},"properties":{"a": "0.3743", "q": "0", "t": "DA", "dw": "199", "hh": "162", "id": "59350058", "pop": "353", "name": "59350058", "rgid": "5935", "rpid": "5935010", "ruid": "9150010.03", "rguid": "59915"}},{"type":"Feature","geometry":{"type":"MultiPolygon","coordinates":[[[[-119.49121334739,49.85632681858],[-119.49168254268,49.85616622862],[-119.49188138165,49.85618614252],[-119.49193017656,49.85621128117],[-119.49200428387,49.85622882886],[-119.49292119638,49.8572066702],[-119.49432691806,49.85869417364],[-119.49402132859,49.85882559328],[-119.49399601503,49.8588331848],[-119.49382690671,49.85898333179],[-119.4936504845,49.85929476228],[-119.49359254374,49.85947122898],[-119.49366925976,49.85970674531],[-119.49429347925,49.86053375638],[-119.49440099845,49.86064071791],[-119.49442891927,49.86085109678],[-119.4943962945,49.86101997322],[-119.49432711761,49.86199527534],[-119.49349092978,49.86198750469],[-119.4923175528,49.86198140509],[-119.49121829353,49.86199284014],[-119.49119378795,49.85895761926],[-119.49119927963,49.85883665674],[-119.4911948601,49.85865900845],[-119.49119334332,49.85814242923],[-119.49120830099,49.85726296522],[-119.49120602565,49.85648810053],[-119.49121334739,49.85632681858]]]]},"properties":{"a": "0.1146", "q": "0", "t": "DA", "dw": "240", "hh": "230", "id": "59350059", "pop": "471", "name": "59350059", "rgid": "5935", "rpid": "5935010", "ruid": "9150010.03", "rguid": "59915"}},{"type":"Feature","geometry":{"type":"MultiPolygon","coordinates":[[[[-119.48823421907,49.86199267741],[-119.48823971986,49.86187171377],[-119.48671412165,49.86137458086],[-119.48602544999,49.86114355836],[-119.48539915899,49.86091371834],[-119.48538413871,49.86042109009],[-119.48539771493,49.86039713494],[-119.4853933203,49.86021948542],[-119.48538892571,49.86004183601],[-119.48539004005,49.85974322413],[-119.48539482692,49.85936397096],[-119.48538236541,49.85908931482],[-119.48540512242,49.85886375608],[-119.48538459411,49.85849209337],[-119.48539783996,49.85765294973],[-119.48602151981,49.85766481862],[-119.4868829325,49.85766506297],[-119.48751835293,49.85769328785],[-119.48909370723,49.85791693209],[-119.49098092301,49.85814646953],[-119.49119334332,49.85814242923],[-119.4911948601,49.85865900845],[-119.49119927963,49.85883665674],[-119.49119378795,49.85895761926],[-119.49121829353,49.86199284014],[-119.48969415287,49.86201233853],[-119.48869615807,49.86199338335],[-119.48878201613,49.86202729933],[-119.48858131715,49.86204769999],[-119.48823421907,49.86199267741]]]]},"properties":{"a": "0.1801", "q": "0", "t": "DA", "dw": "339", "hh": "327", "id": "59350060", "pop": "549", "name": "59350060", "rgid": "5935", "rpid": "5935010", "ruid": "9150010.03", "rguid": "59915"}},{"type":"Feature","geometry":{"type":"MultiPolygon","coordinates":[[[[-119.4895785156,49.85439102333],[-119.48998317061,49.85482647074],[-119.49030382021,49.85518768309],[-119.49056577258,49.85546707037],[-119.4910075018,49.85591128957],[-119.49113482125,49.85613162357],[-119.49121334739,49.85632681858],[-119.49120602565,49.85648810053],[-119.49120830099,49.85726296522],[-119.49119334332,49.85814242923],[-119.49098092301,49.85814646953],[-119.48909370723,49.85791693209],[-119.48751835293,49.85769328785],[-119.4868829325,49.85766506297],[-119.48602151981,49.85766481862],[-119.48539783996,49.85765294973],[-119.48540334852,49.85753198808],[-119.4853809847,49.8572006476],[-119.48538616375,49.85626450146],[-119.48535278381,49.85617508442],[-119.48583741045,49.85595024734],[-119.48675418736,49.85555606598],[-119.48770799849,49.85517065205],[-119.48801358097,49.8550392537],[-119.4895785156,49.85439102333]]]]},"properties":{"a": "0.1197", "q": "0", "t": "DA", "dw": "174", "hh": "168", "id": "59350061", "pop": "327", "name": "59350061", "rgid": "5935", "rpid": "5935010", "ruid": "9150010.03", "rguid": "59915"}},{"type":"Feature","geometry":{"type":"MultiPolygon","coordinates":[[[[-119.476544081,49.85088192424],[-119.47681513404,49.85095974661],[-119.47892492124,49.85150046917],[-119.48039138145,49.8519158761],[-119.48051425898,49.85195857615],[-119.48144780744,49.85201674377],[-119.48183553886,49.85199992652],[-119.48230104346,49.85192002309],[-119.48261651675,49.85184532836],[-119.48281900736,49.8517846209],[-119.48382338963,49.85138407283],[-119.48517219638,49.85082058425],[-119.48557899507,49.85065883928],[-119.48590986078,49.85051986041],[-119.48660863261,49.85025067522],[-119.48683383914,49.85133646016],[-119.48693397726,49.85160470526],[-119.48679385254,49.85166660734],[-119.48527960002,49.85229960903],[-119.48407087933,49.85280120375],[-119.48264605565,49.85338744654],[-119.48373252054,49.85447352443],[-119.48497347789,49.85573202679],[-119.48527244954,49.85602020516],[-119.48535278381,49.85617508442],[-119.48538616375,49.85626450146],[-119.4853809847,49.8572006476],[-119.48540334852,49.85753198808],[-119.48539783996,49.85765294973],[-119.48356201769,49.8576664169],[-119.48251350129,49.8576625769],[-119.48158972082,49.85766110481],[-119.47916727098,49.85767137102],[-119.47776986409,49.85765274595],[-119.47723387044,49.85763442987],[-119.47623598766,49.85761534861],[-119.47581299511,49.85758304379],[-119.47438408259,49.8574346296],[-119.4744074401,49.85665217766],[-119.47440732825,49.85583699417],[-119.47442395007,49.85547411356],[-119.4744035227,49.85510245298],[-119.47441210401,49.85464256666],[-119.47453736947,49.85408806262],[-119.47458180403,49.85393556359],[-119.47460711816,49.8539279772],[-119.47488241489,49.85336827542],[-119.47497562842,49.85324092343],[-119.476544081,49.85088192424]]]]},"properties":{"a": "0.4944", "q": "0", "t": "DA", "dw": "932", "hh": "894", "id": "59350062", "pop": "1689", "name": "59350062", "rgid": "5935", "rpid": "5935010", "ruid": "9150010.02", "rguid": "59915"}},{"type":"Feature","geometry":{"type":"MultiPolygon","coordinates":[[[[-119.47421772843,49.86488120105],[-119.47430922554,49.86097644731],[-119.47430118433,49.86087943854],[-119.47568696312,49.86088174609],[-119.4761235713,49.86089009792],[-119.47676087898,49.86087807175],[-119.47812134011,49.86088793216],[-119.47993199057,49.86088215431],[-119.48083052609,49.86089123017],[-119.48357676858,49.86090323075],[-119.48422581386,49.86090752227],[-119.48539915899,49.86091371834],[-119.48602544999,49.86114355836],[-119.48671412165,49.86137458086],[-119.48823971986,49.86187171377],[-119.48823421907,49.86199267741],[-119.48823132374,49.86370372476],[-119.48825078672,49.86437401012],[-119.48824345192,49.8645352964],[-119.48825374685,49.86540719217],[-119.48596917934,49.8653960407],[-119.48544482244,49.86539413487],[-119.48542462083,49.86583767338],[-119.48543780704,49.86637063277],[-119.48542934662,49.86683053896],[-119.48542088601,49.8672904459],[-119.48277366047,49.86728846301],[-119.48275683013,49.86683614515],[-119.48276277571,49.8661582641],[-119.48277239933,49.86539974145],[-119.48043719353,49.86540363915],[-119.48007833882,49.86533222047],[-119.47927040758,49.86497780193],[-119.4789739374,49.86490757032],[-119.47835014972,49.86489565644],[-119.47677709939,49.86488980879],[-119.47564070007,49.86489229008],[-119.47421772843,49.86488120105]]]]},"properties":{"a": "0.5085", "q": "0", "t": "DA", "dw": "308", "hh": "278", "id": "59350066", "pop": "720", "name": "59350066", "rgid": "5935", "rpid": "5935010", "ruid": "9150010.01", "rguid": "59915"}},{"type":"Feature","geometry":{"type":"MultiPolygon","coordinates":[[[[-119.47419153446,49.86763304242],[-119.47419762139,49.86695516],[-119.47421772843,49.86488120105],[-119.47564070007,49.86489229008],[-119.47677709939,49.86488980879],[-119.47835014972,49.86489565644],[-119.4789739374,49.86490757032],[-119.47927040758,49.86497780193],[-119.48007833882,49.86533222047],[-119.48043719353,49.86540363915],[-119.48277239933,49.86539974145],[-119.48276277571,49.8661582641],[-119.48275683013,49.86683614515],[-119.48277366047,49.86728846301],[-119.48276517006,49.86774837045],[-119.48275484021,49.86824860064],[-119.48275002795,49.8686278655],[-119.48277860028,49.86909655281],[-119.48150557378,49.86908035757],[-119.4802442886,49.86908051278],[-119.48024888965,49.87007338989],[-119.47891160419,49.87009629284],[-119.47889822193,49.87093547221],[-119.47890647706,49.87184771095],[-119.47891152637,49.87228367015],[-119.47892647342,49.87277631987],[-119.47715236433,49.87279085939],[-119.47606639756,49.87277817054],[-119.47585877651,49.87240290835],[-119.47574507429,49.87215858722],[-119.47529832445,49.87127831567],[-119.4747243174,49.87017767873],[-119.4743733629,49.86938802771],[-119.47423554988,49.86885267287],[-119.47420272798,49.86820632849],[-119.47419153446,49.86763304242]]]]},"properties":{"a": "0.397", "q": "0", "t": "DA", "dw": "504", "hh": "490", "id": "59350067", "pop": "1131", "name": "59350067", "rgid": "5935", "rpid": "5935010", "ruid": "9150009.02", "rguid": "59915"}},{"type":"Feature","geometry":{"type":"MultiPolygon","coordinates":[[[[-119.46435452505,49.86485330785],[-119.46571697053,49.86482301873],[-119.46924906847,49.86485859536],[-119.46923856551,49.86454361067],[-119.46923609259,49.86432563665],[-119.46934293528,49.86417433186],[-119.4697283108,49.86393958789],[-119.4697239835,49.86376193547],[-119.46973755067,49.86292277845],[-119.47001237324,49.86291998083],[-119.47001915381,49.86250040323],[-119.47221771057,49.86247799449],[-119.47221202587,49.86096855883],[-119.47224104325,49.86088033131],[-119.47430118433,49.86087943854],[-119.47430922554,49.86097644731],[-119.47421772843,49.86488120105],[-119.47419762139,49.86695516],[-119.47419153446,49.86763304242],[-119.47363498584,49.86724302965],[-119.46782604387,49.86729304865],[-119.46741159368,49.86761601609],[-119.46652279346,49.86766350754],[-119.46651291417,49.86760681746],[-119.46590082335,49.86761119302],[-119.46588663382,49.86737684805],[-119.46570942609,49.86661472519],[-119.4651894335,49.86597515332],[-119.46435452505,49.86485330785]]]]},"properties":{"a": "0.2937", "q": "0", "t": "DA", "dw": "412", "hh": "407", "id": "59350068", "pop": "685", "name": "59350068", "rgid": "5935", "rpid": "5935010", "ruid": "9150008.00", "rguid": "59915"}},{"type":"Feature","geometry":{"type":"MultiPolygon","coordinates":[[[[-119.46581336461,49.87276721863],[-119.46581348167,49.87113676186],[-119.46591478697,49.87110642343],[-119.46594011327,49.8710988388],[-119.46598088646,49.87102697873],[-119.46594753674,49.87093755048],[-119.46591047539,49.87092876638],[-119.46581288252,49.87087846066],[-119.46569798654,49.87093275227],[-119.46563188666,49.87101219676],[-119.4623976076,49.87100645144],[-119.46071128386,49.87101431247],[-119.45898789952,49.87101335788],[-119.45862530704,49.87102250346],[-119.45715147212,49.87102633286],[-119.45582773985,49.87102497006],[-119.45570296507,49.87102255821],[-119.45532864082,49.87101532169],[-119.45236924083,49.87100648934],[-119.45134571615,49.87099473585],[-119.44947222928,49.87099877793],[-119.44792427924,49.87098488851],[-119.44578951716,49.87096764567],[-119.44701750191,49.86980497297],[-119.4486891014,49.86823117899],[-119.44966789525,49.86732194032],[-119.44969509385,49.86727403873],[-119.45191514912,49.86517812731],[-119.45224199355,49.86486160074],[-119.45316593466,49.86486334843],[-119.4532906906,49.86486576345],[-119.45777204761,49.86489590845],[-119.45870958297,49.86487365238],[-119.45897268866,49.86485451633],[-119.45973481905,49.86484500793],[-119.46172104909,49.86482680602],[-119.46435452505,49.86485330785],[-119.4651894335,49.86597515332],[-119.46570942609,49.86661472519],[-119.46588663382,49.86737684805],[-119.46590082335,49.86761119302],[-119.46651291417,49.86760681746],[-119.46652279346,49.86766350754],[-119.46741159368,49.86761601609],[-119.46782604387,49.86729304865],[-119.47363498584,49.86724302965],[-119.47419153446,49.86763304242],[-119.47420272798,49.86820632849],[-119.47423554988,49.86885267287],[-119.4743733629,49.86938802771],[-119.4747243174,49.87017767873],[-119.47529832445,49.87127831567],[-119.47574507429,49.87215858722],[-119.47585877651,49.87240290835],[-119.47606639756,49.87277817054],[-119.47536651454,49.87278899923],[-119.4746802177,49.87277586823],[-119.47419283198,49.87278268325],[-119.47339349317,49.87278352255],[-119.47154525335,49.87278039827],[-119.47055874306,49.87277762657],[-119.47029744373,49.87275647171],[-119.47006147121,49.87272773044],[-119.46969701382,49.87277723927],[-119.46935973488,49.87277883881],[-119.46892300181,49.87277045662],[-119.46581336461,49.87276721863]]]]},"properties":{"a": "1.1981", "q": "0", "t": "DA", "dw": "578", "hh": "567", "id": "59350069", "pop": "937", "name": "59350069", "rgid": "5935", "rpid": "5935010", "ruid": "9150008.00", "rguid": "59915"}},{"type":"Feature","geometry":{"type":"MultiPolygon","coordinates":[[[[-119.46576426847,49.8768182479],[-119.46580019559,49.87549518009],[-119.46581570289,49.87461566652],[-119.46580893605,49.87422002561],[-119.46580648074,49.87400204412],[-119.46581390526,49.87384075416],[-119.4658015702,49.87356608162],[-119.46581336461,49.87276721863],[-119.46892300181,49.87277045662],[-119.46935973488,49.87277883881],[-119.46969701382,49.87277723927],[-119.47006147121,49.87272773044],[-119.47029744373,49.87275647171],[-119.47055874306,49.87277762657],[-119.47154525335,49.87278039827],[-119.47152500761,49.87485441409],[-119.47152384685,49.87596828032],[-119.47155356689,49.87695359557],[-119.47156536155,49.87778520785],[-119.47032728697,49.87781797285],[-119.47013638848,49.87789502874],[-119.47010735457,49.8779832609],[-119.47009749428,49.87874181575],[-119.46716286564,49.87872584214],[-119.467178345,49.87784631839],[-119.46724445289,49.87776687097],[-119.46738469603,49.87770499107],[-119.46810999481,49.87768663361],[-119.46861288495,49.87761557125],[-119.46867713621,49.87757644598],[-119.46866787067,49.87696281748],[-119.46662051599,49.8769396384],[-119.46576426847,49.8768182479]]]]},"properties":{"a": "0.2339", "q": "0", "t": "DA", "dw": "257", "hh": "243", "id": "59350070", "pop": "602", "name": "59350070", "rgid": "5935", "rpid": "5935010", "ruid": "9150009.01", "rguid": "59915"}},{"type":"Feature","geometry":{"type":"MultiPolygon","coordinates":[[[[-119.43752826937,49.88820979033],[-119.43754188267,49.88818583947],[-119.4376216777,49.8880824582],[-119.43772639137,49.88771318253],[-119.43771004852,49.88726082471],[-119.43773515976,49.88592134595],[-119.43772297193,49.88324118985],[-119.44318323042,49.88321840626],[-119.44756710693,49.88323901097],[-119.44757786885,49.88273875828],[-119.44761348212,49.88197261492],[-119.44865088388,49.88196045579],[-119.44979948854,49.88197465735],[-119.44980510513,49.8818536874],[-119.44978177398,49.87885856846],[-119.44979238552,49.87728477063],[-119.44978627099,49.87714743167],[-119.44834927884,49.8771599197],[-119.44334020889,49.87716753648],[-119.44316474773,49.87718026661],[-119.44317789709,49.87689800911],[-119.44327126221,49.87677067667],[-119.44323749988,49.87642293259],[-119.4430925548,49.8760488104],[-119.44258640093,49.87538514741],[-119.44246913007,49.87522142977],[-119.44219144249,49.87474786291],[-119.4421210819,49.87464963227],[-119.44183400388,49.8743776758],[-119.44173831206,49.87428702351],[-119.44254286459,49.87390717097],[-119.44297117886,49.87356035078],[-119.44315038131,49.87346697716],[-119.44578951716,49.87096764567],[-119.44792427924,49.87098488851],[-119.44947222928,49.87099877793],[-119.45134571615,49.87099473585],[-119.45236924083,49.87100648934],[-119.45532864082,49.87101532169],[-119.45570296507,49.87102255821],[-119.45582773985,49.87102497006],[-119.45715147212,49.87102633286],[-119.45862530704,49.87102250346],[-119.45898789952,49.87101335788],[-119.46071128386,49.87101431247],[-119.4623976076,49.87100645144],[-119.46563188666,49.87101219676],[-119.46569798654,49.87093275227],[-119.46581288252,49.87087846066],[-119.46591047539,49.87092876638],[-119.46594753674,49.87093755048],[-119.46598088646,49.87102697873],[-119.46594011327,49.8710988388],[-119.46591478697,49.87110642343],[-119.46581348167,49.87113676186],[-119.46581336461,49.87276721863],[-119.4658015702,49.87356608162],[-119.46581390526,49.87384075416],[-119.46580648074,49.87400204412],[-119.46580893605,49.87422002561],[-119.46581570289,49.87461566652],[-119.46580019559,49.87549518009],[-119.46576426847,49.8768182479],[-119.46504084098,49.87679626514],[-119.46384171541,49.87679741017],[-119.46103202061,49.87678365546],[-119.46101796382,49.87925334585],[-119.4609857561,49.87968053104],[-119.46085407784,49.88009772787],[-119.46080454788,49.88062951439],[-119.45821886664,49.88062807359],[-119.45821175328,49.88186293254],[-119.45465100118,49.88187486296],[-119.45465713267,49.88201220389],[-119.4546672487,49.88314246857],[-119.45465763141,49.88415934861],[-119.45463201462,49.88498219509],[-119.45464427846,49.88525688001],[-119.45464480762,49.88551519428],[-119.45463892454,49.88645143466],[-119.45463705688,49.88649175871],[-119.45444369291,49.88635079531],[-119.45336754601,49.88557928194],[-119.45329340229,49.88556170334],[-119.45135871303,49.88552425008],[-119.45022598697,49.88570410479],[-119.44916177448,49.88602249999],[-119.44907215281,49.88606919436],[-119.44879530065,49.88611225761],[-119.44840536014,49.88616927052],[-119.44422903407,49.88678236578],[-119.44385269004,49.88681540911],[-119.44323655301,49.88690029177],[-119.44292073908,49.88697486937],[-119.44178417552,49.88723527572],[-119.44162040102,49.88726437608],[-119.44143128549,49.88730105492],[-119.44125389964,49.88735410601],[-119.4391444948,49.887845772],[-119.43755361145,49.88820221256],[-119.43752826937,49.88820979033]]]]},"properties":{"a": "2.0121", "q": "0", "t": "DA", "dw": "619", "hh": "577", "id": "59350071", "pop": "1117", "name": "59350071", "rgid": "5935", "rpid": "5935010", "ruid": "9150008.00", "rguid": "59915"}},{"type":"Feature","geometry":{"type":"MultiPolygon","coordinates":[[[[-119.45821175328,49.88186293254],[-119.45821886664,49.88062807359],[-119.46080454788,49.88062951439],[-119.46085407784,49.88009772787],[-119.4609857561,49.87968053104],[-119.46101796382,49.87925334585],[-119.46103202061,49.87678365546],[-119.46384171541,49.87679741017],[-119.46504084098,49.87679626514],[-119.46576426847,49.8768182479],[-119.46577582739,49.87928035445],[-119.46577331262,49.87987761894],[-119.46577391165,49.88013592829],[-119.46577822361,49.88031359108],[-119.46278212457,49.88162816167],[-119.46224640183,49.88186807333],[-119.45821175328,49.88186293254]]]]},"properties":{"a": "0.1993", "q": "0", "t": "DA", "dw": "431", "hh": "415", "id": "59350072", "pop": "695", "name": "59350072", "rgid": "5935", "rpid": "5935010", "ruid": "9150009.01", "rguid": "59915"}},{"type":"Feature","geometry":{"type":"MultiPolygon","coordinates":[[[[-119.46021121672,49.88752765977],[-119.45992076636,49.88759470848],[-119.45964391529,49.88763780246],[-119.45918168857,49.88763696004],[-119.45884428726,49.88763852363],[-119.45836845957,49.88766163117],[-119.45785182748,49.88775659732],[-119.45768619756,49.88782604876],[-119.45745815403,49.88789429503],[-119.45721650799,49.88798649435],[-119.45707621445,49.88804836199],[-119.45689884558,49.8881014414],[-119.45660651996,49.8882088048],[-119.45579568114,49.8884514473],[-119.45569432561,49.88848177716],[-119.45566898671,49.88848935961],[-119.45541559715,49.88856518375],[-119.4550491143,49.88865496545],[-119.45452446211,49.88865289469],[-119.45454740488,49.88842731974],[-119.45459836407,49.88759688122],[-119.4546282476,49.88695169462],[-119.45463758602,49.8867500741],[-119.45463518922,49.88653208276],[-119.45463705688,49.88649175871],[-119.45463892454,49.88645143466],[-119.45464480762,49.88551519428],[-119.45464427846,49.88525688001],[-119.45463201462,49.88498219509],[-119.45465763141,49.88415934861],[-119.4546672487,49.88314246857],[-119.45465713267,49.88201220389],[-119.45465100118,49.88187486296],[-119.45821175328,49.88186293254],[-119.46224640183,49.88186807333],[-119.46278212457,49.88162816167],[-119.46577822361,49.88031359108],[-119.46577942176,49.8808302108],[-119.46577259488,49.88124981505],[-119.46578181816,49.88186345304],[-119.46577996164,49.88190377665],[-119.46576451034,49.88196805452],[-119.46569527819,49.88238646078],[-119.46546973215,49.88267271226],[-119.4646497665,49.88311704182],[-119.46265137465,49.88419250866],[-119.46252098003,49.884311077],[-119.46353798926,49.88474232404],[-119.46385991126,49.88480502259],[-119.46431839006,49.88488649103],[-119.46450375823,49.88493041656],[-119.46518096855,49.88514523933],[-119.46530392963,49.88518796335],[-119.46566293203,49.88525944088],[-119.46692471378,49.88525947255],[-119.46774963007,49.88525110029],[-119.46774033599,49.88626798909],[-119.46681591304,49.88626637812],[-119.46506655315,49.8862731152],[-119.46337960346,49.88628102238],[-119.46319237115,49.8862774187],[-119.46310462422,49.8862838017],[-119.46282964493,49.88628658026],[-119.46251759114,49.8862805722],[-119.46205165886,49.88636039161],[-119.46170682527,49.88652326175],[-119.46082676002,49.8871843547],[-119.46051712772,49.88739633195],[-119.46021121672,49.88752765977]]]]},"properties":{"a": "0.4799", "q": "0", "t": "DA", "dw": "509", "hh": "490", "id": "59350073", "pop": "806", "name": "59350073", "rgid": "5935", "rpid": "5935010", "ruid": "9150009.03", "rguid": "59915"}},{"type":"Feature","geometry":{"type":"MultiPolygon","coordinates":[[[[-119.42639238081,49.89865547157],[-119.42651807613,49.89784261755],[-119.42640234933,49.89738021744],[-119.4259855244,49.89641141958],[-119.42596965637,49.89621737014],[-119.42604345813,49.89597664587],[-119.42614260786,49.89572834672],[-119.42704887844,49.89372803155],[-119.42726492144,49.89338515795],[-119.42767994705,49.89306233052],[-119.4278846161,49.89296140296],[-119.42844792421,49.89267376906],[-119.42882812081,49.89256013511],[-119.42924349538,49.89249562272],[-119.43093638012,49.89236732703],[-119.43102414503,49.89236097257],[-119.43155451509,49.8922421953],[-119.43174555256,49.89216521038],[-119.43211778765,49.89195454112],[-119.43285807558,49.89135552768],[-119.43411089159,49.89048399947],[-119.43450844324,49.89026574547],[-119.43603849121,49.88960949057],[-119.43638533812,49.88940638448],[-119.43665803846,49.88918568597],[-119.43733768154,49.88854510251],[-119.43748742939,49.88828164294],[-119.43752826937,49.88820979033],[-119.43755361145,49.88820221256],[-119.4391444948,49.887845772],[-119.44125389964,49.88735410601],[-119.44143128549,49.88730105492],[-119.44162040102,49.88726437608],[-119.44178417552,49.88723527572],[-119.44292073908,49.88697486937],[-119.44323655301,49.88690029177],[-119.44385269004,49.88681540911],[-119.44422903407,49.88678236578],[-119.44840536014,49.88616927052],[-119.44879530065,49.88611225761],[-119.44907215281,49.88606919436],[-119.44916177448,49.88602249999],[-119.45022598697,49.88570410479],[-119.45135871303,49.88552425008],[-119.45329340229,49.88556170334],[-119.45336754601,49.88557928194],[-119.45444369291,49.88635079531],[-119.45463705688,49.88649175871],[-119.45463518922,49.88653208276],[-119.45463758602,49.8867500741],[-119.4546282476,49.88695169462],[-119.45459836407,49.88759688122],[-119.45454740488,49.88842731974],[-119.45452446211,49.88865289469],[-119.45431188051,49.88865685625],[-119.45416358122,49.88862170004],[-119.45381017515,49.88842920678],[-119.45355252255,49.8883273577],[-119.45278808567,49.88837714328],[-119.45255016591,49.88838868273],[-119.45237465969,49.88840142977],[-119.45219915337,49.8884141765],[-119.45177212159,49.88846241339],[-119.4514933853,49.88854580886],[-119.45093403791,49.88875292183],[-119.44990495382,49.88912044311],[-119.44945257154,49.88917625103],[-119.44890257239,49.88918173116],[-119.44813998814,49.88919115646],[-119.44800342542,49.8891723628],[-119.44650359755,49.88918361347],[-119.44570393922,49.88918422791],[-119.44520462201,49.88917452758],[-119.44488503357,49.89040335847],[-119.44481322967,49.8906037677],[-119.44384260549,49.89427391504],[-119.44266663297,49.89886036437],[-119.44265113913,49.89892464242],[-119.4429256916,49.89973722657],[-119.44266754103,49.89937701787],[-119.442477465,49.89889704671],[-119.44245775777,49.89878364934],[-119.44238502288,49.89846740988],[-119.44226490361,49.89782735262],[-119.44222361111,49.89764088407],[-119.44223865382,49.89731828114],[-119.44237666897,49.897038433],[-119.44284373002,49.89640172936],[-119.44288644836,49.89628954728],[-119.44291555365,49.8962013175],[-119.44292307205,49.89604001675],[-119.44291321849,49.89598331867],[-119.44283484607,49.89578805804],[-119.44268043733,49.89561553538],[-119.44248707145,49.895474544],[-119.44225474837,49.89536508361],[-119.44187223336,49.89526077222],[-119.44158546017,49.89524711853],[-119.44127146027,49.89528136797],[-119.44041346328,49.89545839749],[-119.44017173452,49.89555055742],[-119.43954981025,49.89575639484],[-119.43902361585,49.89605289037],[-119.43807070864,49.89665588661],[-119.43792847216,49.89675805401],[-119.43769280719,49.89698755744],[-119.43691624481,49.89809447444],[-119.43674488057,49.89828486926],[-119.43644677167,49.89851315281],[-119.43602568815,49.89869867317],[-119.43471360374,49.8992300534],[-119.43434698054,49.89931976137],[-119.43388273432,49.89935912561],[-119.4331725466,49.89931295558],[-119.43275104841,49.89924013544],[-119.43187475819,49.89900504123],[-119.43149829226,49.89903803874],[-119.4311687431,49.89913653276],[-119.43089973032,49.89927657293],[-119.43038742648,49.89980740236],[-119.43006581286,49.90000291855],[-119.43004046212,49.90001049471],[-119.42976160337,49.90009383202],[-119.42945928555,49.90014441908],[-119.42912178043,49.90014588087],[-119.4288485997,49.90010823915],[-119.42883687099,49.90009186433],[-119.42855385618,49.89999752152],[-119.42852850516,49.90000509729],[-119.42827273682,49.89986285249],[-119.4280305929,49.89969665658],[-119.42752060133,49.89911351182],[-119.4272920877,49.89892336415],[-119.42703633036,49.89878111667],[-119.4267650562,49.8987031441],[-119.42639238081,49.89865547157]]]]},"properties":{"a": "1.3867", "q": "0", "t": "DA", "dw": "457", "hh": "445", "id": "59350074", "pop": "1156", "name": "59350074", "rgid": "5935", "rpid": "5935010", "ruid": "9150019.01", "rguid": "59915"}},{"type":"Feature","geometry":{"type":"MultiPolygon","coordinates":[[[[-119.45452446211,49.88865289469],[-119.45453538696,49.88922622518],[-119.45453351907,49.88926654962],[-119.45452604749,49.88942784744],[-119.45452336858,49.89002513286],[-119.45428543977,49.89003667656],[-119.45426105588,49.89433868502],[-119.45448540416,49.89435109492],[-119.45447204329,49.89544866545],[-119.45444081085,49.89639252071],[-119.45444747188,49.8967881931],[-119.45440795153,49.89845033273],[-119.45524487396,49.89845843655],[-119.45521098743,49.89999960827],[-119.4552088507,49.90085524395],[-119.45476434929,49.9010081025],[-119.4546240076,49.90106996945],[-119.45439588546,49.90113821179],[-119.45405650419,49.90118008516],[-119.45380864082,49.90113493018],[-119.45329556806,49.90114922468],[-119.45090950439,49.90112726031],[-119.45072220552,49.90112363273],[-119.45003544327,49.90111032855],[-119.44974675341,49.90113702439],[-119.44813384851,49.90142058163],[-119.44741985831,49.90145516608],[-119.44670961916,49.90140909334],[-119.4460402197,49.90129115606],[-119.44486901543,49.90094550928],[-119.44468547409,49.90086121842],[-119.44442776616,49.90075934103],[-119.44419352947,49.90069020905],[-119.44373069548,49.900430966],[-119.44330682963,49.90014018877],[-119.44318760572,49.90001678354],[-119.44297262855,49.89980271903],[-119.4429256916,49.89973722657],[-119.44265113913,49.89892464242],[-119.44266663297,49.89886036437],[-119.44384260549,49.89427391504],[-119.44481322967,49.8906037677],[-119.44488503357,49.89040335847],[-119.44520462201,49.88917452758],[-119.44570393922,49.88918422791],[-119.44650359755,49.88918361347],[-119.44800342542,49.8891723628],[-119.44813998814,49.88919115646],[-119.44890257239,49.88918173116],[-119.44945257154,49.88917625103],[-119.44990495382,49.88912044311],[-119.45093403791,49.88875292183],[-119.4514933853,49.88854580886],[-119.45177212159,49.88846241339],[-119.45219915337,49.8884141765],[-119.45237465969,49.88840142977],[-119.45255016591,49.88838868273],[-119.45278808567,49.88837714328],[-119.45355252255,49.8883273577],[-119.45381017515,49.88842920678],[-119.45416358122,49.88862170004],[-119.45431188051,49.88865685625],[-119.45452446211,49.88865289469]]]]},"properties":{"a": "1.0292", "q": "0", "t": "DA", "dw": "204", "hh": "197", "id": "59350075", "pop": "512", "name": "59350075", "rgid": "5935", "rpid": "5935010", "ruid": "9150015.00", "rguid": "59915"}},{"type":"Feature","geometry":{"type":"MultiPolygon","coordinates":[[[[-119.38777791954,49.91815335951],[-119.38805880979,49.91777146476],[-119.3885328642,49.91727233479],[-119.38884696043,49.91697990777],[-119.38960596723,49.91653490934],[-119.39246040257,49.914888486],[-119.39344762916,49.91437535922],[-119.39580634092,49.91315491076],[-119.39594681245,49.91309312504],[-119.39806345653,49.91196468402],[-119.3986408778,49.91165325421],[-119.39976245602,49.91094092229],[-119.40129324726,49.90951015017],[-119.40521777265,49.9053175243],[-119.40587664746,49.90460404053],[-119.40596827491,49.9045170568],[-119.4060481811,49.90441369524],[-119.40861716796,49.90163914586],[-119.40894654922,49.90128239752],[-119.40922330156,49.9009811154],[-119.41238426044,49.89757242259],[-119.41409511459,49.8957495446],[-119.41442440107,49.89539278529],[-119.41499793157,49.89542025005],[-119.41745999052,49.89567868938],[-119.41812290531,49.89540114519],[-119.41885013721,49.89508450169],[-119.42041768747,49.89443728106],[-119.42120920688,49.89408152514],[-119.42286634933,49.89338759759],[-119.42350384295,49.89311759352],[-119.42368317493,49.89302424896],[-119.42444739403,49.89271636743],[-119.42639875477,49.89187479018],[-119.42773795194,49.89129563488],[-119.42915314688,49.89069373553],[-119.43042795954,49.89015364721],[-119.4306696784,49.89006151295],[-119.43111604189,49.88986844494],[-119.43138310172,49.88976873285],[-119.43162481618,49.88967659636],[-119.43222134429,49.88947838982],[-119.43224668813,49.88947081338],[-119.43247478226,49.88940262514],[-119.43288028108,49.88928140034],[-119.43353732306,49.8891247306],[-119.43433280346,49.88894654535],[-119.43570927417,49.88863440129],[-119.43713640842,49.888307083],[-119.43752826937,49.88820979033],[-119.43748742939,49.88828164294],[-119.43733768154,49.88854510251],[-119.43665803846,49.88918568597],[-119.43638533812,49.88940638448],[-119.43603849121,49.88960949057],[-119.43450844324,49.89026574547],[-119.43411089159,49.89048399947],[-119.43285807558,49.89135552768],[-119.43211778765,49.89195454112],[-119.43174555256,49.89216521038],[-119.43155451509,49.8922421953],[-119.43102414503,49.89236097257],[-119.43093638012,49.89236732703],[-119.42924349538,49.89249562272],[-119.42882812081,49.89256013511],[-119.42844792421,49.89267376906],[-119.4278846161,49.89296140296],[-119.42767994705,49.89306233052],[-119.42726492144,49.89338515795],[-119.42704887844,49.89372803155],[-119.42614260786,49.89572834672],[-119.42604345813,49.89597664587],[-119.42596965637,49.89621737014],[-119.4259855244,49.89641141958],[-119.42640234933,49.89738021744],[-119.42651807613,49.89784261755],[-119.42639238081,49.89865547157],[-119.42629736872,49.89908144967],[-119.42609750734,49.89987670697],[-119.42602938796,49.8999964583],[-119.42553132921,49.9010199701],[-119.42491752371,49.9015810744],[-119.42513810805,49.90167420273],[-119.42531971577,49.90179885591],[-119.42549563369,49.90204448585],[-119.42564275409,49.90263667212],[-119.42565068855,49.90273369903],[-119.42588939606,49.90323888464],[-119.42588370612,49.90335986226],[-119.4258450757,49.90364971875],[-119.42577350362,49.90410845459],[-119.42526331526,49.90485727216],[-119.42501424997,49.90536903468],[-119.42498130446,49.90553791433],[-119.42501079783,49.90570801965],[-119.42507737559,49.90588692564],[-119.42555602315,49.90634031755],[-119.42613989699,49.90668275387],[-119.42625908903,49.90680618261],[-119.42628289932,49.90709726754],[-119.42618751608,49.90726492381],[-119.42614474072,49.90737710295],[-119.42602589684,49.90751200811],[-119.42589532249,49.90763053759],[-119.42601641327,49.90771364054],[-119.4262585963,49.90787984606],[-119.42648525869,49.90811032865],[-119.42672779984,49.90853486846],[-119.42676109468,49.90862432175],[-119.42691548545,49.90879687721],[-119.42707177327,49.90892910585],[-119.42730223707,49.90907893397],[-119.42747215333,49.90918721088],[-119.42755805944,49.90922118587],[-119.4276927843,49.90928033597],[-119.42777869079,49.90931431078],[-119.42791531121,49.90933313382],[-119.42841297492,49.90938324931],[-119.42895151587,49.90936150792],[-119.42309328957,49.91218510276],[-119.42264598934,49.91186147232],[-119.42236258119,49.91150876969],[-119.42222943168,49.91115094707],[-119.42177867024,49.9111663052],[-119.41946904531,49.91189586932],[-119.41880968141,49.91209278461],[-119.41668510394,49.91260796217],[-119.41628123356,49.91268880314],[-119.41609007165,49.91276576358],[-119.41502898935,49.91326150524],[-119.41464474664,49.9134557483],[-119.41391143036,49.91389336247],[-119.41375734742,49.91397912371],[-119.41224784043,49.91496651173],[-119.41191047366,49.91522625589],[-119.41185783571,49.91528172695],[-119.41133744008,49.91597379646],[-119.41103523792,49.91628267201],[-119.41081294892,49.91648817718],[-119.41065884978,49.91657393435],[-119.41002689507,49.91698123786],[-119.40994888737,49.91704427969],[-119.40971294966,49.9172737324],[-119.40956483125,49.91749684884],[-119.40939948971,49.91808291377],[-119.40918483774,49.91812710592],[-119.40845688423,49.91818535933],[-119.40840615233,49.91820050148],[-119.40621822012,49.91819753942],[-119.40538090535,49.91818901832],[-119.40260548985,49.91818240191],[-119.39999207983,49.9181870008],[-119.39916648861,49.91819480617],[-119.39805397823,49.91818882305],[-119.39602805096,49.91819693108],[-119.39466571209,49.91818593337],[-119.39407822871,49.91818229536],[-119.39380303133,49.91818488139],[-119.39345365697,49.91816984099],[-119.3923157792,49.91817136028],[-119.38941545302,49.91816187946],[-119.38777791954,49.91815335951]]]]},"properties":{"a": "3.8259", "q": "0", "t": "DA", "dw": "467", "hh": "446", "id": "59350076", "pop": "1008", "name": "59350076", "rgid": "5935", "rpid": "5935010", "ruid": "9150019.01", "rguid": "59915"}},{"type":"Feature","geometry":{"type":"MultiPolygon","coordinates":[[[[-119.4039387004,49.99738483626],[-119.40412643489,49.99738855407],[-119.4041556954,49.99730030466],[-119.40430776265,49.99673804207],[-119.40439917149,49.99613420282],[-119.40438891945,49.99556065308],[-119.40430626925,49.99492914394],[-119.40412196626,49.99432792404],[-119.4037693868,49.99357801747],[-119.40001884569,49.9879156323],[-119.3966528806,49.98287454065],[-119.39594466636,49.98197220985],[-119.39522281443,49.98109382958],[-119.39509176156,49.98095394783],[-119.39436222102,49.98023690873],[-119.39372467337,49.97969127037],[-119.3935799608,49.97957533974],[-119.39233033005,49.97847648382],[-119.39136822856,49.97764981859],[-119.39046677735,49.97686472968],[-119.39009524553,49.97651817442],[-119.38935220071,49.97582506096],[-119.38925638824,49.97573432554],[-119.38891221814,49.97533986424],[-119.38845265159,49.97474122818],[-119.38786596705,49.9739220331],[-119.38749243889,49.97335741266],[-119.38729103894,49.9731192208],[-119.38660462378,49.97203156342],[-119.38575972163,49.97033513473],[-119.38507117767,49.96851264209],[-119.38476978989,49.96723082516],[-119.38462293873,49.96638005673],[-119.38451683775,49.96468228147],[-119.3845382679,49.96449699677],[-119.38454531853,49.9622685837],[-119.38452371239,49.96193709937],[-119.38454848859,49.96012085406],[-119.3846401066,49.95951711008],[-119.38489185277,49.95870663936],[-119.38618978957,49.95539792682],[-119.38626586914,49.95511685027],[-119.38636927821,49.95478787523],[-119.38642965194,49.95431270398],[-119.38648360568,49.95240827608],[-119.38648931764,49.95202890527],[-119.3864930919,49.95168986689],[-119.38648025564,49.94883138059],[-119.38653827695,49.94736306698],[-119.38660241069,49.94654887562],[-119.38672689884,49.9452595301],[-119.38685943643,49.94458396966],[-119.38716569169,49.94367774131],[-119.38766522474,49.94265427125],[-119.38798328244,49.94202279407],[-119.38849449927,49.94101570773],[-119.3884964344,49.94097537728],[-119.38881446631,49.94034390111],[-119.38986410776,49.93828183558],[-119.39085309182,49.93617819653],[-119.39088233723,49.93608996987],[-119.39100885031,49.93527705498],[-119.39096968541,49.93505021093],[-119.39092652723,49.93464566723],[-119.39063138415,49.93401810546],[-119.3902289361,49.93354179968],[-119.38951603267,49.93301892321],[-119.38889692363,49.932627094],[-119.38878755653,49.93256031964],[-119.38835009168,49.93229322111],[-119.38791263253,49.93202612088],[-119.38736968818,49.93161158498],[-119.38709623171,49.9313154672],[-119.38691063353,49.93101303298],[-119.38667611706,49.93042704607],[-119.38663484068,49.92972382349],[-119.38665216641,49.92910251012],[-119.38656431611,49.92910882583],[-119.38646474569,49.92909875995],[-119.38648076295,49.92511887325],[-119.38647658785,49.9244244793],[-119.38666398723,49.92442822937],[-119.38667896593,49.92281386039],[-119.38668446778,49.92191783329],[-119.38670148287,49.92052149708],[-119.38675018726,49.92028834739],[-119.38678717346,49.9200388169],[-119.38693338546,49.91959771467],[-119.38711281139,49.91924608289],[-119.38778963703,49.91816974025],[-119.38777791954,49.91815335951],[-119.38941545302,49.91816187946],[-119.3923157792,49.91817136028],[-119.39345365697,49.91816984099],[-119.39380303133,49.91818488139],[-119.39407822871,49.91818229536],[-119.39466571209,49.91818593337],[-119.39602805096,49.91819693108],[-119.39805397823,49.91818882305],[-119.39916648861,49.91819480617],[-119.39999207983,49.9181870008],[-119.40260548985,49.91818240191],[-119.40538090535,49.91818901832],[-119.40621822012,49.91819753942],[-119.40840615233,49.91820050148],[-119.40845688423,49.91818535933],[-119.40918483774,49.91812710592],[-119.40939948971,49.91808291377],[-119.40956483125,49.91749684884],[-119.40971294966,49.9172737324],[-119.40994888737,49.91704427969],[-119.41002689507,49.91698123786],[-119.41065884978,49.91657393435],[-119.41081294892,49.91648817718],[-119.41103523792,49.91628267201],[-119.41133744008,49.91597379646],[-119.41185783571,49.91528172695],[-119.41191047366,49.91522625589],[-119.41224784043,49.91496651173],[-119.41375734742,49.91397912371],[-119.41391143036,49.91389336247],[-119.41464474664,49.9134557483],[-119.41502898935,49.91326150524],[-119.41609007165,49.91276576358],[-119.41628123356,49.91268880314],[-119.41668510394,49.91260796217],[-119.41880968141,49.91209278461],[-119.41946904531,49.91189586932],[-119.42177867024,49.9111663052],[-119.42222943168,49.91115094707],[-119.42236258119,49.91150876969],[-119.42264598934,49.91186147232],[-119.42309328957,49.91218510276],[-119.4226739058,49.9123302478],[-119.42250431655,49.9124803002],[-119.42133110821,49.91376505025],[-119.42036642878,49.9148682176],[-119.4203274349,49.91489974238],[-119.42015402083,49.91513044695],[-119.42001579345,49.91541028162],[-119.41996538066,49.91568377126],[-119.41991687028,49.91591693359],[-119.41994635013,49.9160870466],[-119.41996091711,49.91683812331],[-119.4199808824,49.91720987539],[-119.41996153991,49.91735480946],[-119.41994884068,49.91815379138],[-119.41990254156,49.91860497216],[-119.41983658699,49.91894274374],[-119.41986004801,49.91897549767],[-119.41966598526,49.9199081585],[-119.41956514329,49.92045514625],[-119.41954389413,49.92064041007],[-119.41949347177,49.92091390446],[-119.41946872284,49.92143817198],[-119.41949151515,49.92254464471],[-119.41961706291,49.92306379938],[-119.41972486118,49.92342921454],[-119.41985993219,49.92374672725],[-119.41807657884,49.92443821781],[-119.41726127931,49.9250195812],[-119.41693177989,49.92537638695],[-119.41681314531,49.92576964027],[-119.41690728782,49.92615901314],[-119.41697576989,49.92629760844],[-119.41756074508,49.92741517565],[-119.41761178169,49.9276583808],[-119.41759814368,49.92768233222],[-119.41754960568,49.92791550315],[-119.41706624882,49.92861643756],[-119.41663552502,49.92926189501],[-119.41650104024,49.92946107979],[-119.41634308982,49.92962750854],[-119.4162904394,49.92968298476],[-119.4159938964,49.92987090198],[-119.41529931372,49.93027702682],[-119.41491300437,49.93051161197],[-119.41482133786,49.93059861192],[-119.41462627188,49.93075623338],[-119.4146382817,49.93103096719],[-119.41418348031,49.93112695076],[-119.413964946,49.93125181451],[-119.41385963442,49.93136276501],[-119.41380697841,49.93141824023],[-119.41345829591,49.93217833915],[-119.41341545982,49.93229052252],[-119.41338817581,49.93233842497],[-119.41307658389,49.93310733077],[-119.41303565644,49.9331791845],[-119.4130083714,49.93322708699],[-119.41258735617,49.93392924571],[-119.41156470376,49.93439346284],[-119.41140071973,49.93442251771],[-119.41149639432,49.93459267025],[-119.41128480331,49.93458533192],[-119.41061969693,49.93431464351],[-119.40988313156,49.93413982421],[-119.40920630256,49.93405054939],[-119.40786920165,49.93424773371],[-119.40730182223,49.93471122908],[-119.40678625186,49.93537395479],[-119.40661384991,49.93582992889],[-119.40669394052,49.93642129264],[-119.40662921818,49.93665132049],[-119.4063983713,49.93682356154],[-119.40609895701,49.93696457159],[-119.40609495855,49.93696974026],[-119.40608949942,49.9369793205],[-119.40612283969,49.937146298],[-119.40714300002,49.93779018905],[-119.40748837191,49.9381563038],[-119.40789268532,49.93837462472],[-119.40793274865,49.93862408685],[-119.4079928885,49.93883277062],[-119.40788512122,49.93907365626],[-119.40795629749,49.93939236113],[-119.40824860635,49.94021762692],[-119.40817450969,49.94086892251],[-119.40829708697,49.94101425294],[-119.40882818936,49.94114505746],[-119.4090497765,49.94128669357],[-119.40916871822,49.9414032893],[-119.40923870268,49.94140926547],[-119.40928963844,49.94226876622],[-119.40977891562,49.94540300894],[-119.4101942787,49.94877804012],[-119.41042515626,49.9491863005],[-119.41148251737,49.94984503091],[-119.41174836246,49.95004405604],[-119.4122331145,49.95037658589],[-119.41227590342,49.95211334519],[-119.41242683685,49.95262498962],[-119.41373545345,49.95432214325],[-119.4141397533,49.95609027585],[-119.41412119664,49.95701036462],[-119.41427654406,49.95795810779],[-119.41483324573,49.95968081779],[-119.41433144361,49.95996967368],[-119.41368356671,49.960699732],[-119.41348671273,49.96115608419],[-119.41359755457,49.96251475507],[-119.41285352217,49.96289572202],[-119.4122697492,49.96332829301],[-119.41249254941,49.96338113567],[-119.41448742233,49.96513224629],[-119.41622621327,49.96489197443],[-119.41740383825,49.96434187775],[-119.41781995756,49.96427739741],[-119.42090827712,49.96355490721],[-119.42297101118,49.96307865405],[-119.42399078411,49.96295332478],[-119.42431964057,49.96341193623],[-119.42461931179,49.96395879254],[-119.42479393371,49.96450319713],[-119.42489238463,49.96507033213],[-119.42488098167,49.96531233953],[-119.42485627481,49.96583668959],[-119.42468335392,49.96658421799],[-119.42410201824,49.96882558665],[-119.42372882024,49.97036856967],[-119.42372501649,49.97044924022],[-119.42336767451,49.97218633173],[-119.42324135644,49.97274099932],[-119.42339160051,49.97406818155],[-119.42338399099,49.97422952473],[-119.42329134071,49.97513206667],[-119.42332501515,49.97547993746],[-119.4235504668,49.97600921322],[-119.42392295023,49.97687243517],[-119.42401917945,49.97722153438],[-119.42395887046,49.97743836893],[-119.42396681541,49.9775354213],[-119.4239319056,49.97774467942],[-119.42365541361,49.97856288001],[-119.42363001312,49.97857045659],[-119.42347447303,49.97921338641],[-119.42340307612,49.97993064102],[-119.42344626848,49.98007683436],[-119.42341806275,49.9809402849],[-119.42339366129,49.9817230643],[-119.42332349526,49.98188318483],[-119.42256751849,49.98383862249],[-119.42184258824,49.98566547918],[-119.42104645229,49.98687724545],[-119.42096261249,49.98706132403],[-119.42090830705,49.98741555768],[-119.42104169268,49.98777347724],[-119.42128845888,49.98811747296],[-119.42196556702,49.98863141558],[-119.42211039179,49.9887473082],[-119.42246070568,49.98902065837],[-119.42362315468,49.98986711411],[-119.42401479086,49.99032699634],[-119.42406180131,49.99039251852],[-119.42410690947,49.99049837879],[-119.42419902885,49.99066976125],[-119.42439380048,49.99158606477],[-119.42452308519,49.99176625103],[-119.42472616098,49.9930380262],[-119.425115759,49.9948706488],[-119.42525974936,49.99580211882],[-119.42530296506,49.99594831942],[-119.42545647047,49.9966780976],[-119.42560392992,49.99727047936],[-119.42558681831,49.99763353133],[-119.42549537127,49.99797897733],[-119.42539977335,49.99814668596],[-119.42524764478,49.99845056735],[-119.4249703522,49.99875199692],[-119.42425722812,49.99926291946],[-119.42384300343,49.99954551267],[-119.4235285243,49.99983813541],[-119.42338208637,50.0000209974],[-119.42295642387,50.00054562452],[-119.42265591917,50.00107270579],[-119.42252950247,50.00162742821],[-119.42235225163,50.00219730529],[-119.42203806667,50.00274834604],[-119.4220126509,50.00275592284],[-119.42178423211,50.00308253416],[-119.42056392526,50.00477865788],[-119.42049561537,50.00489844918],[-119.41972417375,50.00584428622],[-119.40882754714,50.00575079765],[-119.40302988528,50.00540999854],[-119.40287928357,50.00541509053],[-119.40286692216,50.00462343982],[-119.40286266561,50.00418727566],[-119.40292066979,50.00086939461],[-119.4029245173,50.00078871632],[-119.40294973056,50.00052272614],[-119.40298861419,50.00023278074],[-119.40301595554,50.00018486985],[-119.40303732064,49.99999955824],[-119.40310162054,49.9997020415],[-119.4031659195,49.99940452501],[-119.40321077717,49.99925198094],[-119.40327912815,49.99913220396],[-119.40355424249,49.99835434081],[-119.40378257009,49.99776936119],[-119.40379623949,49.99774540584],[-119.4039387004,49.99738483626]]],[[[-119.41246300498,49.9373367583],[-119.41161603363,49.93885111084],[-119.41115629902,49.93909640904],[-119.41130276982,49.938611594],[-119.41140915131,49.93837310015],[-119.41138486554,49.93790919257],[-119.41141398865,49.93754564649],[-119.41158730855,49.93717485707],[-119.41176518283,49.93706412843],[-119.41194127901,49.9370304675],[-119.41213480883,49.93705124378],[-119.41229856537,49.93717235213],[-119.41238043418,49.93731889016],[-119.41238287631,49.93732014942],[-119.41243639885,49.93733896812],[-119.41246300498,49.9373367583]]]]},"properties":{"a": "19.0941", "q": "0", "t": "DA", "dw": "3044", "hh": "2227", "id": "59350077", "pop": "4622", "name": "59350077", "rgid": "5935", "rpid": "5935010", "ruid": "9150019.01", "rguid": "59915"}},{"type":"Feature","geometry":{"type":"MultiPolygon","coordinates":[[[[-119.38677114514,49.90917211856],[-119.38676706932,49.90873609879],[-119.38679202247,49.90769519305],[-119.38678794658,49.90725917553],[-119.3878006415,49.90725522189],[-119.38841333094,49.90725133158],[-119.38868845541,49.9072487607],[-119.39146312992,49.90725576895],[-119.39207581902,49.90725185586],[-119.39238802163,49.90725808766],[-119.39445048896,49.90725886694],[-119.39476269198,49.90726509122],[-119.39522513803,49.90726623617],[-119.39802517594,49.90726549217],[-119.39805211411,49.90670093022],[-119.39804791881,49.90626491469],[-119.39805544167,49.90584527864],[-119.39806034594,49.90443264019],[-119.39807346662,49.90363369946],[-119.39809095592,49.90352910201],[-119.3980752169,49.90333504326],[-119.39809253229,49.90297211543],[-119.3980981302,49.90259280943],[-119.3955011229,49.90227468721],[-119.39437540103,49.90229260911],[-119.39440401241,49.90117107497],[-119.39612865951,49.90117316073],[-119.39791573823,49.90117645904],[-119.3982786102,49.9011675362],[-119.40000325734,49.9011695541],[-119.40031541494,49.90117576064],[-119.40099044406,49.90117303337],[-119.4022644323,49.90119027206],[-119.40235222049,49.90118394297],[-119.40321454448,49.90118492002],[-119.40410222476,49.90117832002],[-119.40601416775,49.90118394891],[-119.40660140911,49.90118751553],[-119.40675162835,49.90118241971],[-119.4082382702,49.9011957221],[-119.40877288778,49.90125474214],[-119.40894654922,49.90128239752],[-119.40861716796,49.90163914586],[-119.4060481811,49.90441369524],[-119.40596827491,49.9045170568],[-119.40587664746,49.90460404053],[-119.40521777265,49.9053175243],[-119.40129324726,49.90951015017],[-119.39976245602,49.91094092229],[-119.3986408778,49.91165325421],[-119.39806345653,49.91196468402],[-119.39594681245,49.91309312504],[-119.39580634092,49.91315491076],[-119.39344762916,49.91437535922],[-119.39246040257,49.914888486],[-119.38960596723,49.91653490934],[-119.38884696043,49.91697990777],[-119.3885328642,49.91727233479],[-119.38805880979,49.91777146476],[-119.38777791954,49.91815335951],[-119.38765300563,49.91815086097],[-119.38759054868,49.91814961164],[-119.3874656348,49.91814711285],[-119.38669078189,49.91813968231],[-119.38674335503,49.91782588023],[-119.38677962028,49.91576795255],[-119.38677564637,49.9155902644],[-119.3866897607,49.91555625309],[-119.386529706,49.91550461099],[-119.38639502003,49.91544540331],[-119.38626033445,49.91538619547],[-119.38633837536,49.91532317277],[-119.38641641603,49.91526015002],[-119.38649445645,49.91519712723],[-119.3865607805,49.91511772368],[-119.38662710429,49.91503832011],[-119.38666805985,49.91496648191],[-119.38669729915,49.91487826302],[-119.38672653832,49.91479004415],[-119.38675964855,49.91462117188],[-119.38672643598,49.91453170321],[-119.38674365147,49.91365208263],[-119.38673346172,49.91256201738],[-119.38673896101,49.91166602237],[-119.38675627755,49.91104474817],[-119.3867599433,49.91044742102],[-119.38675393211,49.91005172537],[-119.38677114514,49.90917211856]]]]},"properties":{"a": "1.2463", "q": "0", "t": "DA", "dw": "202", "hh": "184", "id": "59350078", "pop": "525", "name": "59350078", "rgid": "5935", "rpid": "5935010", "ruid": "9150016.00", "rguid": "59915"}},{"type":"Feature","geometry":{"type":"MultiPolygon","coordinates":[[[[-119.392254061,49.9011766149],[-119.39347925762,49.90116877523],[-119.39440401241,49.90117107497],[-119.39437540103,49.90229260911],[-119.3955011229,49.90227468721],[-119.3980981302,49.90259280943],[-119.39809253229,49.90297211543],[-119.3980752169,49.90333504326],[-119.39809095592,49.90352910201],[-119.39807346662,49.90363369946],[-119.39806034594,49.90443264019],[-119.39805544167,49.90584527864],[-119.39804791881,49.90626491469],[-119.39805211411,49.90670093022],[-119.39802517594,49.90726549217],[-119.39522513803,49.90726623617],[-119.39476269198,49.90726509122],[-119.39445048896,49.90725886694],[-119.39238802163,49.90725808766],[-119.39207581902,49.90725185586],[-119.39146312992,49.90725576895],[-119.38868845541,49.9072487607],[-119.38869197805,49.9063931078],[-119.3888167408,49.90613727156],[-119.38890249254,49.90591294674],[-119.38888598472,49.90391056052],[-119.38891316236,49.90360433855],[-119.38957651807,49.90358530972],[-119.39107688675,49.90357492577],[-119.39159001121,49.90356095533],[-119.39308844963,49.90359086598],[-119.39308059191,49.90349383617],[-119.39311338196,49.90280830749],[-119.39309159564,49.90221856401],[-119.39305837931,49.90212910135],[-119.39297444547,49.90205477206],[-119.39270128521,49.90201702981],[-119.39228768664,49.90204106511],[-119.392254061,49.9011766149]]]]},"properties":{"a": "0.3266", "q": "0", "t": "DA", "dw": "328", "hh": "320", "id": "59350079", "pop": "776", "name": "59350079", "rgid": "5935", "rpid": "5935010", "ruid": "9150016.00", "rguid": "59915"}},{"type":"Feature","geometry":{"type":"MultiPolygon","coordinates":[[[[-119.3868255177,49.90361100844],[-119.38684079155,49.90277174647],[-119.38682887291,49.90223870658],[-119.38683039599,49.90116506471],[-119.38682407671,49.89999439776],[-119.38682601154,49.89995407311],[-119.38684892003,49.89869519717],[-119.38685075169,49.89839654634],[-119.38687345211,49.89662102748],[-119.38686927326,49.89592670271],[-119.38686530089,49.8957490269],[-119.38722812732,49.89574014494],[-119.3876299544,49.89569975195],[-119.38808635905,49.89556357876],[-119.38831456024,49.8954954914],[-119.38868124972,49.89540595603],[-119.38867602407,49.89681854939],[-119.3888089503,49.89743472465],[-119.38881907591,49.89826640577],[-119.39001882936,49.89826617472],[-119.38996860599,49.89931461278],[-119.38996112438,49.89999256621],[-119.38996511055,49.90017024454],[-119.3899421742,49.90117079882],[-119.392254061,49.9011766149],[-119.39228768664,49.90204106511],[-119.39270128521,49.90201702981],[-119.39297444547,49.90205477206],[-119.39305837931,49.90212910135],[-119.39309159564,49.90221856401],[-119.39311338196,49.90280830749],[-119.39308059191,49.90349383617],[-119.39308844963,49.90359086598],[-119.39159001121,49.90356095533],[-119.39107688675,49.90357492577],[-119.38957651807,49.90358530972],[-119.38891316236,49.90360433855],[-119.38888598472,49.90391056052],[-119.38890249254,49.90591294674],[-119.3888167408,49.90613727156],[-119.38869197805,49.9063931078],[-119.38868845541,49.9072487607],[-119.38841333094,49.90725133158],[-119.3878006415,49.90725522189],[-119.38678794658,49.90725917553],[-119.38679364945,49.9068798645],[-119.38681258971,49.90544327623],[-119.38680281135,49.9053865707],[-119.38680443803,49.90457124873],[-119.3868255177,49.90361100844]]]]},"properties":{"a": "0.2869", "q": "0", "t": "DA", "dw": "525", "hh": "451", "id": "59350080", "pop": "1203", "name": "59350080", "rgid": "5935", "rpid": "5935010", "ruid": "9150016.00", "rguid": "59915"}},{"type":"Feature","geometry":{"type":"MultiPolygon","coordinates":[[[[-119.39001882936,49.89826617472],[-119.39350494991,49.89827928182],[-119.39445499591,49.89827401435],[-119.39528018774,49.89826624901],[-119.39601759637,49.89826480022],[-119.39602513849,49.89784517606],[-119.3960167928,49.89697317251],[-119.39709165835,49.89697036737],[-119.39796560929,49.89698776879],[-119.39794304237,49.89824663978],[-119.39793445974,49.89999822488],[-119.39794232826,49.90009525312],[-119.39825692542,49.90083612557],[-119.3982786102,49.9011675362],[-119.39791573823,49.90117645904],[-119.39612865951,49.90117316073],[-119.39440401241,49.90117107497],[-119.39347925762,49.90116877523],[-119.392254061,49.9011766149],[-119.3899421742,49.90117079882],[-119.38996511055,49.90017024454],[-119.38996112438,49.89999256621],[-119.38996860599,49.89931461278],[-119.39001882936,49.89826617472]]]]},"properties":{"a": "0.2067", "q": "0", "t": "DA", "dw": "224", "hh": "210", "id": "59350081", "pop": "633", "name": "59350081", "rgid": "5935", "rpid": "5935010", "ruid": "9150016.00", "rguid": "59915"}},{"type":"Feature","geometry":{"type":"MultiPolygon","coordinates":[[[[-119.39001882936,49.89826617472],[-119.38881907591,49.89826640577],[-119.3888089503,49.89743472465],[-119.38867602407,49.89681854939],[-119.38868124972,49.89540595603],[-119.38904600517,49.89535674336],[-119.38925862761,49.89535292264],[-119.3898964947,49.89534145773],[-119.39048365114,49.8953451204],[-119.39118394015,49.89533489455],[-119.39275814253,49.89534211126],[-119.39350721203,49.89535706012],[-119.3943576999,49.89534173596],[-119.39519454681,49.89535035006],[-119.39794306515,49.89536474252],[-119.39797872943,49.89618884887],[-119.39796560929,49.89698776879],[-119.39709165835,49.89697036737],[-119.3960167928,49.89697317251],[-119.39602513849,49.89784517606],[-119.39601759637,49.89826480022],[-119.39528018774,49.89826624901],[-119.39445499591,49.89827401435],[-119.39350494991,49.89827928182],[-119.39001882936,49.89826617472]]]]},"properties":{"a": "0.1952", "q": "0", "t": "DA", "dw": "186", "hh": "181", "id": "59350082", "pop": "505", "name": "59350082", "rgid": "5935", "rpid": "5935010", "ruid": "9150016.00", "rguid": "59915"}},{"type":"Feature","geometry":{"type":"MultiPolygon","coordinates":[[[[-119.3943576999,49.89534173596],[-119.39438510342,49.89215365677],[-119.39594747115,49.89214444395],[-119.39784535494,49.89217417669],[-119.39852023636,49.89217146643],[-119.39850765708,49.89374534025],[-119.39842618119,49.89440566065],[-119.39831113044,49.89445987803],[-119.39778448338,49.89449782894],[-119.39791159491,49.89497663618],[-119.39794306515,49.89536474252],[-119.39519454681,49.89535035006],[-119.3943576999,49.89534173596]]]]},"properties":{"a": "0.1014", "q": "0", "t": "DA", "dw": "171", "hh": "162", "id": "59350083", "pop": "368", "name": "59350083", "rgid": "5935", "rpid": "5935010", "ruid": "9150007.00", "rguid": "59915"}},{"type":"Feature","geometry":{"type":"MultiPolygon","coordinates":[[[[-119.399582986,49.8890121025],[-119.39999452778,49.88902836101],[-119.40069470676,49.88901806775],[-119.40127005925,49.88900528848],[-119.40238178008,49.88901123468],[-119.40236763113,49.89088373453],[-119.40235691831,49.89215895715],[-119.40109492541,49.89215809786],[-119.40073213361,49.8921670308],[-119.39999483458,49.89216851486],[-119.39852023636,49.89217146643],[-119.39784535494,49.89217417669],[-119.39789956075,49.89156175326],[-119.39799694641,49.89135380995],[-119.39814311008,49.89117105492],[-119.39822301001,49.89106770454],[-119.39850764026,49.89086348838],[-119.39908668403,49.8905117554],[-119.39936343612,49.89021051234],[-119.3995426274,49.88985889407],[-119.399582986,49.8890121025]]]]},"properties":{"a": "0.0902", "q": "0", "t": "DA", "dw": "401", "hh": "383", "id": "59350086", "pop": "655", "name": "59350086", "rgid": "5935", "rpid": "5935010", "ruid": "9150007.00", "rguid": "59915"}},{"type":"Feature","geometry":{"type":"MultiPolygon","coordinates":[[[[-119.40238178008,49.88901123468],[-119.40275625881,49.88901867305],[-119.4027812014,49.88849446918],[-119.4026210297,49.88818454099],[-119.40408760379,49.88808450434],[-119.40455175113,49.88804528212],[-119.40573948999,49.88802848253],[-119.40576550367,49.88879586454],[-119.40587883578,49.88904028061],[-119.40588150802,49.89214011065],[-119.40535681396,49.89213777784],[-119.40235691831,49.89215895715],[-119.40236763113,49.89088373453],[-119.40238178008,49.88901123468]]]]},"properties":{"a": "0.1107", "q": "0", "t": "DA", "dw": "215", "hh": "203", "id": "59350087", "pop": "345", "name": "59350087", "rgid": "5935", "rpid": "5935010", "ruid": "9150007.00", "rguid": "59915"}},{"type":"Feature","geometry":{"type":"MultiPolygon","coordinates":[[[[-119.40470125618,49.88490008122],[-119.40626143078,49.88493102783],[-119.40943438952,49.88493738304],[-119.4094061996,49.88605885781],[-119.40943561453,49.8862289562],[-119.40944948864,49.8864633247],[-119.40945355776,49.88664099382],[-119.40944973374,49.88672164025],[-119.40945404801,49.88715762547],[-119.40943134842,49.88789982184],[-119.40942776921,49.88823878553],[-119.40941487419,49.88903768474],[-119.40824073832,49.88903058185],[-119.40790332374,49.88903197085],[-119.40771608383,49.88902826163],[-119.40701590644,49.88903860483],[-119.40612848885,49.88904523082],[-119.40596659746,49.88903394856],[-119.40587883578,49.88904028061],[-119.40576550367,49.88879586454],[-119.40573948999,49.88802848253],[-119.40455175113,49.88804528212],[-119.40408760379,49.88808450434],[-119.4026210297,49.88818454099],[-119.40263153105,49.88665102035],[-119.40265819003,49.88582818287],[-119.40420668349,49.88584278503],[-119.4044211722,49.88579860871],[-119.40457516896,49.88571287053],[-119.40465887542,49.88552887097],[-119.40470125618,49.88490008122]]]]},"properties":{"a": "0.1848", "q": "0", "t": "DA", "dw": "311", "hh": "299", "id": "59350088", "pop": "730", "name": "59350088", "rgid": "5935", "rpid": "5935010", "ruid": "9150007.00", "rguid": "59915"}},{"type":"Feature","geometry":{"type":"MultiPolygon","coordinates":[[[[-119.40588150802,49.89214011065],[-119.40587883578,49.88904028061],[-119.40596659746,49.88903394856],[-119.40612848885,49.88904523082],[-119.40701590644,49.88903860483],[-119.40771608383,49.88902826163],[-119.40790332374,49.88903197085],[-119.40824073832,49.88903058185],[-119.40941487419,49.88903768474],[-119.41027694347,49.88903859991],[-119.41061435803,49.88903720277],[-119.41261349769,49.88903636701],[-119.41258565655,49.89041617766],[-119.41255235058,49.89217528745],[-119.41127672707,49.89219850641],[-119.41108947242,49.89219480357],[-119.41025268648,49.89218632465],[-119.41015319973,49.89217628401],[-119.40996594529,49.89217257903],[-119.40876636992,49.8921730531],[-119.4077169807,49.89216841543],[-119.40705573233,49.89214724175],[-119.40588150802,49.89214011065]]]]},"properties":{"a": "0.1677", "q": "0", "t": "DA", "dw": "332", "hh": "319", "id": "59350089", "pop": "763", "name": "59350089", "rgid": "5935", "rpid": "5935010", "ruid": "9150007.00", "rguid": "59915"}},{"type":"Feature","geometry":{"type":"MultiPolygon","coordinates":[[[[-119.40943438952,49.88493738304],[-119.41007208929,49.88492578785],[-119.41067871154,49.88504272829],[-119.41101609328,49.88504132979],[-119.41355136075,49.88505915361],[-119.4135641629,49.8861087879],[-119.41355815663,49.88781997646],[-119.41356332751,49.88903091535],[-119.41261349769,49.88903636701],[-119.41061435803,49.88903720277],[-119.41027694347,49.88903859991],[-119.40941487419,49.88903768474],[-119.40942776921,49.88823878553],[-119.40943134842,49.88789982184],[-119.40945404801,49.88715762547],[-119.40944973374,49.88672164025],[-119.40945355776,49.88664099382],[-119.40944948864,49.8864633247],[-119.40943561453,49.8862289562],[-119.4094061996,49.88605885781],[-119.40943438952,49.88493738304]]]]},"properties":{"a": "0.1323", "q": "0", "t": "DA", "dw": "248", "hh": "242", "id": "59350090", "pop": "570", "name": "59350090", "rgid": "5935", "rpid": "5935010", "ruid": "9150007.00", "rguid": "59915"}},{"type":"Feature","geometry":{"type":"MultiPolygon","coordinates":[[[[-119.41261349769,49.88903636701],[-119.41356332751,49.88903091535],[-119.41355815663,49.88781997646],[-119.4147829509,49.88781187211],[-119.41560792877,49.88780393671],[-119.41604481059,49.88781255594],[-119.41625739147,49.88780867703],[-119.41759528761,49.88778662411],[-119.41758255151,49.88858552311],[-119.41757713534,49.8889648116],[-119.41843920327,49.8889656553],[-119.41913937653,49.88895523086],[-119.41949833146,49.88902687766],[-119.4198300398,49.88914642018],[-119.42050518461,49.88940187719],[-119.42066518031,49.88945345937],[-119.42052292548,49.88955559905],[-119.41986423566,49.8900108245],[-119.41976094774,49.89008144142],[-119.41977266998,49.89009781674],[-119.41911015773,49.89063368594],[-119.41884907564,49.89087071243],[-119.41751636752,49.89210373433],[-119.41730596361,49.89232561249],[-119.4169241245,49.892737847],[-119.41656953204,49.89310218386],[-119.41613507396,49.89356988576],[-119.41476731066,49.89501207703],[-119.41442440107,49.89539278529],[-119.41423713158,49.89538908839],[-119.41352512618,49.89538310183],[-119.41278776991,49.89538468172],[-119.41278559465,49.89516668282],[-119.41279296497,49.89474706194],[-119.41281915938,49.89366587635],[-119.41281099069,49.89331052976],[-119.41276002515,49.89306735132],[-119.41260357875,49.89267678616],[-119.41255860758,49.89257095675],[-119.41255235058,49.89217528745],[-119.41258565655,49.89041617766],[-119.41261349769,49.88903636701]]]]},"properties":{"a": "0.2861", "q": "0", "t": "DA", "dw": "438", "hh": "413", "id": "59350091", "pop": "1001", "name": "59350091", "rgid": "5935", "rpid": "5935010", "ruid": "9150007.00", "rguid": "59915"}},{"type":"Feature","geometry":{"type":"MultiPolygon","coordinates":[[[[-119.41355136075,49.88505915361],[-119.41357181641,49.88225046333],[-119.41466373372,49.88214287416],[-119.41541638247,49.88207701032],[-119.41761601547,49.88205582017],[-119.41762071231,49.88275010984],[-119.4176076819,49.8832906821],[-119.41761398622,49.88368633878],[-119.41759554001,49.88460619552],[-119.41758720531,49.88584106848],[-119.41758970182,49.88631737531],[-119.41759600642,49.88671303618],[-119.41757476583,49.88689827772],[-119.41759528761,49.88778662411],[-119.41625739147,49.88780867703],[-119.41604481059,49.88781255594],[-119.41560792877,49.88780393671],[-119.4147829509,49.88781187211],[-119.41355815663,49.88781997646],[-119.4135641629,49.8861087879],[-119.41355136075,49.88505915361]]]]},"properties":{"a": "0.1838", "q": "0", "t": "DA", "dw": "185", "hh": "178", "id": "59350092", "pop": "610", "name": "59350092", "rgid": "5935", "rpid": "5935010", "ruid": "9150007.00", "rguid": "59915"}},{"type":"Feature","geometry":{"type":"MultiPolygon","coordinates":[[[[-119.41761601547,49.88205582017],[-119.41757908125,49.88045683076],[-119.41816602747,49.88046032816],[-119.42246375508,49.88044807084],[-119.42245144267,49.88150526074],[-119.42248660528,49.88155438427],[-119.42251004708,49.88158713329],[-119.42260761235,49.88163748383],[-119.42369379632,49.88165076297],[-119.42461811356,49.88165277883],[-119.42585444411,49.88166091118],[-119.4261293949,49.88165823594],[-119.42727798327,49.88167270027],[-119.42752759415,49.88167759609],[-119.42770677229,49.88291612869],[-119.4277245373,49.88306984576],[-119.42776574937,49.88325631087],[-119.4278928144,49.88347674772],[-119.4289665352,49.88428885707],[-119.42898998371,49.88432160486],[-119.42908756341,49.88437194946],[-119.42871727447,49.88454227838],[-119.42701783744,49.88534845379],[-119.42608241283,49.88584671532],[-119.42587587893,49.88598796004],[-119.42546280688,49.88627044841],[-119.42494645882,49.88662355682],[-119.42270166582,49.88812930921],[-119.42197871014,49.88862364329],[-119.42115435442,49.88914826728],[-119.42066518031,49.88945345937],[-119.42050518461,49.88940187719],[-119.4198300398,49.88914642018],[-119.41949833146,49.88902687766],[-119.41913937653,49.88895523086],[-119.41843920327,49.8889656553],[-119.41757713534,49.8889648116],[-119.41758255151,49.88858552311],[-119.41759528761,49.88778662411],[-119.41757476583,49.88689827772],[-119.41759600642,49.88671303618],[-119.41758970182,49.88631737531],[-119.41758720531,49.88584106848],[-119.41759554001,49.88460619552],[-119.41761398622,49.88368633878],[-119.4176076819,49.8832906821],[-119.41762071231,49.88275010984],[-119.41761601547,49.88205582017]]]]},"properties":{"a": "0.5467", "q": "0", "t": "DA", "dw": "320", "hh": "312", "id": "59350093", "pop": "700", "name": "59350093", "rgid": "5935", "rpid": "5935010", "ruid": "9150008.00", "rguid": "59915"}},{"type":"Feature","geometry":{"type":"MultiPolygon","coordinates":[[[[-119.40947272291,49.8780688143],[-119.40951668838,49.87714140988],[-119.40980332456,49.87715515609],[-119.4127037324,49.87815694325],[-119.41516805386,49.8796666456],[-119.41554244976,49.87967403509],[-119.41551795847,49.88045653586],[-119.41757908125,49.88045683076],[-119.41761601547,49.88205582017],[-119.41541638247,49.88207701032],[-119.41466373372,49.88214287416],[-119.41357181641,49.88225046333],[-119.41186566791,49.88240240275],[-119.41169321636,49.88155949769],[-119.41080214012,49.8816468107],[-119.41080252912,49.88005662619],[-119.41089791198,49.87988900078],[-119.41114725434,49.87963562873],[-119.41047232811,49.87938011628],[-119.41021292877,49.87931847923],[-119.40945243045,49.87928728236],[-119.40947272291,49.8780688143]]]]},"properties":{"a": "0.1828", "q": "0", "t": "DA", "dw": "185", "hh": "176", "id": "59350094", "pop": "476", "name": "59350094", "rgid": "5935", "rpid": "5935010", "ruid": "9150006.00", "rguid": "59915"}},{"type":"Feature","geometry":{"type":"MultiPolygon","coordinates":[[[[-119.40210968041,49.88265299482],[-119.40211292155,49.88179741511],[-119.40320102099,49.881770598],[-119.40458749935,49.88177390718],[-119.40492485446,49.88177252957],[-119.40654922742,49.88176438703],[-119.40791036228,49.88177521903],[-119.40902188849,49.8817810901],[-119.40946061667,49.88174941585],[-119.41080214012,49.8816468107],[-119.41169321636,49.88155949769],[-119.41186566791,49.88240240275],[-119.41357181641,49.88225046333],[-119.41355136075,49.88505915361],[-119.41101609328,49.88504132979],[-119.41067871154,49.88504272829],[-119.41007208929,49.88492578785],[-119.40943438952,49.88493738304],[-119.40944703781,49.88388018209],[-119.4094343415,49.88283055545],[-119.40369915653,49.88285408036],[-119.40340864713,49.88292096121],[-119.40279076994,49.88330422462],[-119.40234202508,49.88302085726],[-119.40215077585,49.88283947037],[-119.40210968041,49.88265299482]]]]},"properties":{"a": "0.1661", "q": "0", "t": "DA", "dw": "181", "hh": "172", "id": "59350095", "pop": "469", "name": "59350095", "rgid": "5935", "rpid": "5935010", "ruid": "9150006.00", "rguid": "59915"}},{"type":"Feature","geometry":{"type":"MultiPolygon","coordinates":[[[[-119.40188933518,49.87757129333],[-119.40290088944,49.87705057051],[-119.40395330507,49.87645800254],[-119.40558836947,49.87779810919],[-119.40597659808,49.87803989715],[-119.40631989191,49.87817585685],[-119.406690444,49.87826392389],[-119.40790538922,49.87845751529],[-119.40811792248,49.87845365407],[-119.40813681482,49.87779212641],[-119.40819514825,49.87761569887],[-119.40848967644,49.87772646875],[-119.40947272291,49.8780688143],[-119.40945243045,49.87928728236],[-119.41021292877,49.87931847923],[-119.41047232811,49.87938011628],[-119.41114725434,49.87963562873],[-119.41089791198,49.87988900078],[-119.41080252912,49.88005662619],[-119.41080214012,49.8816468107],[-119.40946061667,49.88174941585],[-119.40902188849,49.8817810901],[-119.40791036228,49.88177521903],[-119.40654922742,49.88176438703],[-119.40492485446,49.88177252957],[-119.40458749935,49.88177390718],[-119.40320102099,49.881770598],[-119.40319060845,49.8809389664],[-119.40319019699,49.88042234597],[-119.4030690278,49.88008091311],[-119.40248360427,49.87952038475],[-119.4035458843,49.87898451473],[-119.40199473946,49.87771868391],[-119.40188933518,49.87757129333]]]]},"properties":{"a": "0.2434", "q": "0", "t": "DA", "dw": "235", "hh": "232", "id": "59350096", "pop": "670", "name": "59350096", "rgid": "5935", "rpid": "5935010", "ruid": "9150006.00", "rguid": "59915"}},{"type":"Feature","geometry":{"type":"MultiPolygon","coordinates":[[[[-119.39819749932,49.88217157298],[-119.39821480471,49.88180867201],[-119.39822232138,49.88138907185],[-119.39664865245,49.88138194285],[-119.3967026969,49.88051123303],[-119.39663628375,49.88033232377],[-119.39654067778,49.88024162567],[-119.39636903813,49.88017362841],[-119.39543304592,49.88015496965],[-119.39542679873,49.8795010072],[-119.39538381167,49.87935485292],[-119.39674486377,49.87936583922],[-119.39824242391,49.87939566892],[-119.39823053875,49.87912098272],[-119.39824731861,49.87798316122],[-119.3983818989,49.87804234493],[-119.39956742993,49.87806594216],[-119.39999249393,49.87805825529],[-119.40061645819,49.87807066646],[-119.40084454151,49.87800255423],[-119.40105899292,49.87795838645],[-119.40144104855,49.87780454231],[-119.40188933518,49.87757129333],[-119.40199473946,49.87771868391],[-119.4035458843,49.87898451473],[-119.40248360427,49.87952038475],[-119.4030690278,49.88008091311],[-119.40319019699,49.88042234597],[-119.40319060845,49.8809389664],[-119.40320102099,49.881770598],[-119.40211292155,49.88179741511],[-119.40210968041,49.88265299482],[-119.40089675,49.8826773185],[-119.40058089177,49.88275175916],[-119.40005842496,49.88296738788],[-119.40004671261,49.88295101062],[-119.39911221724,49.8823754402],[-119.39868308627,49.88220545646],[-119.39819749932,49.88217157298]]]]},"properties":{"a": "0.2049", "q": "0", "t": "DA", "dw": "165", "hh": "160", "id": "59350097", "pop": "423", "name": "59350097", "rgid": "5935", "rpid": "5935010", "ruid": "9150006.00", "rguid": "59915"}},{"type":"Feature","geometry":{"type":"MultiPolygon","coordinates":[[[[-119.39820623709,49.88356015636],[-119.398209734,49.88296288623],[-119.39819749932,49.88217157298],[-119.39868308627,49.88220545646],[-119.39911221724,49.8823754402],[-119.40004671261,49.88295101062],[-119.40005842496,49.88296738788],[-119.40058089177,49.88275175916],[-119.40089675,49.8826773185],[-119.40210968041,49.88265299482],[-119.40215077585,49.88283947037],[-119.40234202508,49.88302085726],[-119.40279076994,49.88330422462],[-119.40340864713,49.88292096121],[-119.40369915653,49.88285408036],[-119.4094343415,49.88283055545],[-119.40944703781,49.88388018209],[-119.40943438952,49.88493738304],[-119.40626143078,49.88493102783],[-119.40470125618,49.88490008122],[-119.40351552506,49.88487654526],[-119.40314492015,49.88478846423],[-119.40283864182,49.88466129859],[-119.40242926241,49.88486304331],[-119.40207441067,49.88496900371],[-119.40142499451,49.88496416988],[-119.40110316666,49.88490126715],[-119.40087101362,49.88479171319],[-119.40016669114,49.88436602553],[-119.39993646485,49.88421614688],[-119.39901365439,49.88365695029],[-119.3987678796,49.88357133699],[-119.39820623709,49.88356015636]]]]},"properties":{"a": "0.1717", "q": "0", "t": "DA", "dw": "221", "hh": "215", "id": "59350098", "pop": "547", "name": "59350098", "rgid": "5935", "rpid": "5935010", "ruid": "9150006.00", "rguid": "59915"}},{"type":"Feature","geometry":{"type":"MultiPolygon","coordinates":[[[[-119.39820623709,49.88356015636],[-119.3987678796,49.88357133699],[-119.39901365439,49.88365695029],[-119.39993646485,49.88421614688],[-119.40016669114,49.88436602553],[-119.40087101362,49.88479171319],[-119.40110316666,49.88490126715],[-119.40142499451,49.88496416988],[-119.40207441067,49.88496900371],[-119.40242926241,49.88486304331],[-119.40283864182,49.88466129859],[-119.40314492015,49.88478846423],[-119.40351552506,49.88487654526],[-119.40470125618,49.88490008122],[-119.40465887542,49.88552887097],[-119.40457516896,49.88571287053],[-119.4044211722,49.88579860871],[-119.40420668349,49.88584278503],[-119.40265819003,49.88582818287],[-119.40263153105,49.88665102035],[-119.4026210297,49.88818454099],[-119.4027812014,49.88849446918],[-119.40275625881,49.88901867305],[-119.40238178008,49.88901123468],[-119.40127005925,49.88900528848],[-119.40069470676,49.88901806775],[-119.39999452778,49.88902836101],[-119.399582986,49.8890121025],[-119.398170914,49.88901629041],[-119.39810850101,49.88901504787],[-119.39807861007,49.88806999267],[-119.39788945202,49.88810658796],[-119.39755204468,49.88810794149],[-119.3972536235,49.88807778118],[-119.39708194994,49.8880097833],[-119.39641066021,49.88741520428],[-119.39580179949,49.88682186595],[-119.39572174292,49.88666689708],[-119.39757795389,49.88599352312],[-119.39819417147,49.8859089265],[-119.39837737513,49.88573498467],[-119.39822301629,49.88530408389],[-119.39824032278,49.88494117893],[-119.39823210729,49.88432752835],[-119.39822022077,49.8840528374],[-119.39820623709,49.88356015636]]]]},"properties":{"a": "0.2101", "q": "0", "t": "DA", "dw": "288", "hh": "278", "id": "59350099", "pop": "636", "name": "59350099", "rgid": "5935", "rpid": "5935010", "ruid": "9150006.00", "rguid": "59915"}},{"type":"Feature","geometry":{"type":"MultiPolygon","coordinates":[[[[-119.39612299986,49.88899164389],[-119.39458768052,49.88503790735],[-119.39419337374,49.88440040886],[-119.39343014394,49.88311784514],[-119.39310006198,49.88218295803],[-119.39306686183,49.88209350165],[-119.39361470047,49.88187034441],[-119.39354815343,49.88143312118],[-119.39373535746,49.88143685724],[-119.39382503186,49.88139021402],[-119.39415067463,49.88137249543],[-119.39664865245,49.88138194285],[-119.39822232138,49.88138907185],[-119.39821480471,49.88180867201],[-119.39819749932,49.88217157298],[-119.398209734,49.88296288623],[-119.39820623709,49.88356015636],[-119.39822022077,49.8840528374],[-119.39823210729,49.88432752835],[-119.39824032278,49.88494117893],[-119.39822301629,49.88530408389],[-119.39837737513,49.88573498467],[-119.39819417147,49.8859089265],[-119.39757795389,49.88599352312],[-119.39572174292,49.88666689708],[-119.39580179949,49.88682186595],[-119.39641066021,49.88741520428],[-119.39708194994,49.8880097833],[-119.3972536235,49.88807778118],[-119.39755204468,49.88810794149],[-119.39788945202,49.88810658796],[-119.39807861007,49.88806999267],[-119.39810850101,49.88901504787],[-119.39742195838,49.88900137736],[-119.39714695662,49.88900397247],[-119.39708454368,49.88900272928],[-119.39687195483,49.88900656682],[-119.39674712896,49.88900408006],[-119.39612299986,49.88899164389]]]]},"properties":{"a": "0.1933", "q": "0", "t": "DA", "dw": "214", "hh": "207", "id": "59350100", "pop": "517", "name": "59350100", "rgid": "5935", "rpid": "5935010", "ruid": "9150006.00", "rguid": "59915"}},{"type":"Feature","geometry":{"type":"MultiPolygon","coordinates":[[[[-119.38685284445,49.88897598307],[-119.38688562353,49.88803217428],[-119.38689305038,49.88709593331],[-119.38691605311,49.88609542902],[-119.38696247019,49.88512768611],[-119.38696430043,49.88482904946],[-119.38823777613,49.88484646862],[-119.39287142338,49.88487450414],[-119.39337067583,49.88488446974],[-119.3935052717,49.88494366155],[-119.39364772346,49.88509987668],[-119.39378053973,49.88545770528],[-119.393744359,49.88699878502],[-119.39403105866,49.88701257764],[-119.39416566245,49.88707176899],[-119.3941546961,49.88834697369],[-119.39403772947,49.88844150808],[-119.39295137571,49.88842790138],[-119.39283854427,49.88895842306],[-119.39203888981,49.88895860161],[-119.39121388426,49.88896633954],[-119.38973940033,49.88896915956],[-119.38860233094,49.8889706358],[-119.38685284445,49.88897598307]]]]},"properties":{"a": "0.2256", "q": "0", "t": "DA", "dw": "145", "hh": "134", "id": "59350101", "pop": "321", "name": "59350101", "rgid": "5935", "rpid": "5935010", "ruid": "9150005.00", "rguid": "59915"}},{"type":"Feature","geometry":{"type":"MultiPolygon","coordinates":[[[[-119.38708399112,49.88181244165],[-119.38750694856,49.88132850857],[-119.38772927247,49.88138139204],[-119.38827917514,49.88137625379],[-119.39155131263,49.88139324767],[-119.39234971696,49.8829832649],[-119.39283587133,49.88405042858],[-119.39300380699,49.88445739152],[-119.39298052865,49.88468294888],[-119.39287142338,49.88487450414],[-119.38823777613,49.88484646862],[-119.38696430043,49.88482904946],[-119.38696968718,49.88367482829],[-119.3869694796,49.88315820286],[-119.38698270519,49.88210101145],[-119.38708399112,49.88181244165]]]]},"properties":{"a": "0.1488", "q": "0", "t": "DA", "dw": "136", "hh": "132", "id": "59350102", "pop": "359", "name": "59350102", "rgid": "5935", "rpid": "5935010", "ruid": "9150005.00", "rguid": "59915"}},{"type":"Feature","geometry":{"type":"MultiPolygon","coordinates":[[[[-119.37974177519,49.88901093296],[-119.37978230647,49.88713088588],[-119.3811689637,49.88713452498],[-119.38118441437,49.88655362771],[-119.38122701994,49.88540821634],[-119.38120340621,49.88460051464],[-119.38138085762,49.88454757228],[-119.38297999495,49.88454738182],[-119.38356893387,49.88451076319],[-119.38418709473,49.88438593231],[-119.38438399382,49.8841880743],[-119.38440916781,49.88366388397],[-119.38564555066,49.88367252139],[-119.38696968718,49.88367482829],[-119.38696430043,49.88482904946],[-119.38696247019,49.88512768611],[-119.38691605311,49.88609542902],[-119.38689305038,49.88709593331],[-119.38688562353,49.88803217428],[-119.38685284445,49.88897598307],[-119.38535300772,49.88898630214],[-119.38390387512,49.88898147041],[-119.3819164446,49.88899810295],[-119.38111678933,49.88899819279],[-119.38077937413,49.88899948884],[-119.37974177519,49.88901093296]]]]},"properties":{"a": "0.2433", "q": "0", "t": "DA", "dw": "306", "hh": "288", "id": "59350103", "pop": "759", "name": "59350103", "rgid": "5935", "rpid": "5935010", "ruid": "9150005.00", "rguid": "59915"}},{"type":"Feature","geometry":{"type":"MultiPolygon","coordinates":[[[[-119.37892309749,49.88188278497],[-119.38203535342,49.88184844656],[-119.38343547535,49.88182811102],[-119.38531139684,49.88178500392],[-119.38656136423,49.88176968668],[-119.38708399112,49.88181244165],[-119.38698270519,49.88210101145],[-119.3869694796,49.88315820286],[-119.38696968718,49.88367482829],[-119.38564555066,49.88367252139],[-119.38440916781,49.88366388397],[-119.38438399382,49.8841880743],[-119.38418709473,49.88438593231],[-119.38356893387,49.88451076319],[-119.38297999495,49.88454738182],[-119.38138085762,49.88454757228],[-119.38120340621,49.88460051464],[-119.38122701994,49.88540821634],[-119.38118441437,49.88655362771],[-119.3811689637,49.88713452498],[-119.37978230647,49.88713088588],[-119.37828059269,49.88718141983],[-119.37829797748,49.88630188489],[-119.37829195278,49.88538959267],[-119.37841676654,49.8853921028],[-119.37980336499,49.88539576111],[-119.37972702063,49.88412687985],[-119.37959433103,49.88376903396],[-119.37921580104,49.8828089015],[-119.37901678056,49.88227213422],[-119.37892309749,49.88188278497]]]]},"properties":{"a": "0.1968", "q": "0", "t": "DA", "dw": "240", "hh": "229", "id": "59350104", "pop": "609", "name": "59350104", "rgid": "5935", "rpid": "5935010", "ruid": "9150005.00", "rguid": "59915"}},{"type":"Feature","geometry":{"type":"MultiPolygon","coordinates":[[[[-119.37857935086,49.88901985634],[-119.37740522097,49.8890123857],[-119.3774013775,49.88935134951],[-119.37725119788,49.88935640035],[-119.3771029621,49.889321128],[-119.37675185545,49.88908803487],[-119.37630520842,49.8890225379],[-119.37579226031,49.889036428],[-119.37560502331,49.88903265771],[-119.37531637014,49.88905913421],[-119.37498676649,49.88915743673],[-119.37484239795,49.88878319756],[-119.37471754732,49.88852236541],[-119.37463167569,49.88797171266],[-119.37473698196,49.88786082093],[-119.37452239948,49.88738829979],[-119.37419261941,49.88542007533],[-119.37406970705,49.88486060899],[-119.37392144665,49.88430870488],[-119.37364057368,49.88365726099],[-119.37318809678,49.88293777945],[-119.37275124702,49.88241234609],[-119.37246652206,49.8820998582],[-119.37292477354,49.88192343995],[-119.37356047024,49.88169409195],[-119.37515545805,49.88048311895],[-119.37598803974,49.88005591934],[-119.3761030796,49.88000173078],[-119.37752058434,49.87936027605],[-119.37803142101,49.87912839003],[-119.37828489496,49.87905276761],[-119.37869045134,49.87893177043],[-119.37872949502,49.87915857486],[-119.37874712734,49.87957060783],[-119.37879016022,49.88023338868],[-119.37881949684,49.88066180284],[-119.37892309749,49.88188278497],[-119.37901678056,49.88227213422],[-119.37921580104,49.8828089015],[-119.37959433103,49.88376903396],[-119.37972702063,49.88412687985],[-119.37980336499,49.88539576111],[-119.37841676654,49.8853921028],[-119.37829195278,49.88538959267],[-119.37829797748,49.88630188489],[-119.37828059269,49.88718141983],[-119.37978230647,49.88713088588],[-119.37974177519,49.88901093296],[-119.37857935086,49.88901985634]]]]},"properties":{"a": "0.3774", "q": "0", "t": "DA", "dw": "329", "hh": "324", "id": "59350105", "pop": "908", "name": "59350105", "rgid": "5935", "rpid": "5935010", "ruid": "9150005.00", "rguid": "59915"}},{"type":"Feature","geometry":{"type":"MultiPolygon","coordinates":[[[[-119.37892309749,49.88188278497],[-119.37881949684,49.88066180284],[-119.37879016022,49.88023338868],[-119.37874712734,49.87957060783],[-119.37872949502,49.87915857486],[-119.37869045134,49.87893177043],[-119.37904336974,49.87886621808],[-119.37987205616,49.87877793937],[-119.38152554027,49.87868200416],[-119.3821767932,49.87864664761],[-119.38261550858,49.87861509336],[-119.3826779053,49.87861634568],[-119.38332528168,49.87866162464],[-119.38470197395,49.87886682178],[-119.38488916548,49.87887057464],[-119.38540198364,49.87885663764],[-119.38605710519,49.87874061215],[-119.38688180323,49.87847460935],[-119.38712741801,49.87830194258],[-119.38752510119,49.87808388767],[-119.38764022832,49.87828799396],[-119.38767352179,49.87863575924],[-119.38768179502,49.87976601682],[-119.38765677326,49.88054851083],[-119.38767449568,49.8809605442],[-119.38750694856,49.88132850857],[-119.38708399112,49.88181244165],[-119.38656136423,49.88176968668],[-119.38531139684,49.88178500392],[-119.38343547535,49.88182811102],[-119.38203535342,49.88184844656],[-119.37892309749,49.88188278497]]]]},"properties":{"a": "0.2202", "q": "0", "t": "DA", "dw": "148", "hh": "145", "id": "59350106", "pop": "385", "name": "59350106", "rgid": "5935", "rpid": "5935010", "ruid": "9150005.00", "rguid": "59915"}},{"type":"Feature","geometry":{"type":"MultiPolygon","coordinates":[[[[-119.39283854427,49.88895842306],[-119.39295137571,49.88842790138],[-119.39403772947,49.88844150808],[-119.3941546961,49.88834697369],[-119.39416566245,49.88707176899],[-119.39403105866,49.88701257764],[-119.393744359,49.88699878502],[-119.39378053973,49.88545770528],[-119.39364772346,49.88509987668],[-119.3935052717,49.88494366155],[-119.39337067583,49.88488446974],[-119.39287142338,49.88487450414],[-119.39298052865,49.88468294888],[-119.39300380699,49.88445739152],[-119.39283587133,49.88405042858],[-119.39234971696,49.8829832649],[-119.39155131263,49.88139324767],[-119.38827917514,49.88137625379],[-119.38772927247,49.88138139204],[-119.38750694856,49.88132850857],[-119.38767449568,49.8809605442],[-119.38765677326,49.88054851083],[-119.38768179502,49.87976601682],[-119.38767352179,49.87863575924],[-119.38764022832,49.87828799396],[-119.38752510119,49.87808388767],[-119.38712741801,49.87830194258],[-119.38709972081,49.87731659806],[-119.38710531203,49.87667902002],[-119.38710661768,49.87508886338],[-119.38714753261,49.87501703501],[-119.38721572384,49.87489732107],[-119.3873190295,49.87482674206],[-119.38771861081,49.87456836795],[-119.38780816802,49.87426342678],[-119.38802454637,49.87417896695],[-119.38850798512,49.87399491641],[-119.38935393314,49.87354367062],[-119.38954882452,49.87338613073],[-119.38960916232,49.87316939601],[-119.38963836558,49.87308118916],[-119.38958563134,49.87287833684],[-119.3894705097,49.87267423669],[-119.38890480782,49.871968737],[-119.38888139829,49.87193598109],[-119.38879162369,49.87172431601],[-119.38876412111,49.87125559761],[-119.38859423565,49.87063066557],[-119.38859571146,49.86955714248],[-119.38855855416,49.86929002925],[-119.38832050247,49.8687848133],[-119.38810757373,49.86775543561],[-119.38808416723,49.86772267999],[-119.38795543215,49.86754252405],[-119.38742117626,49.86722509979],[-119.38720472804,49.86705125821],[-119.38696477282,49.86658636288],[-119.38690626059,49.86650447349],[-119.38634465481,49.86597663152],[-119.38664677438,49.86592618288],[-119.38717296073,49.8656299986],[-119.38723115608,49.86493699856],[-119.38742386901,49.86430319602],[-119.38752500077,49.86375634872],[-119.3873589241,49.86279249791],[-119.38742709444,49.86267278895],[-119.38754400296,49.86257827095],[-119.38775838821,49.86253413453],[-119.38800594624,49.86257944961],[-119.38816386502,49.86267139915],[-119.38850526696,49.86336432174],[-119.3885309434,49.86413164197],[-119.38869682377,49.86457890354],[-119.38890167845,49.8649946587],[-119.38933480662,49.86585892469],[-119.38932925145,49.86649647868],[-119.38927881279,49.86702820352],[-119.38929256552,49.86726255909],[-119.38958720899,49.86788997835],[-119.38984674895,49.86846826519],[-119.39009073145,49.86911081557],[-119.39012198449,49.86924058925],[-119.39014937747,49.86945100377],[-119.39009122492,49.8701440165],[-119.39012839295,49.87041112995],[-119.3913343012,49.87261463826],[-119.39173051305,49.87347010451],[-119.39200967454,49.87416179462],[-119.39227892966,49.87453848189],[-119.39208597176,49.87465570665],[-119.39196365896,49.87564611362],[-119.39236790169,49.87685691377],[-119.3928385609,49.87824662786],[-119.39258154046,49.87891954776],[-119.39228167264,49.87970462213],[-119.39211224318,49.88011291467],[-119.39289094111,49.88133120886],[-119.3929377773,49.88139672093],[-119.39292414027,49.88142066506],[-119.39302359677,49.88143072273],[-119.39354815343,49.88143312118],[-119.39361470047,49.88187034441],[-119.39306686183,49.88209350165],[-119.39310006198,49.88218295803],[-119.39343014394,49.88311784514],[-119.39419337374,49.88440040886],[-119.39458768052,49.88503790735],[-119.39612299986,49.88899164389],[-119.39588506073,49.88900304641],[-119.39566075944,49.88899050323],[-119.39557299627,49.88899682609],[-119.39551058339,49.88899558191],[-119.39538575764,49.88899309342],[-119.39389956142,49.88897959759],[-119.39371232302,49.88897586174],[-119.39368697238,49.88898342824],[-119.39283854427,49.88895842306]]]]},"properties":{"a": "0.5376", "q": "0", "t": "DA", "dw": "347", "hh": "337", "id": "59350107", "pop": "860", "name": "59350107", "rgid": "5935", "rpid": "5935010", "ruid": "9150005.00", "rguid": "59915"}},{"type":"Feature","geometry":{"type":"MultiPolygon","coordinates":[[[[-119.39354815343,49.88143312118],[-119.39302359677,49.88143072273],[-119.39292414027,49.88142066506],[-119.3929377773,49.88139672093],[-119.39289094111,49.88133120886],[-119.39211224318,49.88011291467],[-119.39228167264,49.87970462213],[-119.39258154046,49.87891954776],[-119.3928385609,49.87824662786],[-119.39236790169,49.87685691377],[-119.39196365896,49.87564611362],[-119.39208597176,49.87465570665],[-119.39227892966,49.87453848189],[-119.39234324872,49.8744994069],[-119.39305874433,49.87442490385],[-119.39699321214,49.87442266161],[-119.39826636968,49.8744399504],[-119.39825710699,49.87515816678],[-119.39827475852,49.87531188498],[-119.3982616508,49.87611074654],[-119.39825291168,49.87760388839],[-119.39824731861,49.87798316122],[-119.39823053875,49.87912098272],[-119.39824242391,49.87939566892],[-119.39674486377,49.87936583922],[-119.39538381167,49.87935485292],[-119.39542679873,49.8795010072],[-119.39543304592,49.88015496965],[-119.39636903813,49.88017362841],[-119.39654067778,49.88024162567],[-119.39663628375,49.88033232377],[-119.3967026969,49.88051123303],[-119.39664865245,49.88138194285],[-119.39415067463,49.88137249543],[-119.39382503186,49.88139021402],[-119.39373535746,49.88143685724],[-119.39354815343,49.88143312118]]]]},"properties":{"a": "0.2931", "q": "0", "t": "DA", "dw": "314", "hh": "305", "id": "59350109", "pop": "840", "name": "59350109", "rgid": "5935", "rpid": "5935010", "ruid": "9150006.00", "rguid": "59915"}},{"type":"Feature","geometry":{"type":"MultiPolygon","coordinates":[[[[-119.40188933518,49.87757129333],[-119.40144104855,49.87780454231],[-119.40105899292,49.87795838645],[-119.40084454151,49.87800255423],[-119.40061645819,49.87807066646],[-119.39999249393,49.87805825529],[-119.39956742993,49.87806594216],[-119.3983818989,49.87804234493],[-119.39824731861,49.87798316122],[-119.39825291168,49.87760388839],[-119.3982616508,49.87611074654],[-119.39827475852,49.87531188498],[-119.39825710699,49.87515816678],[-119.39826636968,49.8744399504],[-119.39998989551,49.87444196834],[-119.40135078617,49.87445289076],[-119.40138572318,49.8742437161],[-119.40148074104,49.87355949522],[-119.40238740962,49.87366630684],[-119.40317717878,49.87386765058],[-119.40370568254,49.87404765638],[-119.40451122367,49.87444302777],[-119.40497160181,49.87474275294],[-119.40652249938,49.87575021779],[-119.40733790068,49.87620226618],[-119.40742969407,49.87637359593],[-119.40744761288,49.8767856197],[-119.40740099099,49.87697842232],[-119.40721212326,49.87727334111],[-119.40812103823,49.87759808675],[-119.40819514825,49.87761569887],[-119.40813681482,49.87779212641],[-119.40811792248,49.87845365407],[-119.40790538922,49.87845751529],[-119.406690444,49.87826392389],[-119.40631989191,49.87817585685],[-119.40597659808,49.87803989715],[-119.40558836947,49.87779810919],[-119.40395330507,49.87645800254],[-119.40290088944,49.87705057051],[-119.40188933518,49.87757129333]]]]},"properties":{"a": "0.2328", "q": "0", "t": "DA", "dw": "216", "hh": "205", "id": "59350110", "pop": "617", "name": "59350110", "rgid": "5935", "rpid": "5935010", "ruid": "9150006.00", "rguid": "59915"}},{"type":"Feature","geometry":{"type":"MultiPolygon","coordinates":[[[[-119.40947272291,49.8780688143],[-119.40848967644,49.87772646875],[-119.40819514825,49.87761569887],[-119.40812103823,49.87759808675],[-119.40721212326,49.87727334111],[-119.40740099099,49.87697842232],[-119.40744761288,49.8767856197],[-119.40742969407,49.87637359593],[-119.40733790068,49.87620226618],[-119.40652249938,49.87575021779],[-119.40497160181,49.87474275294],[-119.40451122367,49.87444302777],[-119.40370568254,49.87404765638],[-119.40317717878,49.87386765058],[-119.40238740962,49.87366630684],[-119.40148074104,49.87355949522],[-119.40138572318,49.8742437161],[-119.40135078617,49.87445289076],[-119.39998989551,49.87444196834],[-119.39826636968,49.8744399504],[-119.39699321214,49.87442266161],[-119.39305874433,49.87442490385],[-119.39234324872,49.8744994069],[-119.39227892966,49.87453848189],[-119.39200967454,49.87416179462],[-119.39173051305,49.87347010451],[-119.3913343012,49.87261463826],[-119.39012839295,49.87041112995],[-119.39009122492,49.8701440165],[-119.39014937747,49.86945100377],[-119.39012198449,49.86924058925],[-119.39009073145,49.86911081557],[-119.38984674895,49.86846826519],[-119.38958720899,49.86788997835],[-119.38929256552,49.86726255909],[-119.38927881279,49.86702820352],[-119.38932925145,49.86649647868],[-119.38933480662,49.86585892469],[-119.38957261363,49.86584753891],[-119.38980064743,49.86577945519],[-119.38996630311,49.86571012336],[-119.390071511,49.86559922388],[-119.39006559769,49.86546188689],[-119.38994458158,49.86512045579],[-119.39001467831,49.86496042429],[-119.39028553555,49.86478019291],[-119.39036347424,49.86471717818],[-119.3904141468,49.86470204817],[-119.39061889278,49.86485950391],[-119.39065593256,49.86486831617],[-119.39097180026,49.86505220799],[-119.39105565494,49.86512652937],[-119.39124870169,49.86526760671],[-119.39135789381,49.86533436263],[-119.39168547228,49.86553462976],[-119.39192919629,49.86566057523],[-119.3921982584,49.86577895464],[-119.3923191578,49.86586208683],[-119.39253754902,49.86599559646],[-119.39265844975,49.8660787283],[-119.39280083294,49.86623493433],[-119.3928925435,49.86640627164],[-119.39295891786,49.8665851747],[-119.39300381016,49.86669100343],[-119.39301951122,49.86688503809],[-119.39298839238,49.86701356415],[-119.39294171376,49.86720635332],[-119.39290081673,49.86727818213],[-119.39282094965,49.86738151958],[-119.39272937715,49.86746847977],[-119.39261439428,49.86752268538],[-119.39251111606,49.86759326814],[-119.39242147026,49.86763990791],[-119.39217979755,49.86773194102],[-119.39187574313,49.86782272718],[-119.39165940614,49.86790719359],[-119.39139046318,49.8680471105],[-119.39119560416,49.86820465109],[-119.39115470308,49.86827647943],[-119.39115084489,49.86835711995],[-119.39111778995,49.86852596636],[-119.3911860891,49.86866455163],[-119.39123290815,49.86873006161],[-119.39135381428,49.86881319584],[-119.39141426753,49.86885476291],[-119.39158392302,49.86896308647],[-119.39192709345,49.86909909205],[-119.39216106219,49.86916834067],[-119.39219810618,49.86917715249],[-119.39253150275,49.86925645823],[-119.39271672363,49.8693005165],[-119.3930618279,49.86939619783],[-119.39326853448,49.86951333018],[-119.39339922597,49.86965315991],[-119.39352991835,49.86979298955],[-119.39359630095,49.8699718943],[-119.39362949247,49.8700613467],[-119.39368416976,49.87022387427],[-119.39367453618,49.87042547724],[-119.39363956318,49.87063464636],[-119.39357925035,49.87085138162],[-119.39355790975,49.87103660767],[-119.39352486254,49.87120545648],[-119.39349181507,49.87137430537],[-119.39350752022,49.87156834315],[-119.39354071283,49.87165779608],[-119.39363243857,49.87182913596],[-119.39383915902,49.87194626811],[-119.39403417379,49.87204702252],[-119.39429542918,49.87206837979],[-119.39491544963,49.87216146855],[-119.3951377335,49.87221433359],[-119.39539899053,49.87223568794],[-119.39560956789,49.87227217471],[-119.39588253317,49.87230990496],[-119.39621788658,49.87234887816],[-119.39651619282,49.87237903994],[-119.3968144995,49.87240920082],[-119.39715177801,49.8724078499],[-119.39766258848,49.8724341703],[-119.39798623606,49.87245676054],[-119.39829625304,49.87250329385],[-119.39875638632,49.87254474307],[-119.39905277429,49.8726152182],[-119.39915221099,49.87262526937],[-119.39933937541,49.87262899467],[-119.39998859647,49.87263384205],[-119.40013871219,49.87262875683],[-119.40068849622,49.87262354942],[-119.40100043716,49.87262975317],[-119.40157556019,49.87261697285],[-119.40163794839,49.87261821312],[-119.40195968089,49.87268111139],[-119.40220731568,49.87272639234],[-119.40242961198,49.87277924101],[-119.40254076035,49.87280566516],[-119.40267532987,49.87286484193],[-119.4027981892,49.87290764216],[-119.40303028026,49.87301718702],[-119.4030907515,49.87305874753],[-119.40324874428,49.87315067623],[-119.40348083791,49.87326022012],[-119.40378895023,49.87334705746],[-119.4041087751,49.8734502701],[-119.40421992636,49.87347669241],[-119.40452612564,49.87360384877],[-119.40464707299,49.87368696809],[-119.40502354549,49.87391238013],[-119.40519325771,49.87402068214],[-119.40533954696,49.87409623165],[-119.40559316041,49.87427884456],[-119.40581163945,49.87441232867],[-119.40606717172,49.87455461912],[-119.40630907874,49.8747208544],[-119.40635784327,49.8747460371],[-119.40643003298,49.87480397185],[-119.40663489062,49.87496139984],[-119.4068378358,49.87515914901],[-119.40692365374,49.87519313795],[-119.40723201892,49.87553827054],[-119.40730612485,49.8755558832],[-119.40757338267,49.8757145463],[-119.40794008929,49.87588325116],[-119.40819755081,49.87598521514],[-119.40820926442,49.87600159103],[-119.40841795991,49.87607837257],[-119.40875742103,49.87629496628],[-119.40899145907,49.87636417663],[-119.40906365533,49.87642210978],[-119.409211872,49.87645733241],[-119.4093971432,49.87650136039],[-119.40954536044,49.87653658253],[-119.40968186358,49.8765554287],[-119.40990419019,49.8766082612],[-119.41017528656,49.87668627418],[-119.41070576753,49.87682592233],[-119.41084227215,49.87684476691],[-119.41109974689,49.87694672364],[-119.41132016773,49.87703987489],[-119.41159126963,49.87711788409],[-119.41189751883,49.87724501914],[-119.41218033875,49.8773394023],[-119.41246125135,49.87747410665],[-119.41277922179,49.87761761459],[-119.41308547839,49.87774474616],[-119.41332934036,49.877870644],[-119.41363369304,49.87803809604],[-119.41385221818,49.87817156406],[-119.41408246135,49.87832140699],[-119.41431270619,49.87847124945],[-119.41449227188,49.87863623464],[-119.41502497895,49.87899384681],[-119.41526885427,49.87911974039],[-119.41557322411,49.87928718717],[-119.41567077542,49.87933754418],[-119.41579366763,49.87938032917],[-119.41596533609,49.87944829236],[-119.41619940423,49.87951748634],[-119.41637297882,49.87954512651],[-119.41669478809,49.87960797814],[-119.41700678445,49.87961413131],[-119.41710624247,49.87962416459],[-119.41736755799,49.87964546117],[-119.41746701617,49.87965549408],[-119.4175781928,49.87968190189],[-119.41762155554,49.88008635615],[-119.41757908125,49.88045683076],[-119.41551795847,49.88045653586],[-119.41554244976,49.87967403509],[-119.41516805386,49.8796666456],[-119.4127037324,49.87815694325],[-119.40980332456,49.87715515609],[-119.40951668838,49.87714140988],[-119.40947272291,49.8780688143]]]]},"properties":{"a": "0.4303", "q": "0", "t": "DA", "dw": "265", "hh": "257", "id": "59350111", "pop": "653", "name": "59350111", "rgid": "5935", "rpid": "5935010", "ruid": "9150006.00", "rguid": "59915"}},{"type":"Feature","geometry":{"type":"MultiPolygon","coordinates":[[[[-119.4175781928,49.87968190189],[-119.41746701617,49.87965549408],[-119.41736755799,49.87964546117],[-119.41710624247,49.87962416459],[-119.41700678445,49.87961413131],[-119.41669478809,49.87960797814],[-119.41637297882,49.87954512651],[-119.41619940423,49.87951748634],[-119.41596533609,49.87944829236],[-119.41579366763,49.87938032917],[-119.41567077542,49.87933754418],[-119.41557322411,49.87928718717],[-119.41526885427,49.87911974039],[-119.41502497895,49.87899384681],[-119.41449227188,49.87863623464],[-119.41431270619,49.87847124945],[-119.41408246135,49.87832140699],[-119.41385221818,49.87817156406],[-119.41363369304,49.87803809604],[-119.41332934036,49.877870644],[-119.41308547839,49.87774474616],[-119.41277922179,49.87761761459],[-119.41246125135,49.87747410665],[-119.41218033875,49.8773394023],[-119.41189751883,49.87724501914],[-119.41159126963,49.87711788409],[-119.41132016773,49.87703987489],[-119.41109974689,49.87694672364],[-119.41084227215,49.87684476691],[-119.41070576753,49.87682592233],[-119.41017528656,49.87668627418],[-119.40990419019,49.8766082612],[-119.40968186358,49.8765554287],[-119.40954536044,49.87653658253],[-119.4093971432,49.87650136039],[-119.409211872,49.87645733241],[-119.40906365533,49.87642210978],[-119.40899145907,49.87636417663],[-119.40875742103,49.87629496628],[-119.40841795991,49.87607837257],[-119.40820926442,49.87600159103],[-119.40819755081,49.87598521514],[-119.40794008929,49.87588325116],[-119.40757338267,49.8757145463],[-119.40730612485,49.8755558832],[-119.40723201892,49.87553827054],[-119.40692365374,49.87519313795],[-119.4068378358,49.87515914901],[-119.40663489062,49.87496139984],[-119.40643003298,49.87480397185],[-119.40635784327,49.8747460371],[-119.40630907874,49.8747208544],[-119.40606717172,49.87455461912],[-119.40581163945,49.87441232867],[-119.40559316041,49.87427884456],[-119.40533954696,49.87409623165],[-119.40519325771,49.87402068214],[-119.40502354549,49.87391238013],[-119.40464707299,49.87368696809],[-119.40452612564,49.87360384877],[-119.40421992636,49.87347669241],[-119.4041087751,49.8734502701],[-119.40378895023,49.87334705746],[-119.40348083791,49.87326022012],[-119.40324874428,49.87315067623],[-119.4030907515,49.87305874753],[-119.40303028026,49.87301718702],[-119.4027981892,49.87290764216],[-119.40267532987,49.87286484193],[-119.40254076035,49.87280566516],[-119.40242961198,49.87277924101],[-119.40220731568,49.87272639234],[-119.40195968089,49.87268111139],[-119.40163794839,49.87261821312],[-119.40157556019,49.87261697285],[-119.40100043716,49.87262975317],[-119.40068849622,49.87262354942],[-119.40013871219,49.87262875683],[-119.39998859647,49.87263384205],[-119.39933937541,49.87262899467],[-119.39915221099,49.87262526937],[-119.39905277429,49.8726152182],[-119.39875638632,49.87254474307],[-119.39829625304,49.87250329385],[-119.39798623606,49.87245676054],[-119.39766258848,49.8724341703],[-119.39715177801,49.8724078499],[-119.3968144995,49.87240920082],[-119.39651619282,49.87237903994],[-119.39621788658,49.87234887816],[-119.39588253317,49.87230990496],[-119.39560956789,49.87227217471],[-119.39539899053,49.87223568794],[-119.3951377335,49.87221433359],[-119.39491544963,49.87216146855],[-119.39429542918,49.87206837979],[-119.39403417379,49.87204702252],[-119.39383915902,49.87194626811],[-119.39363243857,49.87182913596],[-119.39354071283,49.87165779608],[-119.39350752022,49.87156834315],[-119.39349181507,49.87137430537],[-119.39352486254,49.87120545648],[-119.39355790975,49.87103660767],[-119.39357925035,49.87085138162],[-119.39363956318,49.87063464636],[-119.39367453618,49.87042547724],[-119.39368416976,49.87022387427],[-119.39362949247,49.8700613467],[-119.39359630095,49.8699718943],[-119.39352991835,49.86979298955],[-119.39339922597,49.86965315991],[-119.39326853448,49.86951333018],[-119.3930618279,49.86939619783],[-119.39271672363,49.8693005165],[-119.39253150275,49.86925645823],[-119.39219810618,49.86917715249],[-119.39216106219,49.86916834067],[-119.39192709345,49.86909909205],[-119.39158392302,49.86896308647],[-119.39141426753,49.86885476291],[-119.39135381428,49.86881319584],[-119.39123290815,49.86873006161],[-119.3911860891,49.86866455163],[-119.39111778995,49.86852596636],[-119.39115084489,49.86835711995],[-119.39115470308,49.86827647943],[-119.39119560416,49.86820465109],[-119.39139046318,49.8680471105],[-119.39165940614,49.86790719359],[-119.39187574313,49.86782272718],[-119.39217979755,49.86773194102],[-119.39242147026,49.86763990791],[-119.39251111606,49.86759326814],[-119.39261439428,49.86752268538],[-119.39272937715,49.86746847977],[-119.39282094965,49.86738151958],[-119.39290081673,49.86727818213],[-119.39294171376,49.86720635332],[-119.39298839238,49.86701356415],[-119.39301951122,49.86688503809],[-119.39300381016,49.86669100343],[-119.39295891786,49.8665851747],[-119.3928925435,49.86640627164],[-119.39280083294,49.86623493433],[-119.39265844975,49.8660787283],[-119.39253754902,49.86599559646],[-119.3923191578,49.86586208683],[-119.3921982584,49.86577895464],[-119.39192919629,49.86566057523],[-119.39168547228,49.86553462976],[-119.39135789381,49.86533436263],[-119.39124870169,49.86526760671],[-119.39105565494,49.86512652937],[-119.39097180026,49.86505220799],[-119.39065593256,49.86486831617],[-119.39061889278,49.86485950391],[-119.3904141468,49.86470204817],[-119.39066943844,49.86458607796],[-119.39082338442,49.86450036766],[-119.39157561568,49.86417639476],[-119.3917139979,49.86415494535],[-119.39191282684,49.86417506183],[-119.39204735281,49.86423425134],[-119.39210587206,49.86431613702],[-119.39235179298,49.86491835264],[-119.3924805391,49.86509850117],[-119.39312414421,49.86574094618],[-119.39356093201,49.86600796135],[-119.39393934721,49.86645138694],[-119.39404854684,49.86651814015],[-119.39415967289,49.86654457318],[-119.39538383716,49.86653671076],[-119.3955358559,49.86649131258],[-119.39562549567,49.86644467016],[-119.39568001756,49.86634889719],[-119.39566767811,49.86529933327],[-119.39561299953,49.86513680961],[-119.39538867189,49.86486597082],[-119.39540615153,49.86476138805],[-119.39550941766,49.86469080295],[-119.39568291575,49.86471847817],[-119.39574336735,49.86476004198],[-119.39595214268,49.86509514293],[-119.39601660405,49.86531436304],[-119.39613206019,49.86603504373],[-119.39639569122,49.86679096685],[-119.39659662312,49.86702905166],[-119.39679354484,49.86708947867],[-119.39710544321,49.86709569465],[-119.40116204977,49.86713609212],[-119.40123305861,49.86564424528],[-119.40129312972,49.86516921299],[-119.40131635141,49.86494366909],[-119.40123592991,49.86427212538],[-119.40125147543,49.86420786166],[-119.40123765555,49.86397351028],[-119.40135546205,49.85992393806],[-119.40420102195,49.85994820243],[-119.40921971019,49.85995895276],[-119.40990577185,49.85997253962],[-119.41124276573,49.85995057517],[-119.41265383827,49.85994620022],[-119.41372773481,49.85994321387],[-119.41405129288,49.8599657503],[-119.41494217184,49.86013670598],[-119.41557948545,49.86012507613],[-119.41605882702,49.86002153846],[-119.41619908662,49.85995973536],[-119.41645427607,49.85984370021],[-119.416549589,49.85967608119],[-119.41695938332,49.85840081415],[-119.41698031972,49.85795730152],[-119.4171693221,49.85792067341],[-119.41732948556,49.85823054506],[-119.41779827778,49.85914378668],[-119.41801511243,49.85957584708],[-119.41821613424,49.85981388171],[-119.41830192956,49.8598478589],[-119.41862358763,49.85991069988],[-119.41942267703,49.85991030543],[-119.42007169961,49.85991502012],[-119.42013406909,49.85991624861],[-119.42028413589,49.85991113289],[-119.42226824651,49.85993404728],[-119.42380405651,49.85993196658],[-119.42380472674,49.8604485498],[-119.42378040413,49.86123099989],[-119.42376790899,49.86361990945],[-119.42519082295,49.86363172798],[-119.42578769941,49.86395016805],[-119.42587350962,49.86398413913],[-119.42603341315,49.864035708],[-119.42644282108,49.86409217488],[-119.42657929063,49.86411099679],[-119.42661633743,49.8641197955],[-119.42726353379,49.86416478317],[-119.42758902568,49.86414695504],[-119.42981832184,49.86373866295],[-119.42980356681,49.86431952125],[-119.42994230324,49.8645563135],[-119.42989164542,49.86457146386],[-119.42924896161,49.86496244384],[-119.42906408936,49.86517675099],[-119.42905047874,49.86520069876],[-119.42889886895,49.86550444479],[-119.42863611064,49.865781797],[-119.42855065938,49.86600612486],[-119.42863684168,49.86629839078],[-119.42976497262,49.8659411412],[-119.43251603228,49.86505871613],[-119.43291145857,49.86488080859],[-119.43322523327,49.86484658945],[-119.43439908447,49.86511168971],[-119.43496654795,49.86525999723],[-119.43561041,49.86564386796],[-119.43593590997,49.86562601212],[-119.43588902324,49.86556052413],[-119.43589049725,49.86526190713],[-119.43603221787,49.86490145799],[-119.43605713373,49.86463558552],[-119.43600229639,49.86447308471],[-119.43590475545,49.86442275048],[-119.4358128701,49.86425145448],[-119.43705621517,49.86409816348],[-119.43724522788,49.86406149602],[-119.43750038338,49.86394540461],[-119.43797886588,49.86332516952],[-119.4381791707,49.86304657773],[-119.43825703268,49.86298352547],[-119.43830349402,49.86279071771],[-119.43876458276,49.86227507073],[-119.43886357441,49.86202678808],[-119.4389410032,49.86170544247],[-119.43892465732,49.86125312608],[-119.44001638759,49.86140355615],[-119.44278331147,49.86097317314],[-119.44282035891,49.86098196564],[-119.44300935215,49.86094528751],[-119.44321194602,49.86088465967],[-119.44319834506,49.86090860903],[-119.4431711431,49.86095650775],[-119.44306045676,49.86118842291],[-119.44304497773,49.86125269254],[-119.44302386493,49.86143792303],[-119.44298915063,49.86164710303],[-119.44298163877,49.86180838436],[-119.44293144442,49.86208183442],[-119.44288500558,49.86227464389],[-119.44283856631,49.86246745346],[-119.44278040302,49.86264389214],[-119.44273396283,49.86283670192],[-119.44265047296,49.86302071918],[-119.4425960649,49.86311651704],[-119.44248912655,49.86326779221],[-119.44236858513,49.86344301681],[-119.44223631905,49.86360187024],[-119.44207872577,49.86376830187],[-119.44198726552,49.86385530677],[-119.44175369107,49.86404447283],[-119.44152011447,49.86423363845],[-119.44135079236,49.86438369803],[-119.44111533206,49.86461318363],[-119.44093240335,49.86478719209],[-119.44073586935,49.86498514967],[-119.44065800738,49.86504820433],[-119.4404985216,49.86525495506],[-119.44044598619,49.86531043169],[-119.44018706879,49.8655071729],[-119.43997880443,49.86568875798],[-119.43968094982,49.86591702527],[-119.43956227018,49.86605192717],[-119.43940465669,49.86621835595],[-119.43921983172,49.86643268313],[-119.43910114909,49.86656758472],[-119.43895337282,49.86679070573],[-119.43880747725,49.8669735057],[-119.43875117265,49.86710962376],[-119.43868126198,49.86726969113],[-119.4386774971,49.86735033321],[-119.43861742653,49.86756709352],[-119.43857096126,49.86775990466],[-119.43852637818,49.86791239478],[-119.43848179476,49.86806488497],[-119.43845269987,49.86815310474],[-119.43843344557,49.86829801755],[-119.43840058488,49.86846687977],[-119.43837944746,49.86865211395],[-119.43838783223,49.8690074277],[-119.43838030098,49.86916871284],[-119.43837276967,49.86932999807],[-119.43833614215,49.86957950357],[-119.43825869381,49.86990085757],[-119.43825116189,49.87006214321],[-119.43824362991,49.87022342893],[-119.4382107669,49.87039229222],[-119.43808077047,49.87076912346],[-119.43804790636,49.87093798702],[-119.43794135495,49.87134756294],[-119.43785970978,49.87149126001],[-119.43774896511,49.87172317775],[-119.43767715906,49.87192356867],[-119.43762084393,49.87205968845],[-119.43754903667,49.87226007951],[-119.43746362058,49.8724844202],[-119.43735475498,49.87267601653],[-119.4372360482,49.87281091882],[-119.43704134235,49.87296855278],[-119.43676498247,49.8732698835],[-119.43668521405,49.87337325871],[-119.43656461826,49.8735484824],[-119.43638163052,49.87372248784],[-119.43623758405,49.87386496652],[-119.43608181243,49.87399107259],[-119.43583642911,49.87416385886],[-119.43578387602,49.87421933472],[-119.43557554807,49.87440091603],[-119.43526588188,49.87461280436],[-119.43495621249,49.87482469188],[-119.43433686415,49.87524846446],[-119.43412057539,49.8753330264],[-119.43385172843,49.87547306297],[-119.43359460327,49.87562947172],[-119.43342898124,49.87569887939],[-119.433109459,49.87585406687],[-119.43281715836,49.87596135502],[-119.43253657952,49.87608501534],[-119.432333895,49.87614562443],[-119.43200453137,49.87624411335],[-119.43173756091,49.8763438224],[-119.4316362175,49.8763741262],[-119.43135563229,49.87649778333],[-119.4310750454,49.87662143972],[-119.43098542368,49.87666811609],[-119.43066777542,49.87678297393],[-119.4303754618,49.87689025518],[-119.43022155192,49.87697603107],[-119.42991562171,49.87710725994],[-119.42963691809,49.87719059022],[-119.42933287648,49.87728149511],[-119.42906589281,49.87738119728],[-119.42877357076,49.87748847399],[-119.42860793311,49.877557874],[-119.42835456104,49.87763362558],[-119.42826493402,49.87768029964],[-119.42793365489,49.87781909778],[-119.42762960487,49.87790999761],[-119.42751463882,49.87796424597],[-119.42723592452,49.8780475697],[-119.42704494422,49.87812454207],[-119.42694359296,49.87815484123],[-119.42662781668,49.87822936428],[-119.42629842268,49.87832783482],[-119.42620879182,49.87837450712],[-119.42603142485,49.87842752912],[-119.42585216189,49.87852087319],[-119.42558516172,49.87862056635],[-119.42550914656,49.87864328964],[-119.42520508508,49.87873418223],[-119.42510373096,49.87876447956],[-119.42482500635,49.8788477967],[-119.4245462806,49.87893111307],[-119.42429099549,49.87904717698],[-119.42407466607,49.87913171797],[-119.42381937838,49.87924778074],[-119.42355426639,49.87930714619],[-119.42332621349,49.87937531136],[-119.42316055903,49.87944470266],[-119.42278046807,49.87955830952],[-119.42255051366,49.87966679542],[-119.42239847603,49.87971223742],[-119.42215679949,49.87980434804],[-119.42177670243,49.87991795116],[-119.42152520307,49.87995336329],[-119.42128542324,49.88000514934],[-119.42117234317,49.88001906819],[-119.42095980304,49.88002295762],[-119.42059712268,49.88003196337],[-119.4199614032,49.88000330406],[-119.41970008406,49.87998201434],[-119.41936274415,49.87998344257],[-119.41910142545,49.87996215126],[-119.41876598824,49.879923255],[-119.41841883288,49.87986798271],[-119.4180853003,49.87978876173],[-119.41776348749,49.87972591462],[-119.4175781928,49.87968190189]]]]},"properties":{"a": "4.8455", "q": "0", "t": "DA", "dw": "289", "hh": "266", "id": "59350112", "pop": "803", "name": "59350112", "rgid": "5935", "rpid": "5935010", "ruid": "9150003.01", "rguid": "59915"}},{"type":"Feature","geometry":{"type":"MultiPolygon","coordinates":[[[[-119.42994230324,49.8645563135],[-119.43154594651,49.86417607743],[-119.43252996932,49.86396126546],[-119.43265849769,49.86388306575],[-119.4330126956,49.86351870825],[-119.43346064733,49.86328532719],[-119.43360655358,49.86310253752],[-119.43357516796,49.86297278047],[-119.43318424362,49.86225484709],[-119.43317213,49.86198018165],[-119.43162641415,49.86192571615],[-119.43165324577,49.86161952746],[-119.43178554636,49.86146068937],[-119.43305336194,49.86078329016],[-119.43327146381,49.86065841488],[-119.4334487448,49.86060538314],[-119.43371372192,49.86054599493],[-119.43458502794,49.86060338914],[-119.43484919441,49.86002741456],[-119.4349134503,49.85998831375],[-119.43497770607,49.8599492129],[-119.43514326205,49.85987980645],[-119.43585465584,49.85988563596],[-119.43887562184,49.85989618118],[-119.43892465732,49.86125312608],[-119.4389410032,49.86170544247],[-119.43886357441,49.86202678808],[-119.43876458276,49.86227507073],[-119.43830349402,49.86279071771],[-119.43825703268,49.86298352547],[-119.4381791707,49.86304657773],[-119.43797886588,49.86332516952],[-119.43750038338,49.86394540461],[-119.43724522788,49.86406149602],[-119.43705621517,49.86409816348],[-119.4358128701,49.86425145448],[-119.43590475545,49.86442275048],[-119.43600229639,49.86447308471],[-119.43605713373,49.86463558552],[-119.43603221787,49.86490145799],[-119.43589049725,49.86526190713],[-119.43588902324,49.86556052413],[-119.43593590997,49.86562601212],[-119.43561041,49.86564386796],[-119.43496654795,49.86525999723],[-119.43439908447,49.86511168971],[-119.43322523327,49.86484658945],[-119.43291145857,49.86488080859],[-119.43251603228,49.86505871613],[-119.42976497262,49.8659411412],[-119.42863684168,49.86629839078],[-119.42855065938,49.86600612486],[-119.42863611064,49.865781797],[-119.42889886895,49.86550444479],[-119.42905047874,49.86520069876],[-119.42906408936,49.86517675099],[-119.42924896161,49.86496244384],[-119.42989164542,49.86457146386],[-119.42994230324,49.8645563135]]]]},"properties":{"a": "0.247", "q": "0", "t": "DA", "dw": "113", "hh": "112", "id": "59350113", "pop": "316", "name": "59350113", "rgid": "5935", "rpid": "5935010", "ruid": "9150003.01", "rguid": "59915"}},{"type":"Feature","geometry":{"type":"MultiPolygon","coordinates":[[[[-119.4171693221,49.85792067341],[-119.41704971369,49.85728067634],[-119.4171738576,49.85676655956],[-119.4173410392,49.85639857641],[-119.41782324512,49.85543953035],[-119.41802364807,49.8551609873],[-119.41830983333,49.85491642072],[-119.41842855053,49.85478154972],[-119.41850832879,49.85467819606],[-119.41855076808,49.85430775452],[-119.41848620385,49.85408855765],[-119.41901801766,49.85392954507],[-119.41913863067,49.85375435494],[-119.41910067825,49.85297069744],[-119.41911809254,49.85286611482],[-119.41933717447,49.85192610184],[-119.41934857861,49.85168419099],[-119.41935176579,49.85108698687],[-119.41938279019,49.85095845967],[-119.41938058232,49.85074049485],[-119.41954011796,49.85053378888],[-119.42022540068,49.85003073803],[-119.42047070559,49.84985800532],[-119.42120850671,49.84929948596],[-119.42361932574,49.84820083151],[-119.42366204644,49.84808867672],[-119.42370287067,49.84801683997],[-119.42359144203,49.84773216158],[-119.42346261402,49.84755206474],[-119.42340405621,49.84747020253],[-119.42272356195,49.84707747679],[-119.42164556266,49.84664463775],[-119.42120626224,49.84590152534],[-119.42119455202,49.84588515272],[-119.42095275444,49.84571897084],[-119.4207223531,49.84531088287],[-119.421209422,49.84530433328],[-119.42215824087,49.84529879954],[-119.42236870404,49.84533522562],[-119.42308776182,49.84543815483],[-119.42335075973,49.84541911533],[-119.42401695275,49.84531922316],[-119.42440653978,49.84526231501],[-119.42451952322,49.84524839414],[-119.42487397447,49.84514236761],[-119.42511354655,49.84509057915],[-119.42533951193,49.84506273567],[-119.42570188292,49.84505371356],[-119.42598830091,49.84506741109],[-119.42626300709,49.84506473583],[-119.42653771324,49.8450620598],[-119.42678710187,49.84506695686],[-119.42692540141,49.84504545938],[-119.42742985597,49.8449342979],[-119.42755644227,49.84489642772],[-119.42760707672,49.84488127961],[-119.42799665465,49.84482435732],[-119.42802197175,49.84481678316],[-119.42862768823,49.84467531891],[-119.42879697562,49.8445252916],[-119.42879886671,49.84448497398],[-119.42883967839,49.84441313601],[-119.42883552973,49.84423549399],[-119.42868668108,49.84368375116],[-119.42876452096,49.8436207107],[-119.42893606161,49.84368864275],[-119.42990334493,49.84435328405],[-119.43079017333,49.84460472218],[-119.4310592095,49.84472298658],[-119.43127950284,49.8448160826],[-119.43131653327,49.84482487894],[-119.4313788802,49.84482610023],[-119.43171593137,49.844824631],[-119.43172575724,49.84488132003],[-119.43173180668,49.84501864457],[-119.43177866337,49.84508412981],[-119.43187615341,49.84513446472],[-119.43192489852,49.84515963214],[-119.43206130777,49.84517844521],[-119.43208473646,49.84521118777],[-119.43234584111,49.84523244202],[-119.43299463356,49.84523707123],[-119.43330637165,49.845243172],[-119.43529166669,49.84522550477],[-119.43817514354,49.84521726235],[-119.43817751407,49.84784037217],[-119.43825200908,49.84811624032],[-119.43823652746,49.84818050625],[-119.4383945032,49.8482723705],[-119.43851732621,49.84831512246],[-119.43948588697,49.84842279961],[-119.44045865208,49.84870811148],[-119.44050740667,49.84873327496],[-119.44053272388,49.84872569747],[-119.44090496325,49.84877330815],[-119.44167851898,49.84878031056],[-119.4417155552,49.84878910311],[-119.44197480918,49.84885065055],[-119.4420957594,49.84893371662],[-119.44226170995,49.84912258227],[-119.44225983185,49.84916290081],[-119.44228935625,49.84933296737],[-119.44218057442,49.84952455348],[-119.441789541,49.84988013355],[-119.44175062515,49.84991165963],[-119.44148429531,49.85026966834],[-119.44129999777,49.8507422703],[-119.44140967813,49.85106725042],[-119.44357481343,49.85121433553],[-119.44363763001,49.85147383259],[-119.44358132269,49.85268340197],[-119.44355129076,49.85332850773],[-119.44354703684,49.85422432254],[-119.4435202986,49.85453050652],[-119.44331846461,49.85940160778],[-119.44326076503,49.85983633593],[-119.44314820449,49.86010857038],[-119.44315992749,49.8601249412],[-119.44290714476,49.86045901727],[-119.44269703978,49.86068092507],[-119.44248835846,49.86060422036],[-119.44231672485,49.86053630792],[-119.44128228616,49.85969288482],[-119.44066278992,49.85985838337],[-119.44028668943,49.85989140995],[-119.43967471072,49.85989562226],[-119.43887562184,49.85989618118],[-119.43585465584,49.85988563596],[-119.43514326205,49.85987980645],[-119.43497770607,49.8599492129],[-119.4349134503,49.85998831375],[-119.43484919441,49.86002741456],[-119.43458502794,49.86060338914],[-119.43371372192,49.86054599493],[-119.4334487448,49.86060538314],[-119.43327146381,49.86065841488],[-119.43305336194,49.86078329016],[-119.43178554636,49.86146068937],[-119.43165324577,49.86161952746],[-119.43162641415,49.86192571615],[-119.43317213,49.86198018165],[-119.43318424362,49.86225484709],[-119.43357516796,49.86297278047],[-119.43360655358,49.86310253752],[-119.43346064733,49.86328532719],[-119.4330126956,49.86351870825],[-119.43265849769,49.86388306575],[-119.43252996932,49.86396126546],[-119.43154594651,49.86417607743],[-119.42994230324,49.8645563135],[-119.42980356681,49.86431952125],[-119.42981832184,49.86373866295],[-119.42758902568,49.86414695504],[-119.42726353379,49.86416478317],[-119.42661633743,49.8641197955],[-119.42657929063,49.86411099679],[-119.42644282108,49.86409217488],[-119.42603341315,49.864035708],[-119.42587350962,49.86398413913],[-119.42578769941,49.86395016805],[-119.42519082295,49.86363172798],[-119.42376790899,49.86361990945],[-119.42378040413,49.86123099989],[-119.42380472674,49.8604485498],[-119.42380405651,49.85993196658],[-119.42226824651,49.85993404728],[-119.42028413589,49.85991113289],[-119.42013406909,49.85991624861],[-119.42007169961,49.85991502012],[-119.41942267703,49.85991030543],[-119.41862358763,49.85991069988],[-119.41830192956,49.8598478589],[-119.41821613424,49.85981388171],[-119.41801511243,49.85957584708],[-119.41779827778,49.85914378668],[-119.41732948556,49.85823054506],[-119.4171693221,49.85792067341]]]]},"properties":{"a": "2.9718", "q": "0", "t": "DA", "dw": "163", "hh": "156", "id": "59350114", "pop": "437", "name": "59350114", "rgid": "5935", "rpid": "5935010", "ruid": "9150003.01", "rguid": "59915"}},{"type":"Feature","geometry":{"type":"MultiPolygon","coordinates":[[[[-119.40135546205,49.85992393806],[-119.400006758,49.85992939221],[-119.3987087172,49.85991969384],[-119.39868530672,49.85988694164],[-119.39861315411,49.85982900424],[-119.39860160234,49.85718940768],[-119.39858603304,49.85437218597],[-119.3985877775,49.85407358129],[-119.39857903311,49.85268514145],[-119.40000156139,49.85269732377],[-119.40192295457,49.85271940662],[-119.40415614042,49.85274764527],[-119.40529220776,49.8527459896],[-119.40698949891,49.85275545334],[-119.40701482477,49.85274788437],[-119.40742791903,49.85272379138],[-119.40780398031,49.85269089123],[-119.40900216203,49.85243214421],[-119.4098555765,49.8523360518],[-119.40983616029,49.85037436305],[-119.40982562154,49.84954282368],[-119.40983301388,49.8491232701],[-119.40981027488,49.84775879904],[-119.40980620808,49.84758115415],[-119.40980306279,49.84633007347],[-119.40981070191,49.84616880345],[-119.40979418849,49.84519995032],[-119.40980158037,49.84478040314],[-119.40981993582,49.84360239956],[-119.40982350791,49.84326348889],[-119.40981364522,49.84110027865],[-119.40842256619,49.84095971948],[-119.40754000947,49.84088572362],[-119.40752951956,49.8400542117],[-119.40751665302,49.83874647377],[-119.40751213171,49.83805229076],[-119.4075037873,49.83743874185],[-119.40750714532,49.83684156798],[-119.40676869771,49.83662514819],[-119.40514375753,49.83615706891],[-119.40483592086,49.83607024714],[-119.40457680303,49.83600860459],[-119.40374478265,49.83566117061],[-119.4033335668,49.83538666151],[-119.40332186669,49.83537028738],[-119.40299255581,49.83521039599],[-119.40258730018,49.8350732057],[-119.40217034773,49.83491963957],[-119.4019150751,49.83477735878],[-119.40124650164,49.83414260807],[-119.4011626917,49.83406830346],[-119.3999679069,49.83295496925],[-119.39992111465,49.83288947165],[-119.39940257113,49.83224962822],[-119.39864818026,49.83132260956],[-119.39853120981,49.83115886492],[-119.39821155343,49.83079738433],[-119.39731686223,49.82967386699],[-119.39729347006,49.82964111794],[-119.39723691113,49.82951893041],[-119.39722713645,49.829462241],[-119.39962226501,49.82894503245],[-119.39978583706,49.82891600791],[-119.40000003379,49.82887185004],[-119.40195117885,49.82850715634],[-119.40295789895,49.82832541477],[-119.40315656025,49.828345506],[-119.40327737181,49.8284286138],[-119.40348410899,49.82880397094],[-119.40360896074,49.82906471196],[-119.40372786039,49.82918813439],[-119.40390142423,49.82947405537],[-119.40443935894,49.82996898212],[-119.40514279452,49.83039455801],[-119.40530062806,49.83048646966],[-119.40563373639,49.83056572025],[-119.40605639584,49.83059832368],[-119.40752473172,49.83041762564],[-119.40827262469,49.83043245879],[-119.40867188319,49.83043230443],[-119.40895628384,49.8304863661],[-119.40917645094,49.83057950697],[-119.40976484082,49.83080100346],[-119.41007646606,49.83080717754],[-119.4132822658,49.83082221136],[-119.41389381474,49.83081816362],[-119.41414311553,49.83082309249],[-119.41565252857,49.83082870944],[-119.41722426734,49.83083553343],[-119.41878620193,49.83078564477],[-119.41878331147,49.83164107193],[-119.41877152569,49.83321461425],[-119.41875601925,49.83327887375],[-119.41876772491,49.83329524593],[-119.41886137048,49.83342622337],[-119.41892179952,49.83346776837],[-119.41897052288,49.83349294118],[-119.41911859338,49.83352814359],[-119.41948086414,49.83351914476],[-119.42110143106,49.83355107938],[-119.42161367203,49.83353695597],[-119.42306085606,49.83354123181],[-119.42342312607,49.83353221846],[-119.42412235476,49.83352176061],[-119.42477096161,49.83352644386],[-119.42676740384,49.83352532089],[-119.42761660115,49.83350971283],[-119.4282028785,49.83351314982],[-119.4285398371,49.83351169153],[-119.42967537221,49.83350975441],[-119.43059860826,49.83351171377],[-119.43074857745,49.83350658257],[-119.43163479317,49.833499736],[-119.4324567918,49.83353197707],[-119.43261847206,49.83354321358],[-119.43276844111,49.83353807929],[-119.43488954353,49.83353923203],[-119.435351162,49.83354018832],[-119.4358516854,49.83350962052],[-119.43614179317,49.83344265554],[-119.43665779335,49.83334782138],[-119.43708238837,49.83333997557],[-119.43749150601,49.8333963904],[-119.43819491676,49.83356346737],[-119.43905249387,49.83390303057],[-119.43914518734,49.83459084152],[-119.43909688124,49.83482394704],[-119.43905464704,49.83519437209],[-119.43903541028,49.83533926826],[-119.43859472097,49.83622651062],[-119.43817094666,49.83675090318],[-119.43788124217,49.83707614542],[-119.43769465817,49.83733076459],[-119.4376285582,49.8374101809],[-119.43763839045,49.83746686787],[-119.43756476147,49.83770755145],[-119.4375394505,49.83771512788],[-119.43723237231,49.83814494973],[-119.43717986712,49.83820041934],[-119.43716627015,49.83822436596],[-119.43695018185,49.83830892314],[-119.43622744699,49.8382867316],[-119.43605214945,49.83829944731],[-119.4359373052,49.83835369797],[-119.43592370746,49.83837764444],[-119.43544966082,49.83917545371],[-119.43530007866,49.83943886483],[-119.43505678288,49.83957131115],[-119.43439676734,49.83980859794],[-119.43397627544,49.83999407137],[-119.4334624676,49.84030685001],[-119.43341184093,49.8403220009],[-119.43315682042,49.84043807209],[-119.43310619348,49.84045322282],[-119.4333480092,49.84061937175],[-119.433527486,49.84078430031],[-119.43363102318,49.8409719552],[-119.43363519222,49.84114959497],[-119.43355170566,49.84133359051],[-119.43338433519,49.84144330704],[-119.43215908694,49.84282365225],[-119.43197432934,49.84303794823],[-119.43169435705,49.84341986813],[-119.43152735662,49.8437878589],[-119.43146539433,49.84404491454],[-119.43150469585,49.84427167021],[-119.43167096334,49.84471882807],[-119.43171593137,49.844824631],[-119.4313788802,49.84482610023],[-119.43131653327,49.84482487894],[-119.43127950284,49.8448160826],[-119.4310592095,49.84472298658],[-119.43079017333,49.84460472218],[-119.42990334493,49.84435328405],[-119.42893606161,49.84368864275],[-119.42876452096,49.8436207107],[-119.42868668108,49.84368375116],[-119.42883552973,49.84423549399],[-119.42883967839,49.84441313601],[-119.42879886671,49.84448497398],[-119.42879697562,49.8445252916],[-119.42862768823,49.84467531891],[-119.42802197175,49.84481678316],[-119.42799665465,49.84482435732],[-119.42760707672,49.84488127961],[-119.42755644227,49.84489642772],[-119.42742985597,49.8449342979],[-119.42692540141,49.84504545938],[-119.42678710187,49.84506695686],[-119.42653771324,49.8450620598],[-119.42626300709,49.84506473583],[-119.42598830091,49.84506741109],[-119.42570188292,49.84505371356],[-119.42533951193,49.84506273567],[-119.42511354655,49.84509057915],[-119.42487397447,49.84514236761],[-119.42451952322,49.84524839414],[-119.42440653978,49.84526231501],[-119.42401695275,49.84531922316],[-119.42335075973,49.84541911533],[-119.42308776182,49.84543815483],[-119.42236870404,49.84533522562],[-119.42215824087,49.84529879954],[-119.421209422,49.84530433328],[-119.4207223531,49.84531088287],[-119.42095275444,49.84571897084],[-119.42119455202,49.84588515272],[-119.42120626224,49.84590152534],[-119.42164556266,49.84664463775],[-119.42272356195,49.84707747679],[-119.42340405621,49.84747020253],[-119.42346261402,49.84755206474],[-119.42359144203,49.84773216158],[-119.42370287067,49.84801683997],[-119.42366204644,49.84808867672],[-119.42361932574,49.84820083151],[-119.42120850671,49.84929948596],[-119.42047070559,49.84985800532],[-119.42022540068,49.85003073803],[-119.41954011796,49.85053378888],[-119.41938058232,49.85074049485],[-119.41938279019,49.85095845967],[-119.41935176579,49.85108698687],[-119.41934857861,49.85168419099],[-119.41933717447,49.85192610184],[-119.41911809254,49.85286611482],[-119.41910067825,49.85297069744],[-119.41913863067,49.85375435494],[-119.41901801766,49.85392954507],[-119.41848620385,49.85408855765],[-119.41855076808,49.85430775452],[-119.41850832879,49.85467819606],[-119.41842855053,49.85478154972],[-119.41830983333,49.85491642072],[-119.41802364807,49.8551609873],[-119.41782324512,49.85543953035],[-119.4173410392,49.85639857641],[-119.4171738576,49.85676655956],[-119.41704971369,49.85728067634],[-119.4171693221,49.85792067341],[-119.41698031972,49.85795730152],[-119.41695938332,49.85840081415],[-119.416549589,49.85967608119],[-119.41645427607,49.85984370021],[-119.41619908662,49.85995973536],[-119.41605882702,49.86002153846],[-119.41557948545,49.86012507613],[-119.41494217184,49.86013670598],[-119.41405129288,49.8599657503],[-119.41372773481,49.85994321387],[-119.41265383827,49.85994620022],[-119.41124276573,49.85995057517],[-119.40990577185,49.85997253962],[-119.40921971019,49.85995895276],[-119.40420102195,49.85994820243],[-119.40135546205,49.85992393806]]]]},"properties":{"a": "4.9392", "q": "0", "t": "DA", "dw": "246", "hh": "226", "id": "59350115", "pop": "648", "name": "59350115", "rgid": "5935", "rpid": "5935010", "ruid": "9150003.02", "rguid": "59915"}},{"type":"Feature","geometry":{"type":"MultiPolygon","coordinates":[[[[-119.39491903513,49.83887514082],[-119.39325890689,49.83809946375],[-119.39253220819,49.83789931159],[-119.39261779745,49.83767503717],[-119.39357607055,49.83746819958],[-119.39491218821,49.8371881878],[-119.39517306751,49.8369512694],[-119.39541647616,49.83681892298],[-119.39646989283,49.83618620282],[-119.39801232799,49.83576499196],[-119.39875803926,49.83530367485],[-119.4001462297,49.83445160848],[-119.40017154554,49.83444404176],[-119.40019686138,49.83443647503],[-119.4011626917,49.83406830346],[-119.40124650164,49.83414260807],[-119.4019150751,49.83477735878],[-119.40217034773,49.83491963957],[-119.40258730018,49.8350732057],[-119.40299255581,49.83521039599],[-119.40332186669,49.83537028738],[-119.4033335668,49.83538666151],[-119.40374478265,49.83566117061],[-119.40457680303,49.83600860459],[-119.40483592086,49.83607024714],[-119.40514375753,49.83615706891],[-119.40676869771,49.83662514819],[-119.40750714532,49.83684156798],[-119.4075037873,49.83743874185],[-119.40751213171,49.83805229076],[-119.40751665302,49.83874647377],[-119.40752951956,49.8400542117],[-119.40754000947,49.84088572362],[-119.40842256619,49.84095971948],[-119.40981364522,49.84110027865],[-119.40982350791,49.84326348889],[-119.40791234486,49.84329825217],[-119.40650184292,49.84330255886],[-119.40575180296,49.84332802858],[-119.40554136478,49.84329156721],[-119.40531730979,49.84327904803],[-119.40507176313,49.84319346259],[-119.40466833658,49.84301596008],[-119.40403681997,49.8426482919],[-119.40385362243,49.84256394219],[-119.40340743742,49.84249857884],[-119.40293593358,49.84244078114],[-119.40248591782,49.84245604729],[-119.40172630319,49.84268307045],[-119.40128606774,49.84275502273],[-119.40039964768,49.842761596],[-119.40000026947,49.84276171678],[-119.39970025593,49.8427718855],[-119.39822742835,49.84277483216],[-119.39746953644,49.84270322994],[-119.39711102411,49.84263151447],[-119.39704659245,49.84241231253],[-119.39692767463,49.84228887629],[-119.39519717905,49.84141497113],[-119.39489509653,49.84120716709],[-119.39461048859,49.84089478841],[-119.39590376223,49.84046862509],[-119.3967901336,49.84046209239],[-119.39805839799,49.84056001468],[-119.39893901049,49.84067441205],[-119.39910802989,49.84000789073],[-119.39712280402,49.83976655403],[-119.39676239563,49.83973515437],[-119.39632009796,49.83958912689],[-119.39491903513,49.83887514082]]]]},"properties":{"a": "0.7352", "q": "0", "t": "DA", "dw": "202", "hh": "196", "id": "59350116", "pop": "494", "name": "59350116", "rgid": "5935", "rpid": "5935010", "ruid": "9150003.02", "rguid": "59915"}},{"type":"Feature","geometry":{"type":"MultiPolygon","coordinates":[[[[-119.38899272857,49.83780429301],[-119.38906845472,49.83726505889],[-119.38910535223,49.83701560009],[-119.38922183055,49.83614627787],[-119.38933830395,49.83527695816],[-119.38938291513,49.83486623898],[-119.38954567906,49.83302935567],[-119.3905078414,49.83300018787],[-119.39109796329,49.83292321557],[-119.39188868732,49.83282603882],[-119.3925742908,49.83283974523],[-119.39332814189,49.83299201329],[-119.39413070633,49.83316946074],[-119.39471905223,49.83339104928],[-119.39489049399,49.83345903826],[-119.39603596364,49.83377244764],[-119.39649373925,49.83385421729],[-119.39689110913,49.83389442625],[-119.39741505998,49.83389680369],[-119.39814537919,49.83375801803],[-119.39827003754,49.83376050253],[-119.39877460888,49.83390776016],[-119.39908049685,49.83403491581],[-119.4001462297,49.83445160848],[-119.39875803926,49.83530367485],[-119.39801232799,49.83576499196],[-119.39646989283,49.83618620282],[-119.39541647616,49.83681892298],[-119.39517306751,49.8369512694],[-119.39491218821,49.8371881878],[-119.39357607055,49.83746819958],[-119.39261779745,49.83767503717],[-119.39253220819,49.83789931159],[-119.39325890689,49.83809946375],[-119.39491903513,49.83887514082],[-119.39181290662,49.84067747752],[-119.39156600637,49.84166527321],[-119.39152732442,49.84221332883],[-119.39137166696,49.84259762574],[-119.39063769131,49.84359182756],[-119.39059681373,49.84366364946],[-119.38781688152,49.84411647904],[-119.38809136231,49.84359735662],[-119.38832699805,49.84336801489],[-119.38917424806,49.8428765025],[-119.39002931667,49.84248199294],[-119.3901480907,49.84234716196],[-119.39022984467,49.8422035192],[-119.39018436686,49.84080632479],[-119.3892239514,49.84079517388],[-119.38909517857,49.84035676262],[-119.3889469931,49.8400632406],[-119.38842659944,49.83946363931],[-119.3883973048,49.83929356254],[-119.38844590343,49.83906047833],[-119.38878665381,49.83872025175],[-119.38937276455,49.83820737632],[-119.38951298985,49.838145616],[-119.38978958115,49.8381027267],[-119.39074993391,49.83811387198],[-119.39071266385,49.83758851771],[-119.38944462778,49.83774877294],[-119.38899272857,49.83780429301]]]]},"properties":{"a": "0.4369", "q": "0", "t": "DA", "dw": "190", "hh": "187", "id": "59350117", "pop": "474", "name": "59350117", "rgid": "5935", "rpid": "5935010", "ruid": "9150003.02", "rguid": "59915"}},{"type":"Feature","geometry":{"type":"MultiPolygon","coordinates":[[[[-119.43163479317,49.833499736],[-119.43074857745,49.83350658257],[-119.43059860826,49.83351171377],[-119.42967537221,49.83350975441],[-119.4285398371,49.83351169153],[-119.4282028785,49.83351314982],[-119.42761660115,49.83350971283],[-119.42676740384,49.83352532089],[-119.42477096161,49.83352644386],[-119.42412235476,49.83352176061],[-119.42342312607,49.83353221846],[-119.42306085606,49.83354123181],[-119.42161367203,49.83353695597],[-119.42110143106,49.83355107938],[-119.41948086414,49.83351914476],[-119.41911859338,49.83352814359],[-119.41897052288,49.83349294118],[-119.41892179952,49.83346776837],[-119.41886137048,49.83342622337],[-119.41876772491,49.83329524593],[-119.41875601925,49.83327887375],[-119.41877152569,49.83321461425],[-119.41878331147,49.83164107193],[-119.41878620193,49.83078564477],[-119.41722426734,49.83083553343],[-119.41565252857,49.83082870944],[-119.41414311553,49.83082309249],[-119.41389381474,49.83081816362],[-119.4132822658,49.83082221136],[-119.41007646606,49.83080717754],[-119.40976484082,49.83080100346],[-119.40917645094,49.83057950697],[-119.40895628384,49.8304863661],[-119.40867188319,49.83043230443],[-119.40827262469,49.83043245879],[-119.40752473172,49.83041762564],[-119.40605639584,49.83059832368],[-119.40563373639,49.83056572025],[-119.40530062806,49.83048646966],[-119.40514279452,49.83039455801],[-119.40443935894,49.82996898212],[-119.40390142423,49.82947405537],[-119.40372786039,49.82918813439],[-119.40360896074,49.82906471196],[-119.40348410899,49.82880397094],[-119.40327737181,49.8284286138],[-119.40315656025,49.828345506],[-119.40295789895,49.82832541477],[-119.40195117885,49.82850715634],[-119.40000003379,49.82887185004],[-119.39978583706,49.82891600791],[-119.39962226501,49.82894503245],[-119.39722713645,49.829462241],[-119.39726974132,49.82909184146],[-119.39739613752,49.82879574887],[-119.39759654895,49.8285172735],[-119.39766079103,49.82847820135],[-119.39808901058,49.82813163182],[-119.39824472499,49.82800560618],[-119.39826602219,49.82782040708],[-119.3981958467,49.82772216123],[-119.39804973543,49.8276466134],[-119.39713239665,49.82752340465],[-119.39681102459,49.82746050057],[-119.39645264622,49.82738878654],[-119.39617212793,49.82725406018],[-119.39602986683,49.8270978804],[-119.39589882248,49.82618329146],[-119.39589097291,49.8260862882],[-119.3958828042,49.82547276411],[-119.39592349464,49.82514268458],[-119.39607327684,49.82487934663],[-119.39632237716,49.82462606104],[-119.39666887231,49.82442314117],[-119.39745540867,49.82414829175],[-119.39755664863,49.82411802869],[-119.39782336305,49.82401843062],[-119.3980296822,49.82387727545],[-119.39809583683,49.82379788955],[-119.39815029648,49.82370212954],[-119.39810927821,49.82351569101],[-119.40040510837,49.82350494008],[-119.40383215852,49.82331486685],[-119.40915961411,49.82303323923],[-119.40962111409,49.82303431626],[-119.40967166816,49.82091280859],[-119.40975484473,49.81625790424],[-119.41289339723,49.81635234159],[-119.42136066355,49.81638233522],[-119.4213532987,49.80885281685],[-119.42650772355,49.80876057146],[-119.4359308255,49.80858216251],[-119.44435670743,49.80812520459],[-119.44403156999,49.79393242588],[-119.45512504857,49.79394616664],[-119.45543640163,49.79395219618],[-119.455445715,49.79375064142],[-119.45549678537,49.7883290445],[-119.45599488245,49.78833868922],[-119.45600659013,49.78835505438],[-119.45613537524,49.78853507109],[-119.45613351349,49.78857538131],[-119.45615506737,49.78864842184],[-119.45627028448,49.78885238365],[-119.45638736427,49.78901603518],[-119.45650444499,49.78917968666],[-119.45652041562,49.78937365826],[-119.45649940027,49.78955884485],[-119.45646481499,49.78976797676],[-119.45646109201,49.78984859755],[-119.45651963358,49.7899304235],[-119.45666385692,49.79004618484],[-119.45689748528,49.79011526032],[-119.45710769713,49.79015160501],[-119.45724207493,49.79021068998],[-119.45732403609,49.7903252458],[-119.45740227651,49.79052042261],[-119.45748609926,49.79059466789],[-119.45759520068,49.79066133277],[-119.45789109991,49.79073161046],[-119.458113025,49.79078431814],[-119.45826097537,49.79081945633],[-119.45840892599,49.7908545943],[-119.45868326841,49.79085182901],[-119.45875724392,49.79086939771],[-119.45899273953,49.79089815781],[-119.45921466692,49.79095086305],[-119.45932377209,49.7910175261],[-119.45952841505,49.79117479763],[-119.4595869646,49.79125662213],[-119.45962822903,49.79144301377],[-119.45961094359,49.79154758095],[-119.45970090729,49.7917591217],[-119.45981615067,49.79196308158],[-119.45983771286,49.79203612218],[-119.45990611633,49.79217462245],[-119.45991039377,49.79235223061],[-119.45984440885,49.79243164928],[-119.45978028204,49.79247075709],[-119.45976485493,49.79253501383],[-119.45971857332,49.79272778411],[-119.45971671488,49.79276809499],[-119.45967229128,49.79292055451],[-119.45958901883,49.79310454093],[-119.45958158449,49.79326578467],[-119.45960128836,49.79337913662],[-119.45966597623,49.79359825969],[-119.45969739117,49.79372797678],[-119.45967638789,49.79391316689],[-119.45955612261,49.79408836983],[-119.4593618744,49.79424600434],[-119.45923175511,49.79436453088],[-119.45919903869,49.79453335617],[-119.45916818107,49.79466187041],[-119.45905962218,49.79485343836],[-119.45899363161,49.79493285716],[-119.45888693056,49.7950841139],[-119.45887150108,49.79514837109],[-119.45874936927,49.79536388504],[-119.45860381463,49.79554666847],[-119.45855139254,49.79560214117],[-119.45831828133,49.79579130117],[-119.45824057711,49.7958543544],[-119.45817458336,49.79593377293],[-119.45811471959,49.79615049075],[-119.45808757776,49.7961983827],[-119.4580042916,49.7963823699],[-119.45791914433,49.79660666854],[-119.45789200197,49.79665456051],[-119.45769401408,49.79689281599],[-119.45762801761,49.79697223444],[-119.45759529255,49.79714106075],[-119.45758971039,49.79726199516],[-119.45740528959,49.79747630455],[-119.45719558411,49.79769819419],[-119.45712772418,49.79781792408],[-119.45709499639,49.79798675072],[-119.45705241874,49.79809890027],[-119.45693213007,49.79827410258],[-119.45686799139,49.79831320929],[-119.45673971367,49.7983914226],[-119.45641103037,49.79848996627],[-119.45630989672,49.79852028718],[-119.45617176881,49.79854182246],[-119.45604535135,49.79857972328],[-119.45581593682,49.79868825602],[-119.45571293963,49.79875888799],[-119.45556922229,49.79890135744],[-119.45539835708,49.79909171843],[-119.45527619539,49.79930723106],[-119.45519661672,49.7994105944],[-119.45513859545,49.79958700129],[-119.45511144789,49.799634893],[-119.45500658375,49.79974583625],[-119.45492700356,49.79984919954],[-119.45474628458,49.79998288226],[-119.45473271044,49.80000682809],[-119.45462970809,49.80007745926],[-119.45436142226,49.80021751482],[-119.45423313385,49.80029572538],[-119.45416712524,49.80037514246],[-119.4540992521,49.80049487139],[-119.45395552311,49.80063733934],[-119.45384878876,49.80078859365],[-119.45384133055,49.80094984133],[-119.45387459728,49.80103925169],[-119.45400341275,49.80121927924],[-119.45405025502,49.80128474379],[-119.45403108688,49.80142962561],[-119.45402549367,49.80155056164],[-119.45394217853,49.80173454886],[-119.45391928075,49.80196005503],[-119.45390011183,49.80210493718],[-119.45381493036,49.80232923678],[-119.45378777946,49.80237712858],[-119.45369275078,49.80254474988],[-119.45354901323,49.80268721827],[-119.45344600214,49.80275784887],[-119.45327511111,49.80294820876],[-119.45323251792,49.8030603586],[-119.45323490243,49.80327828611],[-119.45323303717,49.80331859836],[-119.45323728697,49.80349621379],[-119.45321811494,49.80364109658],[-119.45324765195,49.80381113264],[-119.45330434178,49.80393327686],[-119.45332776388,49.80396600962],[-119.4533863193,49.8040478415],[-119.45347016235,49.80412209373],[-119.45356758191,49.8041723999],[-119.45381299657,49.80425785252],[-119.45397456769,49.80426905276],[-119.45423542396,49.80429024585],[-119.45452156782,49.80430385835],[-119.4547084266,49.80430747747],[-119.45488170993,49.80433504246],[-119.45511541639,49.80440412566],[-119.45542498538,49.80445046791],[-119.45572098002,49.80452075554],[-119.45601697567,49.80459104229],[-119.45630125989,49.80464496211],[-119.45649983289,49.8046649439],[-119.45656025768,49.80470646157],[-119.45680754357,49.80475159435],[-119.45693025586,49.80479431678],[-119.45722439412,49.80490491251],[-119.45735695895,49.80500431296],[-119.45736132033,49.80707025156],[-119.45705172946,49.80702391499],[-119.45603538221,49.80689127437],[-119.45579979718,49.80686250556],[-119.45515160698,49.80685802738],[-119.45502516305,49.806895928],[-119.45462240497,49.80697689614],[-119.45440651655,49.80706148237],[-119.45378600017,49.80726734577],[-119.45332706115,49.80748440683],[-119.45301798967,49.80769630122],[-119.45195683787,49.8085311282],[-119.45165946322,49.80875938591],[-119.45129792462,49.80902674746],[-119.45221365939,49.80944800123],[-119.45354868815,49.81024051646],[-119.45359740519,49.81026567005],[-119.45418813356,49.81070481807],[-119.45450626098,49.81110640441],[-119.4548539439,49.81167803057],[-119.45495856546,49.81238213954],[-119.45494471369,49.81322114556],[-119.45491408441,49.81442297858],[-119.45487652622,49.81604432416],[-119.45577407732,49.81605362736],[-119.45597270511,49.81607361102],[-119.45696957131,49.81609289499],[-119.45702015949,49.81607773327],[-119.45756545755,49.8161528375],[-119.45779923562,49.81622191719],[-119.458190912,49.81638281851],[-119.45850484844,49.81660677641],[-119.46003886682,49.81741920167],[-119.46064277726,49.81757612096],[-119.46342371977,49.81785571945],[-119.46497086304,49.81838586907],[-119.46597084167,49.81888125474],[-119.46629656004,49.81912155546],[-119.46630828057,49.81913792117],[-119.46649766342,49.81935945758],[-119.46670122591,49.81981529933],[-119.46688751385,49.82037572047],[-119.46695103591,49.82089343017],[-119.46692324617,49.8214981559],[-119.46690286651,49.82194162225],[-119.46685590465,49.82350633397],[-119.46685219898,49.82358696473],[-119.46634861878,49.82558676527],[-119.46620113741,49.82580989508],[-119.46467698048,49.82694267807],[-119.46444371987,49.82713187346],[-119.46424747882,49.82732985182],[-119.46409626838,49.82763361165],[-119.46405797817,49.82792340614],[-119.46409373239,49.82823076789],[-119.46448731832,49.82916643973],[-119.46176707738,49.83026001283],[-119.46100801532,49.83048748398],[-119.46012243231,49.83075285982],[-119.45965712415,49.83083265236],[-119.45963182147,49.8308402343],[-119.45836798552,49.8309207417],[-119.45800388436,49.83097019997],[-119.45773540857,49.83111027997],[-119.45706688937,49.83180755906],[-119.45627981907,49.83263974156],[-119.4556501399,49.83330548478],[-119.45515762438,49.83343315428],[-119.4551589574,49.83313457067],[-119.45504362177,49.83293057578],[-119.45499674189,49.83286510442],[-119.45447786978,49.83248381794],[-119.45431379578,49.83225466756],[-119.45401095758,49.83178878602],[-119.45368416581,49.83103190334],[-119.45354353959,49.8308354886],[-119.45309315096,49.83059272091],[-119.45210476077,49.83011355189],[-119.45195854208,49.83003808355],[-119.45055683954,49.82932491429],[-119.4492409414,49.82864567333],[-119.44844945437,49.82822678426],[-119.44798928009,49.82792731142],[-119.44760502127,49.82760510052],[-119.44738055613,49.82733441601],[-119.44714202512,49.82682941693],[-119.44655767657,49.82571241914],[-119.44514684227,49.82305405903],[-119.44504282956,49.82260817052],[-119.44360774031,49.82262058693],[-119.4421862391,49.8226090364],[-119.43824501777,49.8225967154],[-119.43679821709,49.82259266317],[-119.43679298668,49.82297186491],[-119.4367975839,49.8234077514],[-119.43680216417,49.82624860582],[-119.43681072664,49.82793549072],[-119.43679713285,49.82795943643],[-119.43681490809,49.82811312223],[-119.43676241514,49.82816858965],[-119.43669821069,49.82820768731],[-119.43648029122,49.82833255596],[-119.43541180452,49.82877168507],[-119.43532229194,49.82881835755],[-119.43525808511,49.82885745435],[-119.43446605692,49.82925355739],[-119.43376541527,49.82956266788],[-119.43272178393,49.82973593033],[-119.43247665042,49.82990868138],[-119.43234484242,49.8303257672],[-119.43235316727,49.83068103369],[-119.43240000863,49.83074651534],[-119.43271619169,49.83118851628],[-119.43275548782,49.83141526122],[-119.43276719852,49.83143163163],[-119.43267201708,49.83159924972],[-119.43224405282,49.83194597404],[-119.43207105514,49.83217663252],[-119.43163479317,49.833499736]]]]},"properties":{"a": "10.1262", "q": "0", "t": "DA", "dw": "376", "hh": "364", "id": "59350119", "pop": "1137", "name": "59350119", "rgid": "5935", "rpid": "5935010", "ruid": "9150003.01", "rguid": "59915"}},{"type":"Feature","geometry":{"type":"MultiPolygon","coordinates":[[[[-119.43892465732,49.86125312608],[-119.43887562184,49.85989618118],[-119.43967471072,49.85989562226],[-119.44028668943,49.85989140995],[-119.44066278992,49.85985838337],[-119.44128228616,49.85969288482],[-119.44231672485,49.86053630792],[-119.44248835846,49.86060422036],[-119.44269703978,49.86068092507],[-119.44290714476,49.86045901727],[-119.44315992749,49.8601249412],[-119.44314820449,49.86010857038],[-119.44326076503,49.85983633593],[-119.44331846461,49.85940160778],[-119.4435202986,49.85453050652],[-119.44354703684,49.85422432254],[-119.44355129076,49.85332850773],[-119.44358132269,49.85268340197],[-119.44363763001,49.85147383259],[-119.44357481343,49.85121433553],[-119.44140967813,49.85106725042],[-119.44129999777,49.8507422703],[-119.44148429531,49.85026966834],[-119.44175062515,49.84991165963],[-119.441789541,49.84988013355],[-119.44218057442,49.84952455348],[-119.44228935625,49.84933296737],[-119.44225983185,49.84916290081],[-119.44226170995,49.84912258227],[-119.4420957594,49.84893371662],[-119.44197480918,49.84885065055],[-119.4417155552,49.84878910311],[-119.44167851898,49.84878031056],[-119.44090496325,49.84877330815],[-119.44053272388,49.84872569747],[-119.44050740667,49.84873327496],[-119.44045865208,49.84870811148],[-119.43948588697,49.84842279961],[-119.43851732621,49.84831512246],[-119.4383945032,49.8482723705],[-119.43823652746,49.84818050625],[-119.43825200908,49.84811624032],[-119.43817751407,49.84784037217],[-119.43817514354,49.84521726235],[-119.43529166669,49.84522550477],[-119.43330637165,49.845243172],[-119.43299463356,49.84523707123],[-119.43234584111,49.84523244202],[-119.43208473646,49.84521118777],[-119.43206130777,49.84517844521],[-119.43192489852,49.84515963214],[-119.43187615341,49.84513446472],[-119.43177866337,49.84508412981],[-119.43173180668,49.84501864457],[-119.43172575724,49.84488132003],[-119.43171593137,49.844824631],[-119.43167096334,49.84471882807],[-119.43150469585,49.84427167021],[-119.43146539433,49.84404491454],[-119.43152735662,49.8437878589],[-119.43169435705,49.84341986813],[-119.43197432934,49.84303794823],[-119.43215908694,49.84282365225],[-119.43338433519,49.84144330704],[-119.43355170566,49.84133359051],[-119.43363519222,49.84114959497],[-119.43363102318,49.8409719552],[-119.433527486,49.84078430031],[-119.4333480092,49.84061937175],[-119.43310619348,49.84045322282],[-119.43315682042,49.84043807209],[-119.43341184093,49.8403220009],[-119.4334624676,49.84030685001],[-119.43397627544,49.83999407137],[-119.43439676734,49.83980859794],[-119.43505678288,49.83957131115],[-119.43530007866,49.83943886483],[-119.43544966082,49.83917545371],[-119.43592370746,49.83837764444],[-119.4359373052,49.83835369797],[-119.43605214945,49.83829944731],[-119.43622744699,49.8382867316],[-119.43695018185,49.83830892314],[-119.43716627015,49.83822436596],[-119.43717986712,49.83820041934],[-119.43723237231,49.83814494973],[-119.4375394505,49.83771512788],[-119.43756476147,49.83770755145],[-119.43763839045,49.83746686787],[-119.4376285582,49.8374101809],[-119.43769465817,49.83733076459],[-119.43788124217,49.83707614542],[-119.43817094666,49.83675090318],[-119.43859472097,49.83622651062],[-119.43903541028,49.83533926826],[-119.43905464704,49.83519437209],[-119.43909688124,49.83482394704],[-119.43914518734,49.83459084152],[-119.43905249387,49.83390303057],[-119.43819491676,49.83356346737],[-119.43749150601,49.8333963904],[-119.43708238837,49.83333997557],[-119.43665779335,49.83334782138],[-119.43614179317,49.83344265554],[-119.4358516854,49.83350962052],[-119.435351162,49.83354018832],[-119.43488954353,49.83353923203],[-119.43276844111,49.83353807929],[-119.43261847206,49.83354321358],[-119.4324567918,49.83353197707],[-119.43163479317,49.833499736],[-119.43207105514,49.83217663252],[-119.43224405282,49.83194597404],[-119.43267201708,49.83159924972],[-119.43276719852,49.83143163163],[-119.43275548782,49.83141526122],[-119.43271619169,49.83118851628],[-119.43240000863,49.83074651534],[-119.43235316727,49.83068103369],[-119.43234484242,49.8303257672],[-119.43247665042,49.82990868138],[-119.43272178393,49.82973593033],[-119.43376541527,49.82956266788],[-119.43446605692,49.82925355739],[-119.43525808511,49.82885745435],[-119.43532229194,49.82881835755],[-119.43541180452,49.82877168507],[-119.43648029122,49.82833255596],[-119.43669821069,49.82820768731],[-119.43676241514,49.82816858965],[-119.43681490809,49.82811312223],[-119.43679713285,49.82795943643],[-119.43681072664,49.82793549072],[-119.43680216417,49.82624860582],[-119.4367975839,49.8234077514],[-119.43679298668,49.82297186491],[-119.43679821709,49.82259266317],[-119.43824501777,49.8225967154],[-119.4421862391,49.8226090364],[-119.44360774031,49.82262058693],[-119.44504282956,49.82260817052],[-119.44514684227,49.82305405903],[-119.44655767657,49.82571241914],[-119.44714202512,49.82682941693],[-119.44738055613,49.82733441601],[-119.44760502127,49.82760510052],[-119.44798928009,49.82792731142],[-119.44844945437,49.82822678426],[-119.4492409414,49.82864567333],[-119.45055683954,49.82932491429],[-119.45195854208,49.83003808355],[-119.45210476077,49.83011355189],[-119.45309315096,49.83059272091],[-119.45354353959,49.8308354886],[-119.45368416581,49.83103190334],[-119.45401095758,49.83178878602],[-119.45431379578,49.83225466756],[-119.45447786978,49.83248381794],[-119.45499674189,49.83286510442],[-119.45504362177,49.83293057578],[-119.4551589574,49.83313457067],[-119.45515762438,49.83343315428],[-119.4556501399,49.83330548478],[-119.45627981907,49.83263974156],[-119.45706688937,49.83180755906],[-119.45773540857,49.83111027997],[-119.45800388436,49.83097019997],[-119.45836798552,49.8309207417],[-119.45963182147,49.8308402343],[-119.45965712415,49.83083265236],[-119.46012243231,49.83075285982],[-119.46100801532,49.83048748398],[-119.46176707738,49.83026001283],[-119.46448731832,49.82916643973],[-119.4675227079,49.82881325933],[-119.46786333072,49.82873103405],[-119.46866675133,49.82835102873],[-119.46902094318,49.82824484944],[-119.46985211654,49.82807519694],[-119.47075733032,49.82792309945],[-119.47178348557,49.82785401713],[-119.47204819642,49.82779453254],[-119.47301507429,49.82738534809],[-119.47335382768,49.82734342023],[-119.47375305575,49.82734300162],[-119.47420657111,49.82724677813],[-119.47371852641,49.8275521674],[-119.47251103235,49.82831183884],[-119.47201308493,49.82856053908],[-119.47126028987,49.82892540229],[-119.47065927962,49.82924475195],[-119.46965963307,49.82982276564],[-119.46947697975,49.82999680589],[-119.46943625333,49.83006865708],[-119.46936837564,49.83018840905],[-119.46927951882,49.83049337701],[-119.46920053484,49.83085502771],[-119.46914932108,49.83142704311],[-119.46901788001,49.83184418024],[-119.46891729174,49.83213278352],[-119.46863464994,49.83285369376],[-119.4675194149,49.83567307713],[-119.46654168045,49.83821265148],[-119.46647192702,49.83837272235],[-119.46636504567,49.84015428058],[-119.46634891314,49.84159055442],[-119.46634575898,49.84274460873],[-119.46619881724,49.8432260279],[-119.46595248898,49.8436974651],[-119.46585615871,49.84416371753],[-119.46589194049,49.84447109616],[-119.46609071042,49.84449106136],[-119.46618638659,49.84458168049],[-119.46616909549,49.84468626837],[-119.46607772863,49.84477328982],[-119.46599007068,49.84477967447],[-119.46616598755,49.84502518265],[-119.46638079912,49.84523915544],[-119.46639252713,49.84525552263],[-119.46651166193,49.84537887609],[-119.4667382054,49.84560921556],[-119.46679684679,49.84569105142],[-119.46689252731,49.84578167025],[-119.4669647514,49.84583955469],[-119.46698820825,49.84587228901],[-119.46701166512,49.84590502333],[-119.46702339358,49.84592139049],[-119.46676843324,49.8460375511],[-119.46642581063,49.84616009615],[-119.46600354358,49.84638602923],[-119.46569795509,49.84651735522],[-119.46546829863,49.84662592878],[-119.46521518502,49.84670176702],[-119.46498738197,49.84677002088],[-119.46472068281,49.84686980907],[-119.46444225462,49.84695322905],[-119.46420086475,49.84704543229],[-119.46397120139,49.84715400256],[-119.46369091276,49.84727773917],[-119.46339889499,49.84738510737],[-119.46312046063,49.84746852375],[-119.46281671277,49.84755952257],[-119.46251110539,49.8476908392],[-119.46230674658,49.8477918227],[-119.46202644859,49.84791555485],[-119.46172083604,49.84804686919],[-119.46141522153,49.84817818263],[-119.46131396939,49.848208514],[-119.46097131245,49.84833104098],[-119.4607064534,49.84839050005],[-119.46056816029,49.84841204528],[-119.46047863352,49.84845874388],[-119.460135972,49.84858126806],[-119.45991987652,49.84866587878],[-119.45979330844,49.84870379111],[-119.4594994092,49.84885146709],[-119.45925799711,49.84894365882],[-119.45901472227,49.84907616882],[-119.45893505669,49.84917955328],[-119.45885166703,49.84936357547],[-119.45874482422,49.84951486101],[-119.45863798063,49.84966614651],[-119.45842801567,49.84988807949],[-119.45826867802,49.85009484802],[-119.45808402382,49.85030919849],[-119.45792840841,49.85043532872],[-119.45765794221,49.85061573712],[-119.4574868718,49.85080613636],[-119.45722812724,49.85100291239],[-119.45703173755,49.85120089295],[-119.45686252569,49.85135097235],[-119.45666799667,49.85150863327],[-119.45643269555,49.85173814515],[-119.45624988892,49.85191217422],[-119.45610598767,49.85205467107],[-119.45596022062,49.85223748701],[-119.45579100059,49.85238756512],[-119.45557114577,49.85255280596],[-119.45532410679,49.85276594711],[-119.45511783946,49.85290723679],[-119.45484734468,49.85308763902],[-119.45455153011,49.85327562186],[-119.45435884955,49.8533929599],[-119.45400679478,49.85371706186],[-119.45384928701,49.85388350657],[-119.45369364508,49.85400963168],[-119.45368005251,49.85403358192],[-119.45357691301,49.85410422539],[-119.45328295285,49.8542518856],[-119.45296554001,49.85436680637],[-119.45291303533,49.85442228753],[-119.4528877169,49.85442986836],[-119.45260360891,49.85463421556],[-119.45243436677,49.85478428916],[-119.45225152968,49.85495831265],[-119.45209401006,49.85512475528],[-119.45192476404,49.85527482826],[-119.45179256114,49.85543368998],[-119.45166035722,49.85559255161],[-119.45149110769,49.85574262409],[-119.45147751326,49.85576657417],[-119.45143672986,49.85583842439],[-119.45126747851,49.85598849661],[-119.45114699583,49.85616372749],[-119.45096227726,49.85637806916],[-119.45071706156,49.85655088185],[-119.45067814625,49.8565824122],[-119.45041933275,49.85677917431],[-119.45030445585,49.85683344527],[-119.45003391413,49.85701383676],[-119.44973804931,49.8572018077],[-119.44967194067,49.85728123764],[-119.44948720939,49.85749557739],[-119.44938405401,49.85756621732],[-119.4491913386,49.85768354701],[-119.44890718977,49.85788788587],[-119.4487008747,49.85802916463],[-119.44862303811,49.85809222405],[-119.44835248073,49.85827261171],[-119.44789294371,49.85848968629],[-119.4477663343,49.85852758445],[-119.44746059734,49.85865885936],[-119.44737103338,49.85870554771],[-119.44708874225,49.85886956204],[-119.44697385511,49.8589238295],[-119.44688429002,49.85897051745],[-119.44653962604,49.85913331883],[-119.44630984854,49.85924185246],[-119.44599050279,49.8593970728],[-119.44574899851,49.85948923477],[-119.44554453991,49.85959018762],[-119.44525426298,49.8596571865],[-119.44497570872,49.85974055511],[-119.44470887687,49.85984029357],[-119.44461930721,49.8598869796],[-119.44399231388,49.86021377978],[-119.44369827562,49.86036141451],[-119.4435951031,49.86043204909],[-119.44334983227,49.86060484587],[-119.44330902987,49.86067669394],[-119.44326822733,49.86074854202],[-119.44321194602,49.86088465967],[-119.44300935215,49.86094528751],[-119.44282035891,49.86098196564],[-119.44278331147,49.86097317314],[-119.44001638759,49.86140355615],[-119.43892465732,49.86125312608]]]]},"properties":{"a": "6.2141", "q": "0", "t": "DA", "dw": "218", "hh": "199", "id": "59350120", "pop": "471", "name": "59350120", "rgid": "5935", "rpid": "5935010", "ruid": "9150003.01", "rguid": "59915"}},{"type":"Feature","geometry":{"type":"MultiPolygon","coordinates":[[[[-119.46702339358,49.84592139049],[-119.46701166512,49.84590502333],[-119.46698820825,49.84587228901],[-119.4669647514,49.84583955469],[-119.46689252731,49.84578167025],[-119.46679684679,49.84569105142],[-119.4667382054,49.84560921556],[-119.46651166193,49.84537887609],[-119.46639252713,49.84525552263],[-119.46638079912,49.84523915544],[-119.46616598755,49.84502518265],[-119.46599007068,49.84477967447],[-119.46607772863,49.84477328982],[-119.46616909549,49.84468626837],[-119.46618638659,49.84458168049],[-119.46609071042,49.84449106136],[-119.46589194049,49.84447109616],[-119.46585615871,49.84416371753],[-119.46595248898,49.8436974651],[-119.46619881724,49.8432260279],[-119.46634575898,49.84274460873],[-119.46634891314,49.84159055442],[-119.46636504567,49.84015428058],[-119.46647192702,49.83837272235],[-119.46654168045,49.83821265148],[-119.4675194149,49.83567307713],[-119.46863464994,49.83285369376],[-119.46891729174,49.83213278352],[-119.46901788001,49.83184418024],[-119.46914932108,49.83142704311],[-119.46920053484,49.83085502771],[-119.46927951882,49.83049337701],[-119.46936837564,49.83018840905],[-119.46943625333,49.83006865708],[-119.46947697975,49.82999680589],[-119.46965963307,49.82982276564],[-119.47065927962,49.82924475195],[-119.47126028987,49.82892540229],[-119.47201308493,49.82856053908],[-119.47251103235,49.82831183884],[-119.47371852641,49.8275521674],[-119.47420657111,49.82724677813],[-119.47453728697,49.82710784893],[-119.47527275925,49.82684754589],[-119.47653945813,49.8264279295],[-119.48016049201,49.82526241163],[-119.48044242076,49.8250983218],[-119.4806521405,49.82487636117],[-119.48146247049,49.82351990243],[-119.48181405068,49.82319573662],[-119.48206882703,49.82307954634],[-119.48252227595,49.82298328594],[-119.48318428823,49.82296363215],[-119.48316366094,49.82396393622],[-119.48317680445,49.82449681758],[-119.48317892685,49.82527159541],[-119.48319758175,49.82568353122],[-119.48319207097,49.82580447922],[-119.48189508809,49.82579587933],[-119.48155635615,49.82583783638],[-119.48159642463,49.82769475634],[-119.48173603403,49.82818970722],[-119.48173305555,49.82852860235],[-119.48324422978,49.82849286534],[-119.48324776961,49.82978418104],[-119.48324734853,49.83034102561],[-119.48324396121,49.83123676966],[-119.48323180918,49.83177725266],[-119.4832171118,49.83209978767],[-119.48320566694,49.83289853874],[-119.48318136058,49.83397951206],[-119.48313697944,49.83413200428],[-119.48278446142,49.83556989577],[-119.48276905409,49.83563416586],[-119.48273823928,49.83576270607],[-119.48279689846,49.83584452957],[-119.48247700889,49.83711357009],[-119.48234708973,49.83804727535],[-119.4823162718,49.83817581652],[-119.48232800414,49.83819218141],[-119.48229885856,49.8396524009],[-119.4823009652,49.84042722001],[-119.48224667937,49.84052303217],[-119.48225911431,49.84079767081],[-119.48224186567,49.84090226012],[-119.4822543007,49.84117689912],[-119.48224072899,49.84120085222],[-119.48223521332,49.84132180676],[-119.48225867974,49.84135453691],[-119.48224326941,49.84141880823],[-119.48223959229,49.84149944464],[-119.48225132555,49.84151580973],[-119.48189705358,49.84162204163],[-119.48180756581,49.84166875852],[-119.48148849047,49.84182408447],[-119.48122186341,49.84192391567],[-119.4810175792,49.84202493599],[-119.48073921686,49.84210840067],[-119.48047442647,49.84216791166],[-119.48036147047,49.84218189664],[-119.48007137314,49.84224899412],[-119.47988249887,49.84228574102],[-119.47980658087,49.84230850334],[-119.47958066758,49.84233647166],[-119.47934118019,49.84238839227],[-119.47903934748,49.84243912126],[-119.47876282035,49.84248226218],[-119.47849986696,49.84250144964],[-119.47813753016,49.84251066618],[-119.4778628445,49.8425134863],[-119.47761346534,49.84250871878],[-119.47737581785,49.84252031636],[-119.47703878729,49.84252194204],[-119.47671348804,49.84253993238],[-119.47638634416,49.8425982399],[-119.47608266162,49.84268927813],[-119.47576540172,49.84280426779],[-119.47551233062,49.8428801315],[-119.47519506765,49.84299511939],[-119.47509383843,49.84302546438],[-119.47475126572,49.84314803714],[-119.47466176651,49.84319474778],[-119.47429572988,49.84328458683],[-119.47403092259,49.84334408072],[-119.47369203812,49.84338601326],[-119.47344080689,49.84342155347],[-119.47316611483,49.84342436048],[-119.472901305,49.84348385135],[-119.47267353253,49.84355212224],[-119.47244575931,49.84362039263],[-119.4719142855,49.84377968821],[-119.47167293101,49.84387190876],[-119.4714433051,49.84398049526],[-119.4711649101,49.84406393342],[-119.47096059057,49.84416493361],[-119.47069392278,49.84426473708],[-119.47045256271,49.84435695479],[-119.47021120155,49.84444917194],[-119.46994453011,49.84454897348],[-119.46982971313,49.8446032649],[-119.46937044219,49.84482042937],[-119.4691408049,49.84492901086],[-119.4688858567,49.84504517655],[-119.46855497752,49.84518409548],[-119.46826113488,49.84533179582],[-119.46793025128,49.8454707128],[-119.46781542907,49.84552500205],[-119.46758578375,49.84563358017],[-119.46726662395,49.84578886215],[-119.46702339358,49.84592139049]]]]},"properties":{"a": "1.967", "q": "0", "t": "DA", "dw": "170", "hh": "166", "id": "59350121", "pop": "490", "name": "59350121", "rgid": "5935", "rpid": "5935010", "ruid": "9150002.00", "rguid": "59915"}},{"type":"Feature","geometry":{"type":"MultiPolygon","coordinates":[[[[-119.48866547801,49.82285011188],[-119.48890924571,49.82297579816],[-119.49183594575,49.82362858349],[-119.49206982379,49.82369758348],[-119.49215377667,49.82377180783],[-119.49265154439,49.82352300979],[-119.49279704672,49.82334015795],[-119.49428976131,49.82370741044],[-119.49467539517,49.82373086017],[-119.49472415331,49.82375599457],[-119.49473588647,49.82377235715],[-119.49464645208,49.82381908279],[-119.49443420929,49.82382313007],[-119.49340608225,49.82448959687],[-119.49316748633,49.82479980689],[-119.49377163134,49.82495652671],[-119.49416718375,49.8250366574],[-119.49478854627,49.82508878547],[-119.49486729429,49.82472712158],[-119.49510222657,49.82449753959],[-119.4958177036,49.82412372815],[-119.49598118845,49.82409454411],[-119.49623045813,49.82409926475],[-119.49727891657,49.82436121671],[-119.49771958562,49.82454709828],[-119.49797512574,49.8246891251],[-119.49802833239,49.82489188476],[-119.49797023704,49.8256251681],[-119.49785368729,49.82571980489],[-119.49724563762,49.82620057873],[-119.49673065948,49.82655398894],[-119.49579011733,49.82721407543],[-119.49530770865,49.82739862239],[-119.49521826703,49.82744534915],[-119.49482712125,49.82754285063],[-119.49443414761,49.82768066706],[-119.49398875593,49.82787397988],[-119.49349459753,49.82804215545],[-119.49343044722,49.82808129012],[-119.49158542613,49.82915190954],[-119.49063893157,49.83048974789],[-119.49043106715,49.83067141736],[-119.48900967608,49.83147565493],[-119.48876843209,49.83156791344],[-119.4882272766,49.83167060972],[-119.48847585045,49.83141708486],[-119.4886268948,49.83111328352],[-119.48869031224,49.83081588684],[-119.48868734363,49.82978283023],[-119.48868952278,49.82918567014],[-119.48868803853,49.82866914432],[-119.48870635508,49.82826597945],[-119.4887169496,49.82720897929],[-119.48870081249,49.82701498713],[-119.48871655437,49.8263938801],[-119.48872056443,49.82575641102],[-119.48873081111,49.82525625481],[-119.48866547801,49.82285011188]]]]},"properties":{"a": "0.3432", "q": "0", "t": "DA", "dw": "373", "hh": "351", "id": "59350124", "pop": "838", "name": "59350124", "rgid": "5935", "rpid": "5935010", "ruid": "9150002.00", "rguid": "59915"}},{"type":"Feature","geometry":{"type":"MultiPolygon","coordinates":[[[[-119.49279704672,49.82334015795],[-119.49265154439,49.82352300979],[-119.49215377667,49.82377180783],[-119.49206982379,49.82369758348],[-119.49183594575,49.82362858349],[-119.48890924571,49.82297579816],[-119.48866547801,49.82285011188],[-119.48874061287,49.82256908703],[-119.48891508363,49.82229802111],[-119.48917898888,49.82198023484],[-119.48997401037,49.82150307032],[-119.49029472589,49.82130741242],[-119.49042484089,49.82118883352],[-119.4910889644,49.82057198458],[-119.49136091526,49.82035118795],[-119.49186595911,49.81994113552],[-119.49424081104,49.82038161817],[-119.49507615369,49.82038938132],[-119.49524953175,49.82041687668],[-119.49564243329,49.8202790605],[-119.49583405427,49.81990340051],[-119.49612761638,49.81975563102],[-119.49686282066,49.81949517323],[-119.49677704468,49.81946126937],[-119.49671838105,49.81937945893],[-119.49676008001,49.81900902986],[-119.49682785956,49.8188892637],[-119.49684141542,49.81886531047],[-119.49711697008,49.81856386876],[-119.49780134689,49.81887540968],[-119.49830426942,49.81906246409],[-119.49886141574,49.8191537019],[-119.49933460778,49.81917071962],[-119.4993200411,49.81949324274],[-119.49925388433,49.82012952008],[-119.49924660053,49.82029078213],[-119.49921949065,49.8203386895],[-119.49912460558,49.82050636529],[-119.49902789855,49.82071435667],[-119.49869083541,49.82127288329],[-119.49826878316,49.82205576349],[-119.49801485943,49.82243025215],[-119.49761989612,49.82316522524],[-119.49735057958,49.82360398333],[-119.49620462281,49.82329176565],[-119.49558875965,49.82311869926],[-119.49463785772,49.82290699917],[-119.4945286108,49.82284036787],[-119.49457476319,49.82264756079],[-119.49493353371,49.82216208621],[-119.4950970114,49.82213290384],[-119.4958004632,49.82229956208],[-119.49622074093,49.82155700745],[-119.49408697132,49.82102430323],[-119.49348049115,49.82202155857],[-119.49325181535,49.82238844446],[-119.49308545077,49.82275651238],[-119.49301399961,49.82295690915],[-119.49279704672,49.82334015795]]]]},"properties":{"a": "0.2127", "q": "0", "t": "DA", "dw": "151", "hh": "144", "id": "59350125", "pop": "454", "name": "59350125", "rgid": "5935", "rpid": "5935010", "ruid": "9150002.00", "rguid": "59915"}},{"type":"Feature","geometry":{"type":"MultiPolygon","coordinates":[[[[-119.48791470971,49.84293917557],[-119.48793194479,49.84283458451],[-119.48793561087,49.84275394751],[-119.48793927694,49.84267331053],[-119.48796201085,49.84244776419],[-119.48801811885,49.84231162978],[-119.48810026955,49.8424261809],[-119.48910145312,49.84236450388],[-119.48965814619,49.84219752627],[-119.49001057209,49.84213158464],[-119.49016422688,49.84204572579],[-119.48985100539,49.84152325617],[-119.48975528421,49.84143266104],[-119.48945896583,49.84136246681],[-119.48878675675,49.84132548151],[-119.48828801039,49.84131600128],[-119.48836318155,49.84103495848],[-119.48865286271,49.84015269825],[-119.48866568815,49.8398704714],[-119.48867668125,49.8396285629],[-119.48763373773,49.83731669776],[-119.48732791786,49.83663295824],[-119.48719261234,49.83631563504],[-119.48680650731,49.83547702971],[-119.48678487447,49.83540398388],[-119.48641235341,49.83454142653],[-119.48635112712,49.83424165499],[-119.48646993907,49.83354985981],[-119.48652970787,49.83333309623],[-119.48670607265,49.83302170688],[-119.48696823022,49.83274423163],[-119.48764249196,49.83218406189],[-119.4882272766,49.83167060972],[-119.48876843209,49.83156791344],[-119.48900967608,49.83147565493],[-119.49043106715,49.83067141736],[-119.49063893157,49.83048974789],[-119.49158542613,49.82915190954],[-119.49343044722,49.82808129012],[-119.49349459753,49.82804215545],[-119.49398875593,49.82787397988],[-119.49443414761,49.82768066706],[-119.49482712125,49.82754285063],[-119.49521826703,49.82744534915],[-119.49530770865,49.82739862239],[-119.49579011733,49.82721407543],[-119.49673065948,49.82655398894],[-119.49724563762,49.82620057873],[-119.49785368729,49.82571980489],[-119.49797023704,49.8256251681],[-119.49802833239,49.82489188476],[-119.49797512574,49.8246891251],[-119.49771958562,49.82454709828],[-119.49727891657,49.82436121671],[-119.49623045813,49.82409926475],[-119.49598118845,49.82409454411],[-119.4958177036,49.82412372815],[-119.49510222657,49.82449753959],[-119.49486729429,49.82472712158],[-119.49478854627,49.82508878547],[-119.49416718375,49.8250366574],[-119.49377163134,49.82495652671],[-119.49316748633,49.82479980689],[-119.49340608225,49.82448959687],[-119.49443420929,49.82382313007],[-119.49464645208,49.82381908279],[-119.49473588647,49.82377235715],[-119.49472415331,49.82375599457],[-119.49467539517,49.82373086017],[-119.49428976131,49.82370741044],[-119.49279704672,49.82334015795],[-119.49301399961,49.82295690915],[-119.49308545077,49.82275651238],[-119.49325181535,49.82238844446],[-119.49348049115,49.82202155857],[-119.49408697132,49.82102430323],[-119.49622074093,49.82155700745],[-119.4958004632,49.82229956208],[-119.4950970114,49.82213290384],[-119.49493353371,49.82216208621],[-119.49457476319,49.82264756079],[-119.4945286108,49.82284036787],[-119.49463785772,49.82290699917],[-119.49558875965,49.82311869926],[-119.49620462281,49.82329176565],[-119.49735057958,49.82360398333],[-119.49761989612,49.82316522524],[-119.49801485943,49.82243025215],[-119.49826878316,49.82205576349],[-119.49869083541,49.82127288329],[-119.49902789855,49.82071435667],[-119.49912460558,49.82050636529],[-119.49921949065,49.8203386895],[-119.49924660053,49.82029078213],[-119.49925388433,49.82012952008],[-119.4993200411,49.81949324274],[-119.49933460778,49.81917071962],[-119.49886141574,49.8191537019],[-119.49830426942,49.81906246409],[-119.49780134689,49.81887540968],[-119.49711697008,49.81856386876],[-119.49684141542,49.81886531047],[-119.49682785956,49.8188892637],[-119.49676008001,49.81900902986],[-119.49671838105,49.81937945893],[-119.49677704468,49.81946126937],[-119.49686282066,49.81949517323],[-119.49612761638,49.81975563102],[-119.49583405427,49.81990340051],[-119.49564243329,49.8202790605],[-119.49524953175,49.82041687668],[-119.49507615369,49.82038938132],[-119.49424081104,49.82038161817],[-119.49186595911,49.81994113552],[-119.49220386798,49.81964088925],[-119.49234570321,49.81953867113],[-119.49255350295,49.81935700472],[-119.49362949412,49.81845743987],[-119.49392853206,49.8181887323],[-119.49430525682,49.8178569375],[-119.49450678454,49.8175379606],[-119.49451851584,49.81755432285],[-119.49454380392,49.81754673229],[-119.49485534124,49.81755263741],[-119.49519216662,49.81755095082],[-119.49549197238,49.81754049176],[-119.4956418752,49.81753526189],[-119.49577822195,49.81755398476],[-119.49606264776,49.81760779201],[-119.49634707431,49.81766159844],[-119.49646986612,49.81770427343],[-119.49678766741,49.81784747981],[-119.49679939971,49.8178638418],[-119.49692219259,49.81790651625],[-119.49720479948,49.81800063541],[-119.49752260562,49.81814383957],[-119.49780339323,49.81827827229],[-119.49801014086,49.8183951635],[-119.49835324083,49.81853077368],[-119.49863585527,49.81862488894],[-119.49884624957,49.81866114795],[-119.49907019875,49.818673453],[-119.49935645737,49.81868693563],[-119.49940703312,49.81867175196],[-119.49968155817,49.81866887192],[-119.49980617678,49.81867122758],[-119.49993079541,49.81867358309],[-119.49999310472,49.81867476078],[-119.50020532042,49.81867070158],[-119.50054215473,49.81866899666],[-119.50080312619,49.81869006721],[-119.50093947912,49.818708783],[-119.50123383503,49.81881925239],[-119.50127085699,49.81882802159],[-119.50140721059,49.81884673674],[-119.50165463057,49.81889175891],[-119.50179098455,49.81891047353],[-119.50206369288,49.81894790221],[-119.50230119728,49.81893624595],[-119.50253688388,49.81896490451],[-119.50282314567,49.81897837706],[-119.50308412026,49.81899944158],[-119.50310940765,49.81899184878],[-119.50333335989,49.81900414413],[-119.50345797973,49.81900649516],[-119.50371895482,49.819027558],[-119.50397993019,49.81904862014],[-119.50426619303,49.8190620885],[-119.50436552591,49.81907203148],[-119.50464005327,49.81906913759],[-119.50483366479,49.81906940169],[-119.50498025941,49.81914495235],[-119.50493916858,49.81935117176],[-119.50384713313,49.81994752908],[-119.50294845311,49.81992008427],[-119.50270068774,49.81995172351],[-119.50246234348,49.82003720527],[-119.50225922857,49.82024036617],[-119.50218478527,49.82049437582],[-119.5020086807,49.82126012199],[-119.50150931583,49.82226509526],[-119.5008273317,49.82279694284],[-119.50070770175,49.82323651884],[-119.50027609904,49.82360967539],[-119.50012600662,49.82383966114],[-119.50006750643,49.8240302203],[-119.49979632709,49.82430351369],[-119.49918647929,49.82488029675],[-119.49913333492,49.82510404494],[-119.49923230453,49.82564701864],[-119.49924020527,49.82577588681],[-119.49934125209,49.82620390111],[-119.4994220364,49.82647295409],[-119.49939957651,49.82651449439],[-119.49917161809,49.82660379889],[-119.49905997477,49.82674170562],[-119.49863098568,49.82687643603],[-119.49825408898,49.82694879907],[-119.49806877771,49.82710185537],[-119.49778952112,49.82738750282],[-119.49749396231,49.82744041951],[-119.49724528068,49.8276015562],[-119.49720774279,49.82783851345],[-119.49681400137,49.82820027354],[-119.4964984099,49.82829598403],[-119.49612682392,49.82867793369],[-119.49599305264,49.82887715661],[-119.4957333639,49.82897795876],[-119.49550960788,49.82901528241],[-119.49533052136,49.82894773149],[-119.49518143746,49.82894773173],[-119.49466988963,49.82919669065],[-119.49428746267,49.82925279429],[-119.49406713526,49.82920059981],[-119.49333866881,49.82933568426],[-119.49310643548,49.82960123058],[-119.49257000723,49.83039848767],[-119.49225818851,49.83098816054],[-119.49210198945,49.83118614769],[-119.49194698485,49.83126148841],[-119.49167089679,49.83132444288],[-119.49133751462,49.8315089781],[-119.49100901222,49.83176462405],[-119.49074298464,49.83183946915],[-119.49051428359,49.83195779533],[-119.49020980713,49.83197259174],[-119.48997340192,49.83205445381],[-119.4897522161,49.83221327297],[-119.48947357165,49.8323048229],[-119.48890723874,49.83242601029],[-119.48854947027,49.83257012527],[-119.4883254715,49.832735748],[-119.48815966382,49.83315830837],[-119.48825116754,49.83416481444],[-119.48845441095,49.83490914108],[-119.48922168742,49.83657292496],[-119.48967252298,49.83781466446],[-119.49003667163,49.83841032706],[-119.49047776509,49.83900180113],[-119.4915498197,49.84018148978],[-119.4941382448,49.84229624978],[-119.49433045517,49.84243346113],[-119.49439127138,49.84260611458],[-119.49407169058,49.84267713327],[-119.49393882157,49.84267622927],[-119.49390370931,49.84269372275],[-119.49383953653,49.8427328597],[-119.4937997537,49.84278456487],[-119.49377849176,49.84284065642],[-119.49376988167,49.84289295245],[-119.49377035521,49.84289699676],[-119.49375722977,49.84289674797],[-119.49368314573,49.84287920242],[-119.49344915592,49.84281020162],[-119.49323864285,49.84277392798],[-119.49291517687,49.84275165332],[-119.49256823581,49.84269664975],[-119.49224659961,49.84263405433],[-119.49214721276,49.84262409828],[-119.49189783129,49.84261936697],[-119.49166018719,49.84263099907],[-119.49144784703,49.84263504016],[-119.49133489349,49.84264903777],[-119.49120837289,49.84268698972],[-119.49086768119,49.8427692999],[-119.49053872507,49.8428679731],[-119.49032455287,49.84291233033],[-119.49002272987,49.84296309313],[-119.48948325913,49.84302548186],[-119.48899622836,49.84303236947],[-119.48874684477,49.84302763017],[-119.48854807093,49.84300771086],[-119.48827521538,49.84297024152],[-119.48791470971,49.84293917557]]]]},"properties":{"a": "0.6329", "q": "0", "t": "DA", "dw": "418", "hh": "374", "id": "59350126", "pop": "913", "name": "59350126", "rgid": "5935", "rpid": "5935010", "ruid": "9150002.00", "rguid": "59915"}},{"type":"Feature","geometry":{"type":"MultiPolygon","coordinates":[[[[-119.4831102379,49.81938717637],[-119.48310006343,49.81851542094],[-119.48309681304,49.81803922931],[-119.48308367263,49.81750636004],[-119.48307024925,49.8161584219],[-119.48307321582,49.81581954147],[-119.48304665454,49.81393874873],[-119.48306798622,49.81319672849],[-119.48303577639,49.81280876156],[-119.48305301125,49.81270418244],[-119.4833472762,49.81281470305],[-119.48365510431,49.81290127192],[-119.48387534622,49.81299423972],[-119.48417950599,49.81316143544],[-119.48444848993,49.81327954072],[-119.48449722944,49.81330467926],[-119.48471747541,49.81339764531],[-119.48500002343,49.81349179806],[-119.48527084623,49.81356958691],[-119.48550282198,49.81367891441],[-119.48576008635,49.8137806532],[-119.48593159663,49.81384847871],[-119.48617713616,49.81393385341],[-119.48621415052,49.81394262813],[-119.48649670569,49.81403677676],[-119.48674224751,49.8141221501],[-119.48701307776,49.81419993433],[-119.48729563653,49.81429408075],[-119.48756646895,49.8143718635],[-119.48793478839,49.81449991943],[-119.48805756205,49.81454260445],[-119.48832656614,49.81466069969],[-119.48844934068,49.81470338424],[-119.48859557178,49.81477879424],[-119.48861902812,49.81481151982],[-119.48886091718,49.81497751724],[-119.48894484649,49.81505174206],[-119.48922375443,49.81522651244],[-119.48928422773,49.81526801153],[-119.48942863201,49.81538373507],[-119.48951880108,49.81559526624],[-119.48952869957,49.81565194365],[-119.4895385981,49.81570862108],[-119.4894671419,49.81590901031],[-119.48945175237,49.815973277],[-119.48946971903,49.81612694675],[-119.48949134651,49.81619998704],[-119.48953826227,49.81626543812],[-119.48959690718,49.81634725195],[-119.48975121514,49.81651965304],[-119.48993081279,49.81668446465],[-119.4900147475,49.81675868899],[-119.49018261785,49.81690713753],[-119.49037760744,49.81700768149],[-119.49063490466,49.81710940871],[-119.4907576889,49.81715209075],[-119.49097979853,49.81720472909],[-119.49121729601,49.81719309967],[-119.49144489183,49.81712479216],[-119.49158489196,49.81706289097],[-119.49182421653,49.81701094518],[-119.49184950477,49.81700335533],[-119.49214930739,49.81699290648],[-119.49242382174,49.81699004672],[-119.49253487711,49.81701636405],[-119.49268295116,49.81705145364],[-119.4929285238,49.81713681243],[-119.49312352119,49.81723735103],[-119.4932815006,49.81732911712],[-119.49363630703,49.81748110565],[-119.49373380728,49.81753137435],[-119.49387015315,49.81755009987],[-119.4941446711,49.8175472353],[-119.49433159345,49.81755077925],[-119.49450678454,49.8175379606],[-119.49430525682,49.8178569375],[-119.49392853206,49.8181887323],[-119.49362949412,49.81845743987],[-119.49255350295,49.81935700472],[-119.49234570321,49.81953867113],[-119.49220386798,49.81964088925],[-119.49186595911,49.81994113552],[-119.49136091526,49.82035118795],[-119.4910889644,49.82057198458],[-119.49042484089,49.82118883352],[-119.49029472589,49.82130741242],[-119.48997401037,49.82150307032],[-119.48917898888,49.82198023484],[-119.48891508363,49.82229802111],[-119.48874061287,49.82256908703],[-119.48866547801,49.82285011188],[-119.48492911893,49.82299689035],[-119.48318428823,49.82296363215],[-119.48314952558,49.82235771038],[-119.48314514472,49.82218008449],[-119.48314005672,49.82174420216],[-119.48312507777,49.82125164131],[-119.48311886034,49.82111433144],[-119.48313793523,49.82096943393],[-119.4831204128,49.82025893448],[-119.4831102379,49.81938717637]]]]},"properties":{"a": "0.5628", "q": "0", "t": "DA", "dw": "331", "hh": "325", "id": "59350127", "pop": "859", "name": "59350127", "rgid": "5935", "rpid": "5935010", "ruid": "9150002.00", "rguid": "59915"}},{"type":"Feature","geometry":{"type":"MultiPolygon","coordinates":[[[[-119.47744888492,49.8114431354],[-119.47751118265,49.81144432731],[-119.47766106555,49.81143912497],[-119.47795898982,49.81146903347],[-119.47809530843,49.81148778047],[-119.47840495655,49.81153405149],[-119.47868931803,49.81158790786],[-119.47896195683,49.81162539966],[-119.47928333053,49.81168803169],[-119.47959298149,49.81173429899],[-119.47990263314,49.81178056533],[-119.4802122855,49.8118268307],[-119.48051021443,49.81185673151],[-119.48078285666,49.81189421829],[-119.48107894811,49.81196443138],[-119.4814120522,49.81204342006],[-119.48165757158,49.81212880551],[-119.48178033165,49.81217149801],[-119.48208631424,49.81229838566],[-119.4822578123,49.81236621722],[-119.48259897318,49.81254219362],[-119.48278219833,49.81262638771],[-119.48301599867,49.81269540657],[-119.48305301125,49.81270418244],[-119.48303577639,49.81280876156],[-119.48306798622,49.81319672849],[-119.48304665454,49.81393874873],[-119.48307321582,49.81581954147],[-119.48307024925,49.8161584219],[-119.48308367263,49.81750636004],[-119.48309681304,49.81803922931],[-119.48310006343,49.81851542094],[-119.4831102379,49.81938717637],[-119.48160123612,49.8193825951],[-119.48130141342,49.81939301187],[-119.47885592384,49.8194108562],[-119.47750855865,49.81941737178],[-119.47752262436,49.81883659805],[-119.47748090617,49.81702004892],[-119.4774591274,49.81613193596],[-119.4774738642,49.81580941991],[-119.47744656001,49.81504225383],[-119.47742159863,49.81367796254],[-119.47741154606,49.81280622402],[-119.47741523007,49.81272559592],[-119.47739848092,49.8122733638],[-119.47741070378,49.81173291859],[-119.47744888492,49.8114431354]]]]},"properties":{"a": "0.3371", "q": "0", "t": "DA", "dw": "222", "hh": "217", "id": "59350128", "pop": "635", "name": "59350128", "rgid": "5935", "rpid": "5935010", "ruid": "9150002.00", "rguid": "59915"}},{"type":"Feature","geometry":{"type":"MultiPolygon","coordinates":[[[[-119.46448731832,49.82916643973],[-119.46409373239,49.82823076789],[-119.46405797817,49.82792340614],[-119.46409626838,49.82763361165],[-119.46424747882,49.82732985182],[-119.46444371987,49.82713187346],[-119.46467698048,49.82694267807],[-119.46620113741,49.82580989508],[-119.46634861878,49.82558676527],[-119.46685219898,49.82358696473],[-119.46685590465,49.82350633397],[-119.46690286651,49.82194162225],[-119.46692324617,49.8214981559],[-119.46695103591,49.82089343017],[-119.46688751385,49.82037572047],[-119.46670122591,49.81981529933],[-119.46649766342,49.81935945758],[-119.46630828057,49.81913792117],[-119.46629656004,49.81912155546],[-119.46597084167,49.81888125474],[-119.46497086304,49.81838586907],[-119.46342371977,49.81785571945],[-119.46428506533,49.81648427074],[-119.46448125448,49.81628629985],[-119.46500565251,49.81573150008],[-119.46520739687,49.81541258567],[-119.46524381332,49.81516311764],[-119.46519025712,49.81388703355],[-119.46517920388,49.81331385579],[-119.46512617403,49.81311108664],[-119.46500899095,49.81294743164],[-119.46424791211,49.81214192078],[-119.46308105991,49.81094123],[-119.46484146065,49.81035377543],[-119.46503198193,49.8110918011],[-119.46916828218,49.8141653047],[-119.47031133469,49.81507495624],[-119.47212749327,49.81653820093],[-119.47582619543,49.81938517532],[-119.47583607598,49.81944185486],[-119.47750855865,49.81941737178],[-119.47885592384,49.8194108562],[-119.48130141342,49.81939301187],[-119.48160123612,49.8193825951],[-119.4831102379,49.81938717637],[-119.4831204128,49.82025893448],[-119.48313793523,49.82096943393],[-119.48311886034,49.82111433144],[-119.48312507777,49.82125164131],[-119.48314005672,49.82174420216],[-119.48314514472,49.82218008449],[-119.48314952558,49.82235771038],[-119.48318428823,49.82296363215],[-119.48252227595,49.82298328594],[-119.48206882703,49.82307954634],[-119.48181405068,49.82319573662],[-119.48146247049,49.82351990243],[-119.4806521405,49.82487636117],[-119.48044242076,49.8250983218],[-119.48016049201,49.82526241163],[-119.47653945813,49.8264279295],[-119.47527275925,49.82684754589],[-119.47453728697,49.82710784893],[-119.47420657111,49.82724677813],[-119.47375305575,49.82734300162],[-119.47335382768,49.82734342023],[-119.47301507429,49.82738534809],[-119.47204819642,49.82779453254],[-119.47178348557,49.82785401713],[-119.47075733032,49.82792309945],[-119.46985211654,49.82807519694],[-119.46902094318,49.82824484944],[-119.46866675133,49.82835102873],[-119.46786333072,49.82873103405],[-119.4675227079,49.82881325933],[-119.46448731832,49.82916643973]]]]},"properties":{"a": "1.3887", "q": "0", "t": "DA", "dw": "307", "hh": "296", "id": "59350129", "pop": "849", "name": "59350129", "rgid": "5935", "rpid": "5935010", "ruid": "9150003.01", "rguid": "59915"}},{"type":"Feature","geometry":{"type":"MultiPolygon","coordinates":[[[[-119.46308105991,49.81094123],[-119.46089000215,49.80869589798],[-119.46075927503,49.80855618786],[-119.46064026404,49.8084328434],[-119.46044724615,49.8082919304],[-119.46015679244,49.80810071685],[-119.45914915058,49.80750829902],[-119.45881984588,49.80734861028],[-119.45864840737,49.80728073902],[-119.45856268832,49.80724680329],[-119.45820437852,49.80717531945],[-119.45736132033,49.80707025156],[-119.45735695895,49.80500431296],[-119.45739395913,49.80501309825],[-119.45750123746,49.80512007922],[-119.4575677937,49.80529890011],[-119.45764792478,49.80545377437],[-119.45774349164,49.80554438928],[-119.45784091978,49.80559469146],[-119.45817764878,49.80559313176],[-119.45830408581,49.80555522726],[-119.45841880908,49.80550095674],[-119.45858224645,49.80547183679],[-119.45888197349,49.80546148983],[-119.45905526448,49.80548904756],[-119.45920326851,49.80552418615],[-119.45941170177,49.80560084057],[-119.45960842176,49.80566112884],[-119.45984828115,49.80586750502],[-119.45993213956,49.80594175222],[-119.46002957132,49.8059920523],[-119.46015229065,49.80603477089],[-119.46025158141,49.80604475799],[-119.4604131613,49.80605594771],[-119.46051245217,49.80606593455],[-119.46087075632,49.8061374097],[-119.46096818969,49.80618770888],[-119.46114148513,49.80621526301],[-119.46133821059,49.80627554795],[-119.46147450443,49.80629431765],[-119.46176066461,49.80630790917],[-119.46203510979,49.80630513437],[-119.46245756466,49.8063374926],[-119.46258400003,49.80629958249],[-119.46257042838,49.80632352994],[-119.4626660081,49.80641414034],[-119.46282387806,49.80650595187],[-119.46299717608,49.80653350276],[-119.46330676996,49.80657982053],[-119.46360279336,49.80665008495],[-119.46377423742,49.80671794741],[-119.4638698207,49.80680855677],[-119.46394197218,49.8068664355],[-119.46399684305,49.80702888785],[-119.46405542404,49.80711071425],[-119.46417629616,49.80719374099],[-119.46444889263,49.80723127246],[-119.46454447859,49.80732188133],[-119.46460491539,49.80736339444],[-119.46470851015,49.80755099455],[-119.46476894746,49.8075925076],[-119.46480409743,49.80764160326],[-119.46493854337,49.80770068134],[-119.46501255184,49.80771824637],[-119.46532401051,49.80772424487],[-119.46562375226,49.80771387726],[-119.4657230484,49.80772385889],[-119.46594507512,49.80777655204],[-119.4660893875,49.80789230682],[-119.46634286244,49.80807472069],[-119.4664150196,49.80813259786],[-119.46657290452,49.80822440393],[-119.46684180568,49.80834255533],[-119.46702497989,49.80842677755],[-119.46709713864,49.8084846543],[-119.46727661052,49.80864950262],[-119.46733520033,49.80873132754],[-119.46762754325,49.80888220697],[-119.46794702718,49.80898518879],[-119.46819250038,49.80907060695],[-119.46853542436,49.80920631674],[-119.4686581621,49.80924902519],[-119.46886663183,49.80932566056],[-119.46897765145,49.80935200379],[-119.46931441076,49.80935040591],[-119.46956358807,49.80935519392],[-119.46971346437,49.80935000373],[-119.46981276544,49.80935998129],[-119.46986149137,49.80938512674],[-119.46987321056,49.80940149146],[-119.47010142387,49.8095914806],[-119.47018530836,49.80966572002],[-119.47025747372,49.8097235947],[-119.47036664653,49.8097902499],[-119.47057512218,49.80986688179],[-119.47087118164,49.80993712513],[-119.47098220419,49.80996346615],[-119.47126469721,49.81005765725],[-119.47137572034,49.81008399784],[-119.47167363023,49.81011392525],[-119.47200854848,49.81015263171],[-119.47214486002,49.81017138687],[-119.472218876,49.81018894663],[-119.4724292039,49.8102252611],[-119.47261424453,49.81026915985],[-119.47288502272,49.81034698194],[-119.47316752272,49.8104411677],[-119.47343830309,49.81051898832],[-119.47367207579,49.81058802889],[-119.47393113692,49.81064948385],[-119.47405388457,49.81069218578],[-119.47428765929,49.81076122493],[-119.47450971336,49.81081389929],[-119.47465774972,49.81084901526],[-119.47490324796,49.81093441722],[-119.47514874723,49.81101981859],[-119.47544297891,49.81113036221],[-119.47556572956,49.81117306232],[-119.47583651928,49.81125087654],[-119.47598455834,49.81128599056],[-119.47629420257,49.81133226819],[-119.47654154989,49.81137735237],[-119.47667786755,49.81139610132],[-119.47693878067,49.81141723468],[-119.47719969405,49.81143836735],[-119.47744888492,49.8114431354],[-119.47741070378,49.81173291859],[-119.47739848092,49.8122733638],[-119.47741523007,49.81272559592],[-119.47741154606,49.81280622402],[-119.47742159863,49.81367796254],[-119.47744656001,49.81504225383],[-119.4774738642,49.81580941991],[-119.4774591274,49.81613193596],[-119.47748090617,49.81702004892],[-119.47752262436,49.81883659805],[-119.47750855865,49.81941737178],[-119.47583607598,49.81944185486],[-119.47582619543,49.81938517532],[-119.47212749327,49.81653820093],[-119.47031133469,49.81507495624],[-119.46916828218,49.8141653047],[-119.46503198193,49.8110918011],[-119.46484146065,49.81035377543],[-119.46308105991,49.81094123]]]]},"properties":{"a": "0.761", "q": "0", "t": "DA", "dw": "276", "hh": "271", "id": "59350130", "pop": "772", "name": "59350130", "rgid": "5935", "rpid": "5935010", "ruid": "9150002.00", "rguid": "59915"}},{"type":"Feature","geometry":{"type":"MultiPolygon","coordinates":[[[[-119.45736132033,49.80707025156],[-119.45820437852,49.80717531945],[-119.45856268832,49.80724680329],[-119.45864840737,49.80728073902],[-119.45881984588,49.80734861028],[-119.45914915058,49.80750829902],[-119.46015679244,49.80810071685],[-119.46044724615,49.8082919304],[-119.46064026404,49.8084328434],[-119.46075927503,49.80855618786],[-119.46089000215,49.80869589798],[-119.46308105991,49.81094123],[-119.46424791211,49.81214192078],[-119.46334545994,49.81251188423],[-119.46028391843,49.81372787142],[-119.45981136586,49.81396891547],[-119.45943811804,49.81421994565],[-119.45926720714,49.81441032364],[-119.45911712004,49.81523056288],[-119.45840277331,49.81530553055],[-119.45842620594,49.8153382634],[-119.45850077783,49.8156140847],[-119.45845501652,49.81606512136],[-119.458190912,49.81638281851],[-119.45779923562,49.81622191719],[-119.45756545755,49.8161528375],[-119.45702015949,49.81607773327],[-119.45696957131,49.81609289499],[-119.45597270511,49.81607361102],[-119.45577407732,49.81605362736],[-119.45487652622,49.81604432416],[-119.45491408441,49.81442297858],[-119.45494471369,49.81322114556],[-119.45495856546,49.81238213954],[-119.4548539439,49.81167803057],[-119.45450626098,49.81110640441],[-119.45418813356,49.81070481807],[-119.45359740519,49.81026567005],[-119.45354868815,49.81024051646],[-119.45221365939,49.80944800123],[-119.45129792462,49.80902674746],[-119.45165946322,49.80875938591],[-119.45195683787,49.8085311282],[-119.45301798967,49.80769630122],[-119.45332706115,49.80748440683],[-119.45378600017,49.80726734577],[-119.45440651655,49.80706148237],[-119.45462240497,49.80697689614],[-119.45502516305,49.806895928],[-119.45515160698,49.80685802738],[-119.45579979718,49.80686250556],[-119.45603538221,49.80689127437],[-119.45705172946,49.80702391499],[-119.45736132033,49.80707025156]]]]},"properties":{"a": "0.5162", "q": "0", "t": "DA", "dw": "191", "hh": "190", "id": "59350131", "pop": "608", "name": "59350131", "rgid": "5935", "rpid": "5935010", "ruid": "9150003.01", "rguid": "59915"}},{"type":"Feature","geometry":{"type":"MultiPolygon","coordinates":[[[[-119.46424791211,49.81214192078],[-119.46500899095,49.81294743164],[-119.46512617403,49.81311108664],[-119.46517920388,49.81331385579],[-119.46519025712,49.81388703355],[-119.46524381332,49.81516311764],[-119.46520739687,49.81541258567],[-119.46500565251,49.81573150008],[-119.46448125448,49.81628629985],[-119.46428506533,49.81648427074],[-119.46342371977,49.81785571945],[-119.46064277726,49.81757612096],[-119.46003886682,49.81741920167],[-119.45850484844,49.81660677641],[-119.458190912,49.81638281851],[-119.45845501652,49.81606512136],[-119.45850077783,49.8156140847],[-119.45842620594,49.8153382634],[-119.45840277331,49.81530553055],[-119.45911712004,49.81523056288],[-119.45926720714,49.81441032364],[-119.45943811804,49.81421994565],[-119.45981136586,49.81396891547],[-119.46028391843,49.81372787142],[-119.46334545994,49.81251188423],[-119.46424791211,49.81214192078]]]]},"properties":{"a": "0.2105", "q": "0", "t": "DA", "dw": "95", "hh": "94", "id": "59350132", "pop": "275", "name": "59350132", "rgid": "5935", "rpid": "5935010", "ruid": "9150003.01", "rguid": "59915"}},{"type":"Feature","geometry":{"type":"MultiPolygon","coordinates":[[[[-119.48848281411,49.89359794803],[-119.48847617672,49.89264531506],[-119.48846770495,49.8917330107],[-119.48926741206,49.8917320489],[-119.49016662425,49.89174104048],[-119.4918031243,49.8917478578],[-119.49355271272,49.89174064547],[-119.49431533366,49.89173086832],[-119.49552847469,49.89170539277],[-119.49628299539,49.89159858291],[-119.49660867445,49.89158052474],[-119.49660939627,49.88990963537],[-119.49661249704,49.88901370655],[-119.49662710962,49.88869110516],[-119.49659964007,49.88736679115],[-119.49660511963,49.88724581629],[-119.49661004676,49.886309571],[-119.49660322217,49.8853569629],[-119.49660449634,49.88450137291],[-119.4965493931,49.88433889461],[-119.49659195229,49.884226694],[-119.49635796614,49.88360074038],[-119.49942769795,49.88367489045],[-119.4994331687,49.88355391699],[-119.49985827026,49.8835457987],[-119.50023818475,49.8834318927],[-119.50062174194,49.88323733637],[-119.50088230374,49.88300009956],[-119.5011230012,49.88264948308],[-119.50139548463,49.88187166422],[-119.50171214944,49.88149826558],[-119.50199801983,49.88125343316],[-119.50240687405,49.88105127717],[-119.50416873699,49.88076160736],[-119.50407834954,49.88055004126],[-119.50450520549,49.88047255792],[-119.50456617941,49.88056286038],[-119.50458182716,49.88093606679],[-119.50442092088,49.88098631005],[-119.50405807581,49.88115180734],[-119.50396039053,49.88136507823],[-119.5039604741,49.8815709083],[-119.50411925718,49.8818862742],[-119.50438631489,49.88215524875],[-119.50483589989,49.8827812012],[-119.50482487707,49.88331655412],[-119.50453464898,49.88401817656],[-119.50421589177,49.88446580851],[-119.50404308414,49.88484878953],[-119.50404330111,49.88524552291],[-119.50234461582,49.88550127716],[-119.50218742191,49.88546885172],[-119.50137273686,49.88559676497],[-119.50075638598,49.88578653092],[-119.50003625155,49.8860611069],[-119.49942868202,49.88644314111],[-119.49932049405,49.88658397053],[-119.49910452297,49.88662186635],[-119.49902286972,49.88667319522],[-119.49899165184,49.88682476053],[-119.49871445879,49.88705603175],[-119.49850071975,49.88727921834],[-119.49848820482,49.88736252602],[-119.49858450839,49.88744304599],[-119.49837481826,49.88771474055],[-119.49814007603,49.8877393649],[-119.49793742421,49.88770365214],[-119.49792105056,49.88770657154],[-119.49780706266,49.88774074131],[-119.49771852525,49.88780606514],[-119.49771168595,49.88805374359],[-119.49756357513,49.88891060502],[-119.49767022433,49.88902482035],[-119.49765853088,49.88975228595],[-119.49774426052,49.889818078],[-119.49777247952,49.88982950836],[-119.49792314219,49.88982710824],[-119.49791926891,49.88989887556],[-119.49795815728,49.88992301899],[-119.49801902313,49.88995847478],[-119.49877903642,49.88993650655],[-119.49911810622,49.88999497339],[-119.49911538029,49.89002761338],[-119.49868574345,49.89001021757],[-119.49821598098,49.89000982022],[-119.49818472114,49.89002416284],[-119.49812047853,49.89006330908],[-119.49808065526,49.89011502456],[-119.49807997633,49.89011622253],[-119.49811305359,49.89031017121],[-119.49816896316,49.89041374153],[-119.49924488165,49.89123883781],[-119.49932362526,49.89125202882],[-119.4994132923,49.89120327159],[-119.49960448185,49.89121656705],[-119.49973792422,49.89131877498],[-119.49969227511,49.89134737617],[-119.49974739915,49.89138554782],[-119.49980903879,49.89141778842],[-119.49984428135,49.89139827357],[-119.50015230606,49.89141135135],[-119.50028345672,49.89134319611],[-119.5003483905,49.89139931092],[-119.50065596347,49.89154677742],[-119.50081274639,49.89165789986],[-119.50099971982,49.89184748642],[-119.50108479438,49.89201093486],[-119.50114465111,49.89224857388],[-119.50114363618,49.89245075894],[-119.50096224135,49.89275972533],[-119.50072885611,49.89297488254],[-119.50044215485,49.89313939043],[-119.50014529633,49.89323832233],[-119.49971043778,49.8933080111],[-119.49956593404,49.89338116097],[-119.49945305687,49.89368052187],[-119.49944220396,49.89392046111],[-119.49949404832,49.89415552999],[-119.49968399737,49.89451428701],[-119.49990208013,49.89476218003],[-119.50015711207,49.89491148307],[-119.50021935469,49.89491669355],[-119.50048451611,49.89481433741],[-119.50079925981,49.8949696085],[-119.50125457171,49.89506981399],[-119.5017161782,49.89515520264],[-119.5018128452,49.89531120221],[-119.50199979852,49.89548787313],[-119.50192434858,49.89562286957],[-119.50183463358,49.89565871368],[-119.50181996223,49.89570686979],[-119.50182659351,49.89576753568],[-119.50195608219,49.89584706538],[-119.50193760225,49.89592420939],[-119.50146826011,49.89595451082],[-119.50105661431,49.89606298698],[-119.50086593467,49.8962176045],[-119.50091611775,49.8964482033],[-119.50106139191,49.89667615593],[-119.50138302102,49.89699743843],[-119.50207822499,49.89750012085],[-119.50319425123,49.89803776853],[-119.50351502975,49.89859998388],[-119.50366302873,49.89869883016],[-119.50357570199,49.8987508657],[-119.50357433685,49.89878111073],[-119.50372318312,49.89893042417],[-119.50395581592,49.89907848978],[-119.50449829025,49.89908991313],[-119.50449801067,49.89912381112],[-119.50388921297,49.89911436786],[-119.50334702792,49.89937336565],[-119.50328447083,49.89933344076],[-119.50192580763,49.89991971529],[-119.5014796917,49.90018172553],[-119.50113870811,49.90031575336],[-119.50069941801,49.90070300934],[-119.50041112228,49.90087395035],[-119.50043597628,49.9013607737],[-119.50017714562,49.90134983671],[-119.4996901855,49.9013814135],[-119.49939486696,49.9016797618],[-119.49877186266,49.90169342903],[-119.4984716102,49.90150694033],[-119.49778549416,49.90152062034],[-119.49740926877,49.90181138049],[-119.49615009556,49.90161887037],[-119.49590307413,49.90170582032],[-119.4958749175,49.90194099937],[-119.49570157605,49.90207051101],[-119.49502958266,49.90204811367],[-119.49476666047,49.90207219968],[-119.49401320035,49.90256447954],[-119.49371012435,49.90289495552],[-119.49360156355,49.90308466188],[-119.49360035653,49.90308298132],[-119.49304680476,49.90261237582],[-119.49316464273,49.90221906283],[-119.49331330981,49.90169717695],[-119.4934311426,49.9013038649],[-119.49354714301,49.90095088006],[-119.49354087868,49.90081353247],[-119.49352835013,49.9005388375],[-119.4935338405,49.90041785723],[-119.49354038701,49.89999822293],[-119.49352053833,49.89988483539],[-119.4935388392,49.89948156894],[-119.49352187714,49.89902920194],[-119.49353525216,49.89763296097],[-119.49353708215,49.89759263461],[-119.49352532838,49.89757626766],[-119.49350344274,49.89613093314],[-119.49350921525,49.89545298191],[-119.49351892984,49.89413741012],[-119.49351921234,49.89358044093],[-119.49180846441,49.89355610202],[-119.49058351499,49.89356516482],[-119.48915771224,49.89359461647],[-119.48848281411,49.89359794803]]]]},"properties":{"a": "0.9341", "q": "0", "t": "DA", "dw": "1832", "hh": "1252", "id": "59350189", "pop": "2150", "name": "59350189", "rgid": "5935", "rpid": "5935010", "ruid": "9150012.00", "rguid": "59915"}},{"type":"Feature","geometry":{"type":"MultiPolygon","coordinates":[[[[-119.48859485658,49.88371998885],[-119.489893669,49.88372850208],[-119.49349347906,49.88368374646],[-119.4950319999,49.8836402293],[-119.49620782241,49.88360597256],[-119.49635796614,49.88360074038],[-119.49659195229,49.884226694],[-119.4965493931,49.88433889461],[-119.49660449634,49.88450137291],[-119.49660322217,49.8853569629],[-119.49661004676,49.886309571],[-119.49660511963,49.88724581629],[-119.49659964007,49.88736679115],[-119.49662710962,49.88869110516],[-119.49661249704,49.88901370655],[-119.49660939627,49.88990963537],[-119.49660867445,49.89158052474],[-119.49628299539,49.89159858291],[-119.49552847469,49.89170539277],[-119.49431533366,49.89173086832],[-119.49355271272,49.89174064547],[-119.4918031243,49.8917478578],[-119.49016662425,49.89174104048],[-119.48926741206,49.8917320489],[-119.48846770495,49.8917330107],[-119.48847137434,49.89165235986],[-119.48845630599,49.89115967902],[-119.48847500353,49.89019946326],[-119.488482342,49.89003816245],[-119.48846985055,49.88976347719],[-119.4884654395,49.88958580953],[-119.4884511137,49.88935144979],[-119.48845587576,49.88897215712],[-119.48845806142,49.88837487306],[-119.48845509449,49.88734160788],[-119.48847745923,49.88630075561],[-119.48848588954,49.88584081779],[-119.4884825714,49.88536451384],[-119.48851008703,49.88475964653],[-119.48858974717,49.88465622524],[-119.4885970842,49.88449492755],[-119.48859485658,49.88371998885]]]]},"properties":{"a": "0.5211", "q": "0", "t": "DA", "dw": "1291", "hh": "903", "id": "59350190", "pop": "1600", "name": "59350190", "rgid": "5935", "rpid": "5935010", "ruid": "9150012.00", "rguid": "59915"}},{"type":"Feature","geometry":{"type":"MultiPolygon","coordinates":[[[[-119.48275542565,49.88630492909],[-119.48847745923,49.88630075561],[-119.48845509449,49.88734160788],[-119.48845806142,49.88837487306],[-119.48845587576,49.88897215712],[-119.4884511137,49.88935144979],[-119.4884654395,49.88958580953],[-119.48846985055,49.88976347719],[-119.488482342,49.89003816245],[-119.48847500353,49.89019946326],[-119.48773774367,49.89020160437],[-119.48361452186,49.89020390964],[-119.48275242707,49.89020363663],[-119.48274733481,49.88976765026],[-119.48274224266,49.88933166456],[-119.48272908404,49.88879866194],[-119.48276107287,49.88837145602],[-119.48275966101,49.88785482289],[-119.48274650265,49.88732182303],[-119.48273518473,49.88674849955],[-119.48275542565,49.88630492909]]]]},"properties":{"a": "0.1782", "q": "0", "t": "DA", "dw": "432", "hh": "410", "id": "59350191", "pop": "829", "name": "59350191", "rgid": "5935", "rpid": "5935010", "ruid": "9150014.00", "rguid": "59915"}},{"type":"Feature","geometry":{"type":"MultiPolygon","coordinates":[[[[-119.48276195286,49.88369783471],[-119.48848178914,49.8837339852],[-119.48859485658,49.88371998885],[-119.4885970842,49.88449492755],[-119.48858974717,49.88465622524],[-119.48851008703,49.88475964653],[-119.4884825714,49.88536451384],[-119.48848588954,49.88584081779],[-119.48847745923,49.88630075561],[-119.48275542565,49.88630492909],[-119.48274226783,49.88577193213],[-119.4827489222,49.88535232006],[-119.48276732229,49.88494907614],[-119.48275232477,49.88445640599],[-119.48276195286,49.88369783471]]]]},"properties":{"a": "0.1193", "q": "0", "t": "DA", "dw": "259", "hh": "252", "id": "59350192", "pop": "567", "name": "59350192", "rgid": "5935", "rpid": "5935010", "ruid": "9150014.00", "rguid": "59915"}},{"type":"Feature","geometry":{"type":"MultiPolygon","coordinates":[[[[-119.47702048585,49.88358829155],[-119.47826862825,49.88361213377],[-119.47924181165,49.88363878453],[-119.48276195286,49.88369783471],[-119.48275232477,49.88445640599],[-119.48276732229,49.88494907614],[-119.4827489222,49.88535232006],[-119.48274226783,49.88577193213],[-119.48275542565,49.88630492909],[-119.48074467601,49.8862908213],[-119.48045795256,49.88627728126],[-119.47980850699,49.8862729645],[-119.47707231419,49.88627722592],[-119.47706594248,49.88532461661],[-119.47706963368,49.885243968],[-119.47701880401,49.88444387851],[-119.47702048585,49.88358829155]]]]},"properties":{"a": "0.1201", "q": "0", "t": "DA", "dw": "574", "hh": "530", "id": "59350193", "pop": "822", "name": "59350193", "rgid": "5935", "rpid": "5935010", "ruid": "9150014.00", "rguid": "59915"}},{"type":"Feature","geometry":{"type":"MultiPolygon","coordinates":[[[[-119.4770922951,49.88120040138],[-119.47990229711,49.88121369783],[-119.48274937515,49.88123569215],[-119.48276621131,49.88168803283],[-119.48848576789,49.88172418282],[-119.48857350114,49.8817177773],[-119.48855664398,49.88263764043],[-119.48860219343,49.8835586917],[-119.48859485658,49.88371998885],[-119.48848178914,49.8837339852],[-119.48276195286,49.88369783471],[-119.47924181165,49.88363878453],[-119.47826862825,49.88361213377],[-119.47702048585,49.88358829155],[-119.47703592015,49.88352401156],[-119.47702602254,49.88346731939],[-119.47706159294,49.88214421668],[-119.4770922951,49.88120040138]]]]},"properties":{"a": "0.2044", "q": "0", "t": "DA", "dw": "520", "hh": "490", "id": "59350194", "pop": "943", "name": "59350194", "rgid": "5935", "rpid": "5935010", "ruid": "9150009.02", "rguid": "59915"}},{"type":"Feature","geometry":{"type":"MultiPolygon","coordinates":[[[[-119.48278662046,49.87631265955],[-119.48823235227,49.87631133386],[-119.48821548968,49.87723117951],[-119.48822395287,49.87814343757],[-119.48838289655,49.87849353887],[-119.48847503281,49.87866479427],[-119.48847944273,49.87884245514],[-119.48849599049,49.87985173236],[-119.48852537819,49.88057874602],[-119.4885723659,49.88064421234],[-119.48857677646,49.88082187444],[-119.48858668936,49.88087856492],[-119.48857350114,49.8817177773],[-119.48848576789,49.88172418282],[-119.48276621131,49.88168803283],[-119.48274937515,49.88123569215],[-119.48275786853,49.88077576297],[-119.4827631103,49.87983953962],[-119.48276764601,49.87864501121],[-119.48276142109,49.87850767366],[-119.48275335651,49.87841065962],[-119.48276255502,49.87820904248],[-119.48276991377,49.87804774888],[-119.48275789235,49.87721613719],[-119.48278662046,49.87631265955]]]]},"properties":{"a": "0.2432", "q": "0", "t": "DA", "dw": "333", "hh": "318", "id": "59350195", "pop": "682", "name": "59350195", "rgid": "5935", "rpid": "5935010", "ruid": "9150009.02", "rguid": "59915"}},{"type":"Feature","geometry":{"type":"MultiPolygon","coordinates":[[[[-119.48857350114,49.8817177773],[-119.48858668936,49.88087856492],[-119.48857677646,49.88082187444],[-119.4885723659,49.88064421234],[-119.48852537819,49.88057874602],[-119.48849599049,49.87985173236],[-119.49211712819,49.8798800845],[-119.49243096797,49.87984567478],[-119.49252052679,49.87979894197],[-119.49267248712,49.87975339166],[-119.49273671881,49.8797142504],[-119.49331296915,49.87940230113],[-119.49471424613,49.88045394316],[-119.49486881626,49.88062637501],[-119.49494114099,49.88068424597],[-119.49502782614,49.88097646862],[-119.49504819119,49.88190510394],[-119.49356222035,49.88189311291],[-119.4935368925,49.88190070493],[-119.49349981536,49.88189193088],[-119.4934744875,49.88189952288],[-119.49291284269,49.88188888267],[-119.4916511645,49.88188918409],[-119.49150102643,49.88189440906],[-119.49140154482,49.88188445088],[-119.49125140674,49.88188967547],[-119.49123125968,49.88233324081],[-119.49165635023,49.88232515797],[-119.4916497873,49.88274476619],[-119.49349847664,49.88274751301],[-119.49349896727,49.88356277333],[-119.49349347906,49.88368374646],[-119.489893669,49.88372850208],[-119.48859485658,49.88371998885],[-119.48860219343,49.8835586917],[-119.48855664398,49.88263764043],[-119.48857350114,49.8817177773]]]]},"properties":{"a": "0.1619", "q": "0", "t": "DA", "dw": "1083", "hh": "1048", "id": "59350196", "pop": "1661", "name": "59350196", "rgid": "5935", "rpid": "5935010", "ruid": "9150011.00", "rguid": "59915"}},{"type":"Feature","geometry":{"type":"MultiPolygon","coordinates":[[[[-119.48823235227,49.87631133386],[-119.49125453785,49.87632027138],[-119.49138786399,49.87723489309],[-119.49154392995,49.87792394232],[-119.49165774204,49.87816825012],[-119.49186294269,49.87832550242],[-119.49324064897,49.87934442923],[-119.49331296915,49.87940230113],[-119.49273671881,49.8797142504],[-119.49267248712,49.87975339166],[-119.49252052679,49.87979894197],[-119.49243096797,49.87984567478],[-119.49211712819,49.8798800845],[-119.48849599049,49.87985173236],[-119.48847944273,49.87884245514],[-119.48847503281,49.87866479427],[-119.48838289655,49.87849353887],[-119.48822395287,49.87814343757],[-119.48821548968,49.87723117951],[-119.48823235227,49.87631133386]]]]},"properties":{"a": "0.1035", "q": "0", "t": "DA", "dw": "322", "hh": "304", "id": "59350197", "pop": "542", "name": "59350197", "rgid": "5935", "rpid": "5935010", "ruid": "9150011.00", "rguid": "59915"}},{"type":"Feature","geometry":{"type":"MultiPolygon","coordinates":[[[[-119.49486881626,49.88062637501],[-119.49471424613,49.88045394316],[-119.49331296915,49.87940230113],[-119.49324064897,49.87934442923],[-119.49186294269,49.87832550242],[-119.49165774204,49.87816825012],[-119.49189925307,49.87807596945],[-119.49221307925,49.87804156064],[-119.49299894228,49.87806452614],[-119.49376130963,49.87805475376],[-119.49460564918,49.87871647461],[-119.49588761286,49.87964476312],[-119.49608474077,49.87970499403],[-119.49669700841,49.87970043053],[-119.49669494294,49.88029769663],[-119.49661793073,49.88061910849],[-119.49486881626,49.88062637501]]]]},"properties":{"a": "0.0467", "q": "0", "t": "DA", "dw": "376", "hh": "363", "id": "59350198", "pop": "627", "name": "59350198", "rgid": "5935", "rpid": "5935010", "ruid": "9150011.00", "rguid": "59915"}},{"type":"Feature","geometry":{"type":"MultiPolygon","coordinates":[[[[-119.49504819119,49.88190510394],[-119.49504270776,49.88202607645],[-119.49512678517,49.88210031346],[-119.49521895761,49.88227156471],[-119.49537353669,49.88244399686],[-119.49550461653,49.88258369715],[-119.49560044623,49.88267429976],[-119.49632454013,49.8835113185],[-119.49613731757,49.88350777752],[-119.49534952112,49.88352516103],[-119.49504923393,49.88353562208],[-119.49362378232,49.88356513737],[-119.49349896727,49.88356277333],[-119.49349847664,49.88274751301],[-119.4916497873,49.88274476619],[-119.49165635023,49.88232515797],[-119.49123125968,49.88233324081],[-119.49125140674,49.88188967547],[-119.49140154482,49.88188445088],[-119.49150102643,49.88189440906],[-119.4916511645,49.88188918409],[-119.49291284269,49.88188888267],[-119.4934744875,49.88189952288],[-119.49349981536,49.88189193088],[-119.4935368925,49.88190070493],[-119.49356222035,49.88189311291],[-119.49504819119,49.88190510394]]]]},"properties":{"a": "0.0419", "q": "0", "t": "DA", "dw": "300", "hh": "291", "id": "59350199", "pop": "457", "name": "59350199", "rgid": "5935", "rpid": "5935010", "ruid": "9150011.00", "rguid": "59915"}},{"type":"Feature","geometry":{"type":"MultiPolygon","coordinates":[[[[-119.49349347906,49.88368374646],[-119.49349896727,49.88356277333],[-119.49362378232,49.88356513737],[-119.49504923393,49.88353562208],[-119.49534952112,49.88352516103],[-119.49613731757,49.88350777752],[-119.49632454013,49.8835113185],[-119.49560044623,49.88267429976],[-119.49550461653,49.88258369715],[-119.49537353669,49.88244399686],[-119.49521895761,49.88227156471],[-119.49512678517,49.88210031346],[-119.49504270776,49.88202607645],[-119.49504819119,49.88190510394],[-119.49502782614,49.88097646862],[-119.49494114099,49.88068424597],[-119.49486881626,49.88062637501],[-119.49661793073,49.88061910849],[-119.49669494294,49.88029769663],[-119.49669700841,49.87970043053],[-119.49671185616,49.87882089924],[-119.49763611273,49.87882222944],[-119.49782776441,49.87900342806],[-119.49865131739,49.87985037054],[-119.49912864922,49.88034368731],[-119.49935374468,49.88061430392],[-119.49941250096,49.88069613037],[-119.49942445559,49.88264164262],[-119.49941351426,49.88288358881],[-119.49942161905,49.88298060301],[-119.49943235806,49.88329560479],[-119.4994331687,49.88355391699],[-119.49942769795,49.88367489045],[-119.49635796614,49.88360074038],[-119.49620782241,49.88360597256],[-119.4950319999,49.8836402293],[-119.49349347906,49.88368374646]]]]},"properties":{"a": "0.1255", "q": "0", "t": "DA", "dw": "247", "hh": "234", "id": "59350200", "pop": "499", "name": "59350200", "rgid": "5935", "rpid": "5935010", "ruid": "9150011.00", "rguid": "59915"}},{"type":"Feature","geometry":{"type":"MultiPolygon","coordinates":[[[[-119.49669700841,49.87970043053],[-119.49608474077,49.87970499403],[-119.49588761286,49.87964476312],[-119.49460564918,49.87871647461],[-119.49376130963,49.87805475376],[-119.49299894228,49.87806452614],[-119.49221307925,49.87804156064],[-119.49189925307,49.87807596945],[-119.49165774204,49.87816825012],[-119.49154392995,49.87792394232],[-119.49138786399,49.87723489309],[-119.49125453785,49.87632027138],[-119.49438976983,49.87631511346],[-119.49681331456,49.87630447174],[-119.49682268126,49.87554592076],[-119.4968516561,49.87545768148],[-119.49707979933,49.87483241432],[-119.49726801091,49.8745373259],[-119.49737477694,49.87438598527],[-119.4973938263,49.8742410579],[-119.4973823077,49.87366776238],[-119.49849808451,49.87355901297],[-119.49855038602,49.87374311035],[-119.49836139842,49.87478722321],[-119.49837719172,49.87510069745],[-119.49828975939,49.87541827526],[-119.49811537665,49.87573905323],[-119.49790557179,49.87598692128],[-119.49783840402,49.87627057853],[-119.49833217541,49.87714478054],[-119.49902114041,49.87773572298],[-119.49947010871,49.87808240264],[-119.50082059855,49.87894734385],[-119.50203757713,49.87963055979],[-119.50286941704,49.88014385937],[-119.50343269506,49.88039460619],[-119.50439698179,49.88031227747],[-119.50450520549,49.88047255792],[-119.50407834954,49.88055004126],[-119.50416873699,49.88076160736],[-119.50240687405,49.88105127717],[-119.50199801983,49.88125343316],[-119.50171214944,49.88149826558],[-119.50139548463,49.88187166422],[-119.5011230012,49.88264948308],[-119.50088230374,49.88300009956],[-119.50062174194,49.88323733637],[-119.50023818475,49.8834318927],[-119.49985827026,49.8835457987],[-119.4994331687,49.88355391699],[-119.49943235806,49.88329560479],[-119.49942161905,49.88298060301],[-119.49941351426,49.88288358881],[-119.49942445559,49.88264164262],[-119.49941250096,49.88069613037],[-119.49935374468,49.88061430392],[-119.49912864922,49.88034368731],[-119.49865131739,49.87985037054],[-119.49782776441,49.87900342806],[-119.49763611273,49.87882222944],[-119.49671185616,49.87882089924],[-119.49669700841,49.87970043053]]]]},"properties":{"a": "0.2504", "q": "0", "t": "DA", "dw": "218", "hh": "198", "id": "59350201", "pop": "469", "name": "59350201", "rgid": "5935", "rpid": "5935010", "ruid": "9150011.00", "rguid": "59915"}},{"type":"Feature","geometry":{"type":"MultiPolygon","coordinates":[[[[-119.48819666842,49.87270266525],[-119.48836035189,49.8726734889],[-119.48985956562,49.87266160127],[-119.49022216556,49.87265234056],[-119.49122667213,49.87280861517],[-119.49122300983,49.87288926079],[-119.49124069477,49.87359989005],[-119.49201472603,49.8736064972],[-119.49437571927,49.87359473262],[-119.49437389117,49.8736350556],[-119.49439921378,49.87362746359],[-119.49680902612,49.87364077957],[-119.49709566682,49.87365427139],[-119.49725752249,49.87366540319],[-119.4973823077,49.87366776238],[-119.4973938263,49.8742410579],[-119.49737477694,49.87438598527],[-119.49726801091,49.8745373259],[-119.49707979933,49.87483241432],[-119.4968516561,49.87545768148],[-119.49682268126,49.87554592076],[-119.49681331456,49.87630447174],[-119.49438976983,49.87631511346],[-119.49125453785,49.87632027138],[-119.48823235227,49.87631133386],[-119.48823563459,49.87541544797],[-119.4882370826,49.87455988789],[-119.48819666842,49.87270266525]]]]},"properties":{"a": "0.2133", "q": "0", "t": "DA", "dw": "194", "hh": "181", "id": "59350202", "pop": "388", "name": "59350202", "rgid": "5935", "rpid": "5935010", "ruid": "9150011.00", "rguid": "59915"}},{"type":"Feature","geometry":{"type":"MultiPolygon","coordinates":[[[[-119.47707231419,49.88627722592],[-119.47980850699,49.8862729645],[-119.48045795256,49.88627728126],[-119.48074467601,49.8862908213],[-119.48275542565,49.88630492909],[-119.48273518473,49.88674849955],[-119.48274650265,49.88732182303],[-119.48275966101,49.88785482289],[-119.48276107287,49.88837145602],[-119.48272908404,49.88879866194],[-119.48274224266,49.88933166456],[-119.48205566718,49.88931858423],[-119.4798204419,49.88929211055],[-119.47697096138,49.88931035575],[-119.47697449025,49.88841442947],[-119.47698489554,49.88791416455],[-119.47698724786,49.88731688297],[-119.47698104095,49.88717954089],[-119.47706258047,49.88703580349],[-119.47707231419,49.88627722592]]]]},"properties":{"a": "0.1391", "q": "0", "t": "DA", "dw": "337", "hh": "315", "id": "59350203", "pop": "656", "name": "59350203", "rgid": "5935", "rpid": "5935010", "ruid": "9150014.00", "rguid": "59915"}},{"type":"Feature","geometry":{"type":"MultiPolygon","coordinates":[[[[-119.47697096138,49.88931035575],[-119.4798204419,49.88929211055],[-119.48205566718,49.88931858423],[-119.48274224266,49.88933166456],[-119.48274733481,49.88976765026],[-119.48275242707,49.89020363663],[-119.48276926693,49.89065599152],[-119.48277251927,49.89113230448],[-119.48276218363,49.89163257563],[-119.48277859611,49.89264189901],[-119.48275835232,49.8930854793],[-119.48277519343,49.89353783875],[-119.48203787337,49.8935399372],[-119.4799136726,49.89353980138],[-119.47828700495,49.89358948045],[-119.47754968374,49.89359154529],[-119.47730989503,49.89364347028],[-119.47699778325,49.89363750796],[-119.47700332136,49.89351653154],[-119.47699828969,49.89308053982],[-119.47700198172,49.89299988902],[-119.47700936573,49.89283858749],[-119.47699325813,49.89264454876],[-119.47698017303,49.8921115392],[-119.47699057918,49.89161126781],[-119.47698437161,49.89147392366],[-119.47696205721,49.89114254186],[-119.47696944105,49.89098124139],[-119.47696256411,49.89058557858],[-119.47694394226,49.89017354781],[-119.47696424737,49.88972997323],[-119.47697096138,49.88931035575]]]]},"properties":{"a": "0.1968", "q": "0", "t": "DA", "dw": "302", "hh": "282", "id": "59350204", "pop": "642", "name": "59350204", "rgid": "5935", "rpid": "5935010", "ruid": "9150014.00", "rguid": "59915"}},{"type":"Feature","geometry":{"type":"MultiPolygon","coordinates":[[[[-119.47081786659,49.89107339095],[-119.47080667356,49.88968477839],[-119.47079800424,49.88932944171],[-119.4720735045,49.88930545183],[-119.47208575444,49.88794958594],[-119.47216176104,49.88792682595],[-119.4723119236,49.88792163037],[-119.47314123683,49.88809088018],[-119.47327410855,49.88819028818],[-119.47329833098,49.88929661945],[-119.47450956483,49.8893117279],[-119.47453956214,49.88729429962],[-119.47395251374,49.88729113829],[-119.4739499116,49.88625787662],[-119.47694749186,49.88627484087],[-119.47707231419,49.88627722592],[-119.47706258047,49.88703580349],[-119.47698104095,49.88717954089],[-119.47698724786,49.88731688297],[-119.47698489554,49.88791416455],[-119.47697449025,49.88841442947],[-119.47697096138,49.88931035575],[-119.47696424737,49.88972997323],[-119.47694394226,49.89017354781],[-119.47696256411,49.89058557858],[-119.47696944105,49.89098124139],[-119.47696205721,49.89114254186],[-119.47698437161,49.89147392366],[-119.47699057918,49.89161126781],[-119.47698017303,49.8921115392],[-119.47699325813,49.89264454876],[-119.47700936573,49.89283858749],[-119.47532399647,49.89280637417],[-119.47534788497,49.89146686004],[-119.47535831084,49.89096658996],[-119.47452153707,49.8909586573],[-119.47332014896,49.89100024294],[-119.47089202775,49.89109095669],[-119.47081786659,49.89107339095]]]]},"properties":{"a": "0.1847", "q": "0", "t": "DA", "dw": "543", "hh": "502", "id": "59350205", "pop": "955", "name": "59350205", "rgid": "5935", "rpid": "5935010", "ruid": "9150015.00", "rguid": "59915"}},{"type":"Feature","geometry":{"type":"MultiPolygon","coordinates":[[[[-119.48275242707,49.89020363663],[-119.48361452186,49.89020390964],[-119.48773774367,49.89020160437],[-119.48847500353,49.89019946326],[-119.48845630599,49.89115967902],[-119.48847137434,49.89165235986],[-119.48846770495,49.8917330107],[-119.48847617672,49.89264531506],[-119.48848281411,49.89359794803],[-119.48773374295,49.89358372181],[-119.48348717652,49.89354332451],[-119.48277519343,49.89353783875],[-119.48275835232,49.8930854793],[-119.48277859611,49.89264189901],[-119.48276218363,49.89163257563],[-119.48277251927,49.89113230448],[-119.48276926693,49.89065599152],[-119.48275242707,49.89020363663]]]]},"properties":{"a": "0.1533", "q": "0", "t": "DA", "dw": "360", "hh": "321", "id": "59350206", "pop": "669", "name": "59350206", "rgid": "5935", "rpid": "5935010", "ruid": "9150014.00", "rguid": "59915"}},{"type":"Feature","geometry":{"type":"MultiPolygon","coordinates":[[[[-119.47699778325,49.89363750796],[-119.47730989503,49.89364347028],[-119.47754968374,49.89359154529],[-119.47828700495,49.89358948045],[-119.4799136726,49.89353980138],[-119.48203787337,49.8935399372],[-119.48277519343,49.89353783875],[-119.48348717652,49.89354332451],[-119.48773374295,49.89358372181],[-119.48848281411,49.89359794803],[-119.48915771224,49.89359461647],[-119.49058351499,49.89356516482],[-119.49180846441,49.89355610202],[-119.49351921234,49.89358044093],[-119.49351892984,49.89413741012],[-119.49350921525,49.89545298191],[-119.49350344274,49.89613093314],[-119.49352532838,49.89757626766],[-119.49353708215,49.89759263461],[-119.49353525216,49.89763296097],[-119.49352187714,49.89902920194],[-119.4935388392,49.89948156894],[-119.49352053833,49.89988483539],[-119.49354038701,49.89999822293],[-119.4935338405,49.90041785723],[-119.49352835013,49.9005388375],[-119.49354087868,49.90081353247],[-119.49354714301,49.90095088006],[-119.4934311426,49.9013038649],[-119.49331330981,49.90169717695],[-119.49316464273,49.90221906283],[-119.49304680476,49.90261237582],[-119.49360035653,49.90308298132],[-119.49360156355,49.90308466188],[-119.49359541857,49.90309539998],[-119.49358986831,49.90319894409],[-119.49356403439,49.90333253676],[-119.4935721294,49.90342955838],[-119.49355488326,49.90353417263],[-119.49355305302,49.90357449982],[-119.49356480852,49.90359086712],[-119.49354390179,49.90377613586],[-119.49359901921,49.90393862689],[-119.49365596723,49.90406079072],[-119.49369824421,49.90415976167],[-119.49373893327,49.90427062887],[-119.49378046901,49.90450083617],[-119.49376071396,49.90450675501],[-119.49349920087,49.90448565941],[-119.49272641861,49.90443873592],[-119.49093919231,49.90443715817],[-119.48995192051,49.90443458058],[-119.48961805073,49.90435559525],[-119.48898483121,49.90398839392],[-119.48860762266,49.90376327955],[-119.48845115651,49.90363115101],[-119.48845666224,49.90351016972],[-119.48804677641,49.90345395313],[-119.48701105119,49.90286921407],[-119.48649723871,49.90262535187],[-119.48622582642,49.9025475421],[-119.48580236335,49.90251527515],[-119.48560514107,49.90245501884],[-119.48543326136,49.90238717168],[-119.48439136635,49.90166505874],[-119.48425842416,49.90156566106],[-119.48416073604,49.90151536815],[-119.48368772957,49.90119961723],[-119.48355479059,49.90110021876],[-119.48276127996,49.89986619041],[-119.48152553429,49.89956011884],[-119.47990509481,49.89837488843],[-119.47986547438,49.89814810917],[-119.47932089114,49.89803278092],[-119.47902787084,49.89788188908],[-119.47719058556,49.89652296313],[-119.47704777667,49.89636686279],[-119.47700011948,49.89604306347],[-119.47700498803,49.89566376248],[-119.47700667062,49.89480814192],[-119.47699358465,49.89427512833],[-119.47700214515,49.89381517865],[-119.47699039905,49.89379880994],[-119.4770039912,49.89377485315],[-119.47698419115,49.89366146474],[-119.47699778325,49.89363750796]]]]},"properties":{"a": "1.0459", "q": "0", "t": "DA", "dw": "703", "hh": "677", "id": "59350207", "pop": "1332", "name": "59350207", "rgid": "5935", "rpid": "5935010", "ruid": "9150013.00", "rguid": "59915"}},{"type":"Feature","geometry":{"type":"MultiPolygon","coordinates":[[[[-119.46336678405,49.90390248118],[-119.46334701676,49.90378908602],[-119.46331922595,49.90357866671],[-119.46332294578,49.90349801347],[-119.46342932749,49.903088364],[-119.46366057848,49.90268111719],[-119.46404018177,49.90230901366],[-119.46478821744,49.90180676198],[-119.46531801526,49.90142947008],[-119.46554552295,49.90110287384],[-119.46566979098,49.90084694516],[-119.46569333916,49.90006437631],[-119.46572245853,49.89916083142],[-119.46569531842,49.89839343776],[-119.46778082821,49.89842542208],[-119.46773819601,49.89772231268],[-119.46571700741,49.89765120145],[-119.46573869562,49.89690896707],[-119.46572204069,49.89645659939],[-119.46712076191,49.89647539812],[-119.46833220511,49.89649058296],[-119.46950656402,49.89649696935],[-119.47085460622,49.89653088747],[-119.47152770239,49.89656800251],[-119.47218905479,49.8965887435],[-119.47406185712,49.8966245944],[-119.47438758577,49.89660660942],[-119.47496117304,49.89663372501],[-119.47583396434,49.89694908563],[-119.47673210948,49.89725685077],[-119.47679269092,49.89729836949],[-119.47694724919,49.89747083964],[-119.47704777667,49.89636686279],[-119.47719058556,49.89652296313],[-119.47902787084,49.89788188908],[-119.47932089114,49.89803278092],[-119.47986547438,49.89814810917],[-119.47990509481,49.89837488843],[-119.48152553429,49.89956011884],[-119.48276127996,49.89986619041],[-119.48355479059,49.90110021876],[-119.48368772957,49.90119961723],[-119.48416073604,49.90151536815],[-119.48425842416,49.90156566106],[-119.48439136635,49.90166505874],[-119.48543326136,49.90238717168],[-119.48560514107,49.90245501884],[-119.48580236335,49.90251527515],[-119.48622582642,49.9025475421],[-119.48649723871,49.90262535187],[-119.48701105119,49.90286921407],[-119.48804677641,49.90345395313],[-119.48845666224,49.90351016972],[-119.48845115651,49.90363115101],[-119.48860762266,49.90376327955],[-119.48898483121,49.90398839392],[-119.48961805073,49.90435559525],[-119.48995192051,49.90443458058],[-119.49093919231,49.90443715817],[-119.49272641861,49.90443873592],[-119.49349920087,49.90448565941],[-119.49376071396,49.90450675501],[-119.49378046901,49.90450083617],[-119.49379885383,49.90460273126],[-119.49408223255,49.905243797],[-119.49444645512,49.90583876567],[-119.49480964445,49.90625006642],[-119.49515345501,49.9066065107],[-119.49554345223,49.90710227023],[-119.49614190314,49.90764596484],[-119.49637165811,49.90780287779],[-119.49692480844,49.90798123955],[-119.4977057811,49.9085388688],[-119.49782144482,49.90886920047],[-119.49782952857,49.90902192348],[-119.49752242282,49.90931682379],[-119.49748618764,49.90939928624],[-119.49738661349,49.90988660028],[-119.49742264312,49.9100846544],[-119.497546152,49.9102694269],[-119.49758151483,49.91044082921],[-119.4975593383,49.91055786591],[-119.49747022035,49.91070391024],[-119.49683563803,49.91112178501],[-119.49670731035,49.91130543282],[-119.49659984235,49.91138735669],[-119.49624439229,49.91154854828],[-119.49590656506,49.9117621401],[-119.49562098313,49.91211920027],[-119.49541042799,49.9122827254],[-119.49494101119,49.91244821592],[-119.49419459666,49.91313923864],[-119.49375968325,49.91332919147],[-119.49308264006,49.91370305502],[-119.49292550394,49.91388736549],[-119.49281586777,49.9139341291],[-119.49246860894,49.91394167998],[-119.49230281703,49.91397244503],[-119.49178510015,49.9141822142],[-119.49128942922,49.91429189382],[-119.49074551359,49.91455524844],[-119.49057046856,49.91469320211],[-119.48999455493,49.91539873463],[-119.4897824388,49.91560944617],[-119.48925179608,49.91588273328],[-119.48838389478,49.91605314805],[-119.48811325767,49.91617596393],[-119.48806072146,49.91623147585],[-119.48805271483,49.91636613875],[-119.48823822149,49.91674019957],[-119.48819226378,49.91691208435],[-119.4876620347,49.91720313262],[-119.48742281964,49.91743189368],[-119.48726942814,49.91764290959],[-119.48695584533,49.91780244615],[-119.48612258369,49.91840499266],[-119.48536229668,49.91876391068],[-119.48519846,49.91887462295],[-119.48445112548,49.91951108343],[-119.48425286798,49.91970469396],[-119.48397565421,49.92028591463],[-119.48298297241,49.92129712686],[-119.48254201893,49.92168470974],[-119.48169648681,49.92256632002],[-119.48097450864,49.92287790707],[-119.48004135261,49.92313137521],[-119.47929680534,49.92355312068],[-119.47869187406,49.92399770727],[-119.47855141213,49.92425255665],[-119.47832747958,49.92450056613],[-119.47803210077,49.92527115182],[-119.47791306482,49.92539925996],[-119.47772434418,49.925492535],[-119.47744561898,49.92554413022],[-119.47709841035,49.9255346767],[-119.47688459964,49.92543856184],[-119.47654421992,49.92544624451],[-119.4764330449,49.92425410192],[-119.47636739533,49.92377654053],[-119.47634616373,49.91932794483],[-119.47633441059,49.91931157458],[-119.47631762987,49.91885917327],[-119.47630151533,49.91866511677],[-119.47622914998,49.91860722442],[-119.47606897096,49.91855572731],[-119.47565895193,49.9184994562],[-119.47571757716,49.91776594739],[-119.4756390072,49.91757069803],[-119.47559199785,49.91750521708],[-119.47589187514,49.9172364711],[-119.47595551783,49.91693899289],[-119.47599816707,49.91682678839],[-119.47600844766,49.91551112006],[-119.47603971867,49.91401018601],[-119.47575555974,49.91202694439],[-119.4763030334,49.90335134166],[-119.47616020414,49.9031952363],[-119.47589856688,49.90235877774],[-119.47581633035,49.90224419237],[-119.475695155,49.90216115227],[-119.4756209718,49.90214358947],[-119.47515422674,49.90196514608],[-119.47501945757,49.90190606243],[-119.47494897197,49.90180784594],[-119.47495636562,49.90164653959],[-119.47470847647,49.90160143715],[-119.47432397202,49.90153757612],[-119.4741873563,49.90151881797],[-119.47388693221,49.90152921512],[-119.47373487051,49.90157473989],[-119.47244603422,49.9018810381],[-119.47226862548,49.90193414778],[-119.47202565277,49.90150973003],[-119.47201390645,49.90149336028],[-119.47145506796,49.90114361538],[-119.47114845642,49.90101665508],[-119.47090057526,49.90097154315],[-119.47065084204,49.90096675699],[-119.47046354216,49.90096316696],[-119.47018661207,49.90100629261],[-119.46995851614,49.90107457099],[-119.46981634368,49.90117678602],[-119.46915430574,49.90171301259],[-119.4687351917,49.90185834838],[-119.46856952333,49.90192782156],[-119.46836490961,49.90202883683],[-119.46817018475,49.90218654849],[-119.46801254854,49.90235304414],[-119.46791734662,49.90252073801],[-119.46789818016,49.90266567401],[-119.46786541311,49.90283456637],[-119.4677566089,49.90302621667],[-119.46769046136,49.90310567146],[-119.46759711209,49.9032330388],[-119.46735168669,49.90340592131],[-119.46709637048,49.90352210617],[-119.46699498612,49.90355244926],[-119.46679221694,49.90361313514],[-119.46601576714,49.90364665559],[-119.46557684888,49.90367858433],[-119.46543837219,49.90370014059],[-119.46487457824,49.90372966626],[-119.46437136196,49.90380071601],[-119.46408266252,49.90382745413],[-119.4636808314,49.90386816025],[-119.4634292216,49.90390368241],[-119.46336678405,49.90390248118]]]]},"properties":{"a": "3.1759", "q": "0", "t": "DA", "dw": "534", "hh": "504", "id": "59350208", "pop": "1301", "name": "59350208", "rgid": "5935", "rpid": "5935010", "ruid": "9150019.03", "rguid": "59915"}},{"type":"Feature","geometry":{"type":"MultiPolygon","coordinates":[[[[-119.46049986247,49.89642875027],[-119.46092339851,49.89564582815],[-119.46208599143,49.89563593229],[-119.46348840183,49.8955741316],[-119.4657357004,49.89561734683],[-119.46575367293,49.89495576863],[-119.46577655757,49.89473018609],[-119.46579764377,49.89372963741],[-119.46580632948,49.89326968959],[-119.46580944403,49.89293071801],[-119.46580327363,49.89279337253],[-119.46594482678,49.89243284559],[-119.46617845121,49.8922436033],[-119.46685272287,49.89198210436],[-119.46713516258,49.8918180143],[-119.46893049263,49.89217536391],[-119.4708840728,49.89262450756],[-119.47102806487,49.89248196883],[-119.47109233708,49.89244283995],[-119.47111767557,49.89243525343],[-119.47391180278,49.89281164849],[-119.4740366448,49.89281403744],[-119.47477395223,49.89281199891],[-119.47532399647,49.89280637417],[-119.47700936573,49.89283858749],[-119.47700198172,49.89299988902],[-119.47699828969,49.89308053982],[-119.47700332136,49.89351653154],[-119.47699778325,49.89363750796],[-119.47698419115,49.89366146474],[-119.4770039912,49.89377485315],[-119.47699039905,49.89379880994],[-119.47700214515,49.89381517865],[-119.47699358465,49.89427512833],[-119.47700667062,49.89480814192],[-119.47700498803,49.89566376248],[-119.47700011948,49.89604306347],[-119.47704777667,49.89636686279],[-119.47694724919,49.89747083964],[-119.47679269092,49.89729836949],[-119.47673210948,49.89725685077],[-119.47583396434,49.89694908563],[-119.47496117304,49.89663372501],[-119.47438758577,49.89660660942],[-119.47406185712,49.8966245944],[-119.47218905479,49.8965887435],[-119.47152770239,49.89656800251],[-119.47085460622,49.89653088747],[-119.46950656402,49.89649696935],[-119.46833220511,49.89649058296],[-119.46712076191,49.89647539812],[-119.46572204069,49.89645659939],[-119.46383565263,49.89644454509],[-119.46049986247,49.89642875027]]]]},"properties":{"a": "0.4042", "q": "0", "t": "DA", "dw": "320", "hh": "311", "id": "59350209", "pop": "864", "name": "59350209", "rgid": "5935", "rpid": "5935010", "ruid": "9150015.00", "rguid": "59915"}},{"type":"Feature","geometry":{"type":"MultiPolygon","coordinates":[[[[-119.4895785156,49.85439102333],[-119.48801358097,49.8550392537],[-119.48770799849,49.85517065205],[-119.48675418736,49.85555606598],[-119.48583741045,49.85595024734],[-119.48535278381,49.85617508442],[-119.48527244954,49.85602020516],[-119.48497347789,49.85573202679],[-119.48373252054,49.85447352443],[-119.48264605565,49.85338744654],[-119.48407087933,49.85280120375],[-119.48527960002,49.85229960903],[-119.48679385254,49.85166660734],[-119.48693397726,49.85160470526],[-119.48683383914,49.85133646016],[-119.48660863261,49.85025067522],[-119.48629833623,49.84938925874],[-119.48617951206,49.84870904593],[-119.48634898532,49.8480020373],[-119.48654815882,49.84746508225],[-119.48662775166,49.84736167606],[-119.48675979405,49.84720277205],[-119.48740018472,49.84629488319],[-119.487638213,49.84572638547],[-119.48770532688,49.84534833643],[-119.48782303348,49.84358308717],[-119.48789930763,49.84300344812],[-119.48790114072,49.84296312959],[-119.48791470971,49.84293917557],[-119.48827521538,49.84297024152],[-119.48854807093,49.84300771086],[-119.48874684477,49.84302763017],[-119.48899622836,49.84303236947],[-119.48948325913,49.84302548186],[-119.49002272987,49.84296309313],[-119.49032455287,49.84291233033],[-119.49053872507,49.8428679731],[-119.49086768119,49.8427692999],[-119.49120837289,49.84268698972],[-119.49133489349,49.84264903777],[-119.49144784703,49.84263504016],[-119.49166018719,49.84263099907],[-119.49189783129,49.84261936697],[-119.49214721276,49.84262409828],[-119.49224659961,49.84263405433],[-119.49256823581,49.84269664975],[-119.49291517687,49.84275165332],[-119.49323864285,49.84277392798],[-119.49344915592,49.84281020162],[-119.49368314573,49.84287920242],[-119.49375722977,49.84289674797],[-119.49377035521,49.84289699676],[-119.49377887893,49.84296979419],[-119.49379432141,49.84298703527],[-119.49387676648,49.84299908974],[-119.49430296827,49.84339819009],[-119.49436736322,49.84336793468],[-119.49422577881,49.84400001024],[-119.4938159626,49.84416172809],[-119.49334423187,49.8441749805],[-119.49266748792,49.84433324712],[-119.49234630002,49.8445906637],[-119.49199387316,49.84495886277],[-119.49164692045,49.84530254932],[-119.49062100329,49.84512408392],[-119.4903707291,49.84515242202],[-119.48876725314,49.84704118914],[-119.48847933106,49.84756798621],[-119.48801421992,49.84776414363],[-119.48787196873,49.84813390741],[-119.48729596833,49.84818832837],[-119.48700246475,49.8483707964],[-119.48697719095,49.84866570828],[-119.48774915732,49.85029940365],[-119.48805355532,49.85055014199],[-119.48817285336,49.85111091582],[-119.48899673414,49.85203011167],[-119.4903882159,49.85352181892],[-119.49081124011,49.85386283777],[-119.49073659358,49.85390453926],[-119.49071128244,49.8539121298],[-119.49066066014,49.85392731088],[-119.49059646675,49.85396644725],[-119.49054584434,49.85398162827],[-119.4895785156,49.85439102333]]]]},"properties":{"a": "0.3387", "q": "0", "t": "DA", "dw": "474", "hh": "359", "id": "59350210", "pop": "737", "name": "59350210", "rgid": "5935", "rpid": "5935010", "ruid": "9150010.02", "rguid": "59915"}},{"type":"Feature","geometry":{"type":"MultiPolygon","coordinates":[[[[-119.48225132555,49.84151580973],[-119.48234081248,49.84146909245],[-119.48239326094,49.84141359812],[-119.48253151908,49.84139202273],[-119.48258396718,49.84133652831],[-119.48267161522,49.84133012896],[-119.48273579643,49.84129099949],[-119.48298516879,49.841295754],[-119.48336473981,49.84118192999],[-119.48362768249,49.84116272962],[-119.48387705418,49.84116748187],[-119.48422580731,49.84118219759],[-119.48437579772,49.84117698446],[-119.48459802891,49.84122964166],[-119.48470914472,49.84125597008],[-119.48474618335,49.84126474619],[-119.48500545423,49.84132617859],[-119.4850912661,49.84136009532],[-119.48512830491,49.84136887129],[-119.48541288146,49.84142271385],[-119.48548695934,49.84144026554],[-119.48580674085,49.84154320108],[-119.48597836698,49.84161103313],[-119.48626917734,49.84180219286],[-119.48652111634,49.84202489478],[-119.48673601812,49.84223882085],[-119.48694358614,49.84261402039],[-119.48710788322,49.84284312463],[-119.48718013061,49.84290099363],[-119.48733012691,49.84289577597],[-119.48746655394,49.84291451204],[-119.48766532681,49.84293443353],[-119.4878894048,49.8429467651],[-119.48791470971,49.84293917557],[-119.48790114072,49.84296312959],[-119.48789930763,49.84300344812],[-119.48782303348,49.84358308717],[-119.48770532688,49.84534833643],[-119.487638213,49.84572638547],[-119.48525718193,49.84566493851],[-119.48509543969,49.84565378807],[-119.48484604066,49.84564903884],[-119.48311382174,49.84559182292],[-119.48280207372,49.84558588],[-119.48252736784,49.84558871318],[-119.48123160095,49.84553978515],[-119.48013461883,49.84551077695],[-119.48067021984,49.84471392479],[-119.48150072828,49.84347073888],[-119.48172778696,49.84314417159],[-119.48206709844,49.84254534187],[-119.48220211863,49.84204753503],[-119.48225132555,49.84151580973]]]]},"properties":{"a": "0.204", "q": "0", "t": "DA", "dw": "393", "hh": "374", "id": "59350213", "pop": "689", "name": "59350213", "rgid": "5935", "rpid": "5935010", "ruid": "9150010.02", "rguid": "59915"}},{"type":"Feature","geometry":{"type":"MultiPolygon","coordinates":[[[[-119.48225132555,49.84151580973],[-119.48223959229,49.84149944464],[-119.48224326941,49.84141880823],[-119.48225867974,49.84135453691],[-119.48223521332,49.84132180676],[-119.48224072899,49.84120085222],[-119.4822543007,49.84117689912],[-119.48224186567,49.84090226012],[-119.48225911431,49.84079767081],[-119.48224667937,49.84052303217],[-119.4823009652,49.84042722001],[-119.48229885856,49.8396524009],[-119.48232800414,49.83819218141],[-119.4823162718,49.83817581652],[-119.48234708973,49.83804727535],[-119.48247700889,49.83711357009],[-119.48279689846,49.83584452957],[-119.48273823928,49.83576270607],[-119.48276905409,49.83563416586],[-119.48278446142,49.83556989577],[-119.48313697944,49.83413200428],[-119.48318136058,49.83397951206],[-119.48320566694,49.83289853874],[-119.4832171118,49.83209978767],[-119.48702286481,49.83209157038],[-119.48732094543,49.83212145267],[-119.48764249196,49.83218406189],[-119.48696823022,49.83274423163],[-119.48670607265,49.83302170688],[-119.48652970787,49.83333309623],[-119.48646993907,49.83354985981],[-119.48635112712,49.83424165499],[-119.48641235341,49.83454142653],[-119.48678487447,49.83540398388],[-119.48680650731,49.83547702971],[-119.48719261234,49.83631563504],[-119.48732791786,49.83663295824],[-119.48763373773,49.83731669776],[-119.48867668125,49.8396285629],[-119.48866568815,49.8398704714],[-119.48865286271,49.84015269825],[-119.48836318155,49.84103495848],[-119.48828801039,49.84131600128],[-119.48878675675,49.84132548151],[-119.48945896583,49.84136246681],[-119.48975528421,49.84143266104],[-119.48985100539,49.84152325617],[-119.49016422688,49.84204572579],[-119.49001057209,49.84213158464],[-119.48965814619,49.84219752627],[-119.48910145312,49.84236450388],[-119.48810026955,49.8424261809],[-119.48801811885,49.84231162978],[-119.48796201085,49.84244776419],[-119.48793927694,49.84267331053],[-119.48793561087,49.84275394751],[-119.48793194479,49.84283458451],[-119.48791470971,49.84293917557],[-119.4878894048,49.8429467651],[-119.48766532681,49.84293443353],[-119.48746655394,49.84291451204],[-119.48733012691,49.84289577597],[-119.48718013061,49.84290099363],[-119.48710788322,49.84284312463],[-119.48694358614,49.84261402039],[-119.48673601812,49.84223882085],[-119.48652111634,49.84202489478],[-119.48626917734,49.84180219286],[-119.48597836698,49.84161103313],[-119.48580674085,49.84154320108],[-119.48548695934,49.84144026554],[-119.48541288146,49.84142271385],[-119.48512830491,49.84136887129],[-119.4850912661,49.84136009532],[-119.48500545423,49.84132617859],[-119.48474618335,49.84126474619],[-119.48470914472,49.84125597008],[-119.48459802891,49.84122964166],[-119.48437579772,49.84117698446],[-119.48422580731,49.84118219759],[-119.48387705418,49.84116748187],[-119.48362768249,49.84116272962],[-119.48336473981,49.84118192999],[-119.48298516879,49.841295754],[-119.48273579643,49.84129099949],[-119.48267161522,49.84133012896],[-119.48258396718,49.84133652831],[-119.48253151908,49.84139202273],[-119.48239326094,49.84141359812],[-119.48234081248,49.84146909245],[-119.48225132555,49.84151580973]]]]},"properties":{"a": "0.3751", "q": "0", "t": "DA", "dw": "688", "hh": "673", "id": "59350214", "pop": "1325", "name": "59350214", "rgid": "5935", "rpid": "5935010", "ruid": "9150002.00", "rguid": "59915"}},{"type":"Feature","geometry":{"type":"MultiPolygon","coordinates":[[[[-119.47430118433,49.86087943854],[-119.47224104325,49.86088033131],[-119.47221202587,49.86096855883],[-119.46938982416,49.86097899682],[-119.4689278969,49.86097820024],[-119.46871545977,49.86098219251],[-119.46757916798,49.86098458067],[-119.46696717585,49.86098896275],[-119.46589325623,49.8609925302],[-119.46545664906,49.86098413298],[-119.46438272944,49.86098768394],[-119.46432035702,49.8609864835],[-119.4641079194,49.86099046582],[-119.46337118202,49.86099242427],[-119.45646759651,49.86097224209],[-119.45658434143,49.86087764268],[-119.45717978663,49.86042101315],[-119.45793273378,49.8597979262],[-119.45841327503,49.85939557116],[-119.45984739727,49.85834977601],[-119.46134624396,49.857523135],[-119.4623059152,49.85701700464],[-119.46264248611,49.85675714093],[-119.46265607437,49.85673318923],[-119.46287592307,49.85656793013],[-119.46366576072,49.85595359252],[-119.46382509394,49.855746811],[-119.46431667074,49.85510251399],[-119.46439633426,49.85499912303],[-119.46479464587,49.8544821678],[-119.46613524556,49.8527484668],[-119.46859076308,49.84956726706],[-119.46894822322,49.84912216049],[-119.46918343953,49.84889262079],[-119.46930629639,49.84893533438],[-119.46946989867,49.84890619188],[-119.46957299782,49.84883553304],[-119.47120720301,49.84939957336],[-119.47125597723,49.84942472167],[-119.47393116041,49.85015395472],[-119.476544081,49.85088192424],[-119.47497562842,49.85324092343],[-119.47488241489,49.85336827542],[-119.47460711816,49.8539279772],[-119.47458180403,49.85393556359],[-119.47453736947,49.85408806262],[-119.47441210401,49.85464256666],[-119.4744035227,49.85510245298],[-119.47442395007,49.85547411356],[-119.47440732825,49.85583699417],[-119.4744074401,49.85665217766],[-119.47438408259,49.8574346296],[-119.47436561261,49.85783783308],[-119.47437800015,49.8581124894],[-119.47434975262,49.85927419735],[-119.47434790552,49.85931451793],[-119.47431769904,49.85970135698],[-119.47430118433,49.86087943854]]]]},"properties":{"a": "1.0377", "q": "0", "t": "DA", "dw": "600", "hh": "579", "id": "59350215", "pop": "1145", "name": "59350215", "rgid": "5935", "rpid": "5935010", "ruid": "9150008.00", "rguid": "59915"}},{"type":"Feature","geometry":{"type":"MultiPolygon","coordinates":[[[[-119.44321194602,49.86088465967],[-119.44326822733,49.86074854202],[-119.44330902987,49.86067669394],[-119.44334983227,49.86060484587],[-119.4435951031,49.86043204909],[-119.44369827562,49.86036141451],[-119.44399231388,49.86021377978],[-119.44461930721,49.8598869796],[-119.44470887687,49.85984029357],[-119.44497570872,49.85974055511],[-119.44525426298,49.8596571865],[-119.44554453991,49.85959018762],[-119.44574899851,49.85948923477],[-119.44599050279,49.8593970728],[-119.44630984854,49.85924185246],[-119.44653962604,49.85913331883],[-119.44688429002,49.85897051745],[-119.44697385511,49.8589238295],[-119.44708874225,49.85886956204],[-119.44737103338,49.85870554771],[-119.44746059734,49.85865885936],[-119.4477663343,49.85852758445],[-119.44789294371,49.85848968629],[-119.44835248073,49.85827261171],[-119.44862303811,49.85809222405],[-119.4487008747,49.85802916463],[-119.44890718977,49.85788788587],[-119.4491913386,49.85768354701],[-119.44938405401,49.85756621732],[-119.44948720939,49.85749557739],[-119.44967194067,49.85728123764],[-119.44973804931,49.8572018077],[-119.45003391413,49.85701383676],[-119.45030445585,49.85683344527],[-119.45041933275,49.85677917431],[-119.45067814625,49.8565824122],[-119.45071706156,49.85655088185],[-119.45096227726,49.85637806916],[-119.45114699583,49.85616372749],[-119.45126747851,49.85598849661],[-119.45143672986,49.85583842439],[-119.45147751326,49.85576657417],[-119.45149110769,49.85574262409],[-119.45166035722,49.85559255161],[-119.45179256114,49.85543368998],[-119.45192476404,49.85527482826],[-119.45209401006,49.85512475528],[-119.45225152968,49.85495831265],[-119.45243436677,49.85478428916],[-119.45260360891,49.85463421556],[-119.4528877169,49.85442986836],[-119.45291303533,49.85442228753],[-119.45296554001,49.85436680637],[-119.45328295285,49.8542518856],[-119.45357691301,49.85410422539],[-119.45368005251,49.85403358192],[-119.45369364508,49.85400963168],[-119.45384928701,49.85388350657],[-119.45400679478,49.85371706186],[-119.45435884955,49.8533929599],[-119.45455153011,49.85327562186],[-119.45484734468,49.85308763902],[-119.45511783946,49.85290723679],[-119.45532410679,49.85276594711],[-119.45557114577,49.85255280596],[-119.45579100059,49.85238756512],[-119.45596022062,49.85223748701],[-119.45610598767,49.85205467107],[-119.45624988892,49.85191217422],[-119.45643269555,49.85173814515],[-119.45666799667,49.85150863327],[-119.45686252569,49.85135097235],[-119.45703173755,49.85120089295],[-119.45722812724,49.85100291239],[-119.4574868718,49.85080613636],[-119.45765794221,49.85061573712],[-119.45792840841,49.85043532872],[-119.45808402382,49.85030919849],[-119.45826867802,49.85009484802],[-119.45842801567,49.84988807949],[-119.45863798063,49.84966614651],[-119.45874482422,49.84951486101],[-119.45885166703,49.84936357547],[-119.45893505669,49.84917955328],[-119.45901472227,49.84907616882],[-119.45925799711,49.84894365882],[-119.4594994092,49.84885146709],[-119.45979330844,49.84870379111],[-119.45991987652,49.84866587878],[-119.460135972,49.84858126806],[-119.46047863352,49.84845874388],[-119.46056816029,49.84841204528],[-119.4607064534,49.84839050005],[-119.46097131245,49.84833104098],[-119.46131396939,49.848208514],[-119.46141522153,49.84817818263],[-119.46172083604,49.84804686919],[-119.46202644859,49.84791555485],[-119.46230674658,49.8477918227],[-119.46251110539,49.8476908392],[-119.46281671277,49.84755952257],[-119.46312046063,49.84746852375],[-119.46339889499,49.84738510737],[-119.46369091276,49.84727773917],[-119.46397120139,49.84715400256],[-119.46420086475,49.84704543229],[-119.46444225462,49.84695322905],[-119.46472068281,49.84686980907],[-119.46498738197,49.84677002088],[-119.46521518502,49.84670176702],[-119.46546829863,49.84662592878],[-119.46569795509,49.84651735522],[-119.46600354358,49.84638602923],[-119.46642581063,49.84616009615],[-119.46676843324,49.8460375511],[-119.46702339358,49.84592139049],[-119.46710734661,49.84599564202],[-119.46728698222,49.84616051206],[-119.46923344325,49.84861917001],[-119.46910503214,49.8486974133],[-119.46908774673,49.8488020032],[-119.46918343953,49.84889262079],[-119.46894822322,49.84912216049],[-119.46859076308,49.84956726706],[-119.46613524556,49.8527484668],[-119.46479464587,49.8544821678],[-119.46439633426,49.85499912303],[-119.46431667074,49.85510251399],[-119.46382509394,49.855746811],[-119.46366576072,49.85595359252],[-119.46287592307,49.85656793013],[-119.46265607437,49.85673318923],[-119.46264248611,49.85675714093],[-119.4623059152,49.85701700464],[-119.46134624396,49.857523135],[-119.45984739727,49.85834977601],[-119.45841327503,49.85939557116],[-119.45793273378,49.8597979262],[-119.45717978663,49.86042101315],[-119.45658434143,49.86087764268],[-119.45646759651,49.86097224209],[-119.46337118202,49.86099242427],[-119.4641079194,49.86099046582],[-119.46432035702,49.8609864835],[-119.46438272944,49.86098768394],[-119.46545664906,49.86098413298],[-119.46589325623,49.8609925302],[-119.46696717585,49.86098896275],[-119.46757916798,49.86098458067],[-119.46871545977,49.86098219251],[-119.4689278969,49.86097820024],[-119.46938982416,49.86097899682],[-119.47221202587,49.86096855883],[-119.47221771057,49.86247799449],[-119.47001915381,49.86250040323],[-119.47001237324,49.86291998083],[-119.46973755067,49.86292277845],[-119.4697239835,49.86376193547],[-119.4697283108,49.86393958789],[-119.46934293528,49.86417433186],[-119.46923609259,49.86432563665],[-119.46923856551,49.86454361067],[-119.46924906847,49.86485859536],[-119.46571697053,49.86482301873],[-119.46435452505,49.86485330785],[-119.46172104909,49.86482680602],[-119.45973481905,49.86484500793],[-119.45897268866,49.86485451633],[-119.45870958297,49.86487365238],[-119.45777204761,49.86489590845],[-119.4532906906,49.86486576345],[-119.45316593466,49.86486334843],[-119.45224199355,49.86486160074],[-119.45191514912,49.86517812731],[-119.44969509385,49.86727403873],[-119.44966789525,49.86732194032],[-119.4486891014,49.86823117899],[-119.44701750191,49.86980497297],[-119.44578951716,49.87096764567],[-119.44315038131,49.87346697716],[-119.44297117886,49.87356035078],[-119.44254286459,49.87390717097],[-119.44173831206,49.87428702351],[-119.44110311065,49.87451680571],[-119.44040927171,49.8746647241],[-119.4392533457,49.87481170174],[-119.438621888,49.87496082408],[-119.43844977357,49.87463459672],[-119.43847236932,49.8741507323],[-119.4371447686,49.8742297622],[-119.43677670669,49.87328625584],[-119.43676498247,49.8732698835],[-119.43704134235,49.87296855278],[-119.4372360482,49.87281091882],[-119.43735475498,49.87267601653],[-119.43746362058,49.8724844202],[-119.43754903667,49.87226007951],[-119.43762084393,49.87205968845],[-119.43767715906,49.87192356867],[-119.43774896511,49.87172317775],[-119.43785970978,49.87149126001],[-119.43794135495,49.87134756294],[-119.43804790636,49.87093798702],[-119.43808077047,49.87076912346],[-119.4382107669,49.87039229222],[-119.43824362991,49.87022342893],[-119.43825116189,49.87006214321],[-119.43825869381,49.86990085757],[-119.43833614215,49.86957950357],[-119.43837276967,49.86932999807],[-119.43838030098,49.86916871284],[-119.43838783223,49.8690074277],[-119.43837944746,49.86865211395],[-119.43840058488,49.86846687977],[-119.43843344557,49.86829801755],[-119.43845269987,49.86815310474],[-119.43848179476,49.86806488497],[-119.43852637818,49.86791239478],[-119.43857096126,49.86775990466],[-119.43861742653,49.86756709352],[-119.4386774971,49.86735033321],[-119.43868126198,49.86726969113],[-119.43875117265,49.86710962376],[-119.43880747725,49.8669735057],[-119.43895337282,49.86679070573],[-119.43910114909,49.86656758472],[-119.43921983172,49.86643268313],[-119.43940465669,49.86621835595],[-119.43956227018,49.86605192717],[-119.43968094982,49.86591702527],[-119.43997880443,49.86568875798],[-119.44018706879,49.8655071729],[-119.44044598619,49.86531043169],[-119.4404985216,49.86525495506],[-119.44065800738,49.86504820433],[-119.44073586935,49.86498514967],[-119.44093240335,49.86478719209],[-119.44111533206,49.86461318363],[-119.44135079236,49.86438369803],[-119.44152011447,49.86423363845],[-119.44175369107,49.86404447283],[-119.44198726552,49.86385530677],[-119.44207872577,49.86376830187],[-119.44223631905,49.86360187024],[-119.44236858513,49.86344301681],[-119.44248912655,49.86326779221],[-119.4425960649,49.86311651704],[-119.44265047296,49.86302071918],[-119.44273396283,49.86283670192],[-119.44278040302,49.86264389214],[-119.44283856631,49.86246745346],[-119.44288500558,49.86227464389],[-119.44293144442,49.86208183442],[-119.44298163877,49.86180838436],[-119.44298915063,49.86164710303],[-119.44302386493,49.86143792303],[-119.44304497773,49.86125269254],[-119.44306045676,49.86118842291],[-119.4431711431,49.86095650775],[-119.44319834506,49.86090860903],[-119.44321194602,49.86088465967]]]]},"properties":{"a": "2.7413", "q": "0", "t": "DA", "dw": "396", "hh": "309", "id": "59350216", "pop": "963", "name": "59350216", "rgid": "5935", "rpid": "5935010", "ruid": "9150008.00", "rguid": "59915"}},{"type":"Feature","geometry":{"type":"MultiPolygon","coordinates":[[[[-119.42066518031,49.88945345937],[-119.42115435442,49.88914826728],[-119.42197871014,49.88862364329],[-119.42270166582,49.88812930921],[-119.42494645882,49.88662355682],[-119.42546280688,49.88627044841],[-119.42587587893,49.88598796004],[-119.42608241283,49.88584671532],[-119.42701783744,49.88534845379],[-119.42871727447,49.88454227838],[-119.42908756341,49.88437194946],[-119.42898998371,49.88432160486],[-119.4289665352,49.88428885707],[-119.4278928144,49.88347674772],[-119.42776574937,49.88325631087],[-119.4277245373,49.88306984576],[-119.42770677229,49.88291612869],[-119.42752759415,49.88167759609],[-119.42727798327,49.88167270027],[-119.4261293949,49.88165823594],[-119.42585444411,49.88166091118],[-119.42461811356,49.88165277883],[-119.42369379632,49.88165076297],[-119.42260761235,49.88163748383],[-119.42251004708,49.88158713329],[-119.42248660528,49.88155438427],[-119.42245144267,49.88150526074],[-119.42246375508,49.88044807084],[-119.41816602747,49.88046032816],[-119.41757908125,49.88045683076],[-119.41762155554,49.88008635615],[-119.4175781928,49.87968190189],[-119.41776348749,49.87972591462],[-119.4180853003,49.87978876173],[-119.41841883288,49.87986798271],[-119.41876598824,49.879923255],[-119.41910142545,49.87996215126],[-119.41936274415,49.87998344257],[-119.41970008406,49.87998201434],[-119.4199614032,49.88000330406],[-119.42059712268,49.88003196337],[-119.42095980304,49.88002295762],[-119.42117234317,49.88001906819],[-119.42128542324,49.88000514934],[-119.42152520307,49.87995336329],[-119.42177670243,49.87991795116],[-119.42215679949,49.87980434804],[-119.42239847603,49.87971223742],[-119.42255051366,49.87966679542],[-119.42278046807,49.87955830952],[-119.42316055903,49.87944470266],[-119.42332621349,49.87937531136],[-119.42355426639,49.87930714619],[-119.42381937838,49.87924778074],[-119.42407466607,49.87913171797],[-119.42429099549,49.87904717698],[-119.4245462806,49.87893111307],[-119.42482500635,49.8788477967],[-119.42510373096,49.87876447956],[-119.42520508508,49.87873418223],[-119.42550914656,49.87864328964],[-119.42558516172,49.87862056635],[-119.42585216189,49.87852087319],[-119.42603142485,49.87842752912],[-119.42620879182,49.87837450712],[-119.42629842268,49.87832783482],[-119.42662781668,49.87822936428],[-119.42694359296,49.87815484123],[-119.42704494422,49.87812454207],[-119.42723592452,49.8780475697],[-119.42751463882,49.87796424597],[-119.42762960487,49.87790999761],[-119.42793365489,49.87781909778],[-119.42826493402,49.87768029964],[-119.42835456104,49.87763362558],[-119.42860793311,49.877557874],[-119.42877357076,49.87748847399],[-119.42906589281,49.87738119728],[-119.42933287648,49.87728149511],[-119.42963691809,49.87719059022],[-119.42991562171,49.87710725994],[-119.43022155192,49.87697603107],[-119.4303754618,49.87689025518],[-119.43066777542,49.87678297393],[-119.43098542368,49.87666811609],[-119.4310750454,49.87662143972],[-119.43135563229,49.87649778333],[-119.4316362175,49.8763741262],[-119.43173756091,49.8763438224],[-119.43200453137,49.87624411335],[-119.432333895,49.87614562443],[-119.43253657952,49.87608501534],[-119.43281715836,49.87596135502],[-119.433109459,49.87585406687],[-119.43342898124,49.87569887939],[-119.43359460327,49.87562947172],[-119.43385172843,49.87547306297],[-119.43412057539,49.8753330264],[-119.43433686415,49.87524846446],[-119.43495621249,49.87482469188],[-119.43526588188,49.87461280436],[-119.43557554807,49.87440091603],[-119.43578387602,49.87421933472],[-119.43583642911,49.87416385886],[-119.43608181243,49.87399107259],[-119.43623758405,49.87386496652],[-119.43638163052,49.87372248784],[-119.43656461826,49.8735484824],[-119.43668521405,49.87337325871],[-119.43676498247,49.8732698835],[-119.43677670669,49.87328625584],[-119.4371447686,49.8742297622],[-119.43847236932,49.8741507323],[-119.43844977357,49.87463459672],[-119.438621888,49.87496082408],[-119.4392533457,49.87481170174],[-119.44040927171,49.8746647241],[-119.44110311065,49.87451680571],[-119.44173831206,49.87428702351],[-119.44160600865,49.87444588213],[-119.44069766647,49.87571160074],[-119.43987612655,49.87645434155],[-119.43970674809,49.87660440473],[-119.43913056192,49.8771743438],[-119.43900012173,49.87729287807],[-119.43906251814,49.87729409463],[-119.43722916088,49.87937316197],[-119.43713577113,49.87950048984],[-119.43715733893,49.87957355788],[-119.43731208439,49.88000438888],[-119.43737113679,49.88034456183],[-119.43737155734,49.88060287175],[-119.43736570202,49.88179740595],[-119.43736381762,49.88183772902],[-119.43738538705,49.8819107976],[-119.43739334523,49.88200781652],[-119.43745198012,49.88208968032],[-119.43772297193,49.88324118985],[-119.43773515976,49.88592134595],[-119.43771004852,49.88726082471],[-119.43772639137,49.88771318253],[-119.4376216777,49.8880824582],[-119.43754188267,49.88818583947],[-119.43752826937,49.88820979033],[-119.43713640842,49.888307083],[-119.43570927417,49.88863440129],[-119.43433280346,49.88894654535],[-119.43353732306,49.8891247306],[-119.43288028108,49.88928140034],[-119.43247478226,49.88940262514],[-119.43224668813,49.88947081338],[-119.43222134429,49.88947838982],[-119.43162481618,49.88967659636],[-119.43138310172,49.88976873285],[-119.43111604189,49.88986844494],[-119.4306696784,49.89006151295],[-119.43042795954,49.89015364721],[-119.42915314688,49.89069373553],[-119.42773795194,49.89129563488],[-119.42639875477,49.89187479018],[-119.42444739403,49.89271636743],[-119.42368317493,49.89302424896],[-119.42350384295,49.89311759352],[-119.42286634933,49.89338759759],[-119.42120920688,49.89408152514],[-119.42041768747,49.89443728106],[-119.41885013721,49.89508450169],[-119.41812290531,49.89540114519],[-119.41745999052,49.89567868938],[-119.41499793157,49.89542025005],[-119.41442440107,49.89539278529],[-119.41476731066,49.89501207703],[-119.41613507396,49.89356988576],[-119.41656953204,49.89310218386],[-119.4169241245,49.892737847],[-119.41730596361,49.89232561249],[-119.41751636752,49.89210373433],[-119.41884907564,49.89087071243],[-119.41911015773,49.89063368594],[-119.41977266998,49.89009781674],[-119.41976094774,49.89008144142],[-119.41986423566,49.8900108245],[-119.42052292548,49.88955559905],[-119.42066518031,49.88945345937]]]]},"properties":{"a": "1.7528", "q": "0", "t": "DA", "dw": "928", "hh": "886", "id": "59350217", "pop": "1553", "name": "59350217", "rgid": "5935", "rpid": "5935010", "ruid": "9150008.00", "rguid": "59915"}},{"type":"Feature","geometry":{"type":"MultiPolygon","coordinates":[[[[-119.43772297193,49.88324118985],[-119.43745198012,49.88208968032],[-119.43739334523,49.88200781652],[-119.43738538705,49.8819107976],[-119.43736381762,49.88183772902],[-119.43736570202,49.88179740595],[-119.43737155734,49.88060287175],[-119.43737113679,49.88034456183],[-119.43731208439,49.88000438888],[-119.43715733893,49.87957355788],[-119.43713577113,49.87950048984],[-119.43722916088,49.87937316197],[-119.43906251814,49.87729409463],[-119.43900012173,49.87729287807],[-119.43913056192,49.8771743438],[-119.43970674809,49.87660440473],[-119.43987612655,49.87645434155],[-119.44069766647,49.87571160074],[-119.44160600865,49.87444588213],[-119.44173831206,49.87428702351],[-119.44183400388,49.8743776758],[-119.4421210819,49.87464963227],[-119.44219144249,49.87474786291],[-119.44246913007,49.87522142977],[-119.44258640093,49.87538514741],[-119.4430925548,49.8760488104],[-119.44323749988,49.87642293259],[-119.44327126221,49.87677067667],[-119.44317789709,49.87689800911],[-119.44316474773,49.87718026661],[-119.44334020889,49.87716753648],[-119.44834927884,49.8771599197],[-119.44978627099,49.87714743167],[-119.44979238552,49.87728477063],[-119.44978177398,49.87885856846],[-119.44980510513,49.8818536874],[-119.44979948854,49.88197465735],[-119.44865088388,49.88196045579],[-119.44761348212,49.88197261492],[-119.44757786885,49.88273875828],[-119.44756710693,49.88323901097],[-119.44318323042,49.88321840626],[-119.43772297193,49.88324118985]]]]},"properties":{"a": "0.6147", "q": "0", "t": "DA", "dw": "508", "hh": "488", "id": "59350218", "pop": "883", "name": "59350218", "rgid": "5935", "rpid": "5935010", "ruid": "9150008.00", "rguid": "59915"}},{"type":"Feature","geometry":{"type":"MultiPolygon","coordinates":[[[[-119.38634465481,49.86597663152],[-119.38630761496,49.8659678176],[-119.38539139094,49.86580416292],[-119.38416716046,49.86555360434],[-119.38335036955,49.86539999685],[-119.38297021989,49.86525514798],[-119.38264469996,49.86527282858],[-119.38224905251,49.86545053431],[-119.381707115,49.86529435995],[-119.38144002475,49.86513563243],[-119.38098962026,49.86463420953],[-119.38090578478,49.86455987971],[-119.38049831112,49.86420460833],[-119.38037744049,49.86412146211],[-119.38027214857,49.86397405541],[-119.38023705143,49.86392491983],[-119.38020971286,49.86371450663],[-119.38027384141,49.8629005575],[-119.38018607044,49.86264857204],[-119.37997737623,49.86205514702],[-119.3799831955,49.86193418958],[-119.38012151549,49.8616544635],[-119.3802247387,49.86132560237],[-119.38023837646,49.86130166169],[-119.38009005769,49.86049152035],[-119.37993004707,49.85966500276],[-119.37967851973,49.85918372342],[-119.37965512483,49.85915096678],[-119.37932177934,49.85881332966],[-119.37667126176,49.85914742066],[-119.37610607203,49.85921675227],[-119.37501271832,49.85936422378],[-119.37458784292,49.85937180227],[-119.37428964715,49.85934157541],[-119.37372051818,49.85897494905],[-119.37317089621,49.85872171508],[-119.37275186719,49.85860833],[-119.37240105965,49.85863353662],[-119.37211847018,49.85879733569],[-119.37130967236,49.85951552034],[-119.37098224771,49.8598317719],[-119.37059829719,49.86028409846],[-119.37034297567,49.86040001484],[-119.36949904546,49.8605524655],[-119.36928465096,49.86059656183],[-119.36908194965,49.86065703735],[-119.36820876905,49.86089767405],[-119.36773124863,49.86096066012],[-119.36744473946,49.86094679218],[-119.36718552095,49.86088504573],[-119.36655599355,49.86073508729],[-119.36582316413,49.86065567793],[-119.36509421244,49.86075391792],[-119.3649928584,49.86078415144],[-119.36465176475,49.86086602946],[-119.36424630624,49.86124525367],[-119.36401817441,49.86182986298],[-119.36409610781,49.86202516297],[-119.36415456824,49.86210706464],[-119.36520305314,49.8631453417],[-119.3653491981,49.86347924232],[-119.36539779711,49.86453762499],[-119.36539971952,49.86475560149],[-119.36538994854,49.8649571978],[-119.36542496561,49.86552293144],[-119.36545604384,49.8664276023],[-119.36518307931,49.86690638354],[-119.36505050394,49.86706513503],[-119.36483020613,49.8672301814],[-119.36447540975,49.86733599971],[-119.36406214359,49.86735991356],[-119.36379897798,49.86737879598],[-119.36374829233,49.86739391243],[-119.36335841177,49.8674505847],[-119.36255912597,49.8677088222],[-119.36237976573,49.86780204712],[-119.36222379065,49.86792803354],[-119.36212823712,49.86809560471],[-119.36185321087,49.86887299868],[-119.36035802001,49.86880229674],[-119.35917473932,49.86873790835],[-119.35902463277,49.86874293101],[-119.35758014102,49.86865707282],[-119.35612200109,49.86859513139],[-119.35567364567,49.86856986513],[-119.35519994569,49.86855215288],[-119.35523688557,49.86881927798],[-119.35526999269,49.86890874294],[-119.35503215851,49.86892004594],[-119.3545994204,49.86883051731],[-119.35446296822,49.86881159527],[-119.35283516387,49.86889951711],[-119.35247453399,49.86886795193],[-119.35151752832,49.86851749321],[-119.35097566719,49.86836114794],[-119.35087625261,49.86835104824],[-119.35052731749,49.86833585825],[-119.34992886224,49.86831557531],[-119.34740057219,49.86817515599],[-119.34743577834,49.86796600517],[-119.34749661867,49.86723270385],[-119.34748690361,49.86717600201],[-119.34729428915,49.8665182426],[-119.34713082356,49.86603058923],[-119.34697510351,49.86563995699],[-119.34695173099,49.86560719184],[-119.34677841076,49.86532113417],[-119.34634982574,49.86489263646],[-119.34575993706,49.86367787169],[-119.34553397223,49.86344723938],[-119.34548723201,49.8633817089],[-119.34519889823,49.86314980024],[-119.34495730646,49.86298342159],[-119.3447097935,49.86293799815],[-119.34437259106,49.86293916931],[-119.34338237606,49.86301576013],[-119.34274499764,49.86302692244],[-119.34237274333,49.86297893797],[-119.34197712288,49.86289818607],[-119.3418426734,49.8628389284],[-119.34176861847,49.86282126724],[-119.34163812432,49.86268137233],[-119.3415315426,49.86179936297],[-119.34105594881,49.86182190142],[-119.3404946193,49.8618103924],[-119.34012435746,49.86172208129],[-119.33957292641,49.86150897552],[-119.33802202256,49.86079911682],[-119.33760901308,49.86056462691],[-119.33722927807,49.86016131206],[-119.33718255483,49.86009577839],[-119.33659258037,49.85939756052],[-119.33654585901,49.85933202672],[-119.33632195217,49.85906105891],[-119.33614278571,49.85889594257],[-119.33587393012,49.85877741279],[-119.33561477273,49.85871558364],[-119.33518791333,49.85876330979],[-119.33498517094,49.85882371467],[-119.33490914239,49.8588463664],[-119.33462243398,49.85909069353],[-119.33422045748,49.8596474469],[-119.33319981798,49.86110358011],[-119.33311782723,49.86124718493],[-119.33304950116,49.86136685563],[-119.33297323139,49.86164779892],[-119.33311046262,49.86291789982],[-119.33319397425,49.86325056422],[-119.3332541268,49.86355046077],[-119.33337092934,49.8637143016],[-119.33342933096,49.863796222],[-119.33365522981,49.86402688238],[-119.33391044766,49.8641693549],[-119.33397083598,49.86421095656],[-119.33507570212,49.86459691339],[-119.33534062615,49.86479608507],[-119.33543804474,49.86484651899],[-119.33556852466,49.86498642318],[-119.33576512888,49.86530526803],[-119.33597915067,49.865777837],[-119.33603932723,49.8660777345],[-119.33597255147,49.86667368498],[-119.33309573161,49.86625935895],[-119.33127339456,49.86598775322],[-119.32692130301,49.86535719203],[-119.3264379669,49.86528263805],[-119.32506800211,49.86495568045],[-119.32460033962,49.86481686577],[-119.32440353502,49.86475629481],[-119.32370404431,49.864507749],[-119.32314098464,49.8642781638],[-119.32282343053,49.86413437315],[-119.32209292561,49.86375602388],[-119.32182407875,49.86363745369],[-119.3214735049,49.8634041845],[-119.32009459862,49.86250386834],[-119.3199972044,49.86245341964],[-119.31995313917,49.86183097258],[-119.3199696665,49.85948241196],[-119.32000322625,49.85754588219],[-119.31997432708,49.85409866988],[-119.31996265486,49.85408228476],[-119.31996424046,49.85279085727],[-119.32117433938,49.85280784996],[-119.32147444532,49.85279792043],[-119.33441542726,49.85289548724],[-119.33456547897,49.85289050239],[-119.33493961633,49.85289819773],[-119.34178139526,49.85288531073],[-119.3422939039,49.85287159958],[-119.34229983271,49.85275064829],[-119.34229048202,49.85217737951],[-119.34222019571,49.84953657044],[-119.34220851591,49.84952018823],[-119.3422845232,49.8494975316],[-119.34256321588,49.84941445681],[-119.34275422079,49.84933765617],[-119.34303291144,49.8492545801],[-119.34321025944,49.84920171311],[-119.34327458547,49.84916267366],[-119.34336622175,49.8490757651],[-119.34342479224,49.8488993938],[-119.3434950423,49.84873940459],[-119.3435243271,49.848651219],[-119.34354785623,49.84842570188],[-119.34364541448,49.84821784384],[-119.34368637856,49.84814604032],[-119.34373129177,49.8479936039],[-119.34376452471,49.84782478561],[-119.3437801538,49.84776053471],[-119.34377242304,49.84766351997],[-119.34373162741,49.84747704312],[-119.34373557661,49.84739641039],[-119.34372011549,49.84720238118],[-119.34373574441,49.84713813042],[-119.34374561728,49.84693654887],[-119.34375351552,49.84677528373],[-119.34373213086,49.84670220371],[-119.34364264368,49.84649051624],[-119.34359987512,49.84634435632],[-119.34360974847,49.84614277534],[-119.34362932644,49.8459978925],[-119.34372292945,49.84587066843],[-119.34398991521,49.84577120883],[-119.34425689967,49.84567174855],[-119.34445956362,49.84561132735],[-119.34471091916,49.8455761164],[-119.34489992887,49.84553962873],[-119.34530130704,49.84549941557],[-119.34577670978,49.84547685789],[-119.34637680261,49.84545684831],[-119.34669050084,49.84542290746],[-119.34689118857,49.84540279743],[-119.34713283136,49.84531088276],[-119.34737644398,49.84517865141],[-119.34750507543,49.84510056814],[-119.34773897547,49.84491163856],[-119.3480566089,49.84479706126],[-119.3481462552,49.84475046565],[-119.34818720797,49.84467866113],[-119.34823407077,49.84448590847],[-119.34824392096,49.84428432834],[-119.34824589099,49.84424401233],[-119.34828881307,49.84413189191],[-119.34828107236,49.84403487876],[-119.34827727165,49.84385723373],[-119.34826179043,49.84366320764],[-119.34826967033,49.84350194399],[-119.34833018176,49.84328525735],[-119.34843938409,49.84309377942],[-119.34855829619,49.84295899841],[-119.34875319887,49.84280155623],[-119.3488564899,49.84273102554],[-119.34899679142,49.84266932202],[-119.34917410337,49.8426164455],[-119.3492617747,49.84261016502],[-119.34951113908,49.84261525797],[-119.34957348019,49.84261653111],[-119.34987350489,49.84260651529],[-119.35010922023,49.84263554162],[-119.35023390255,49.8426380871],[-119.35053195954,49.8426683851],[-119.3507676757,49.84269740985],[-119.35100339219,49.84272643405],[-119.35122742756,49.84273907692],[-119.35136379177,49.84275800173],[-119.35148847453,49.84276054561],[-119.35178653333,49.84279083982],[-119.35204758092,49.84281230703],[-119.35218394575,49.8428312307],[-119.35277034926,49.84283511754],[-119.35315804595,49.84281880801],[-119.35319505785,49.84282763369],[-119.35330805862,49.84281379475],[-119.35376202552,49.84271812178],[-119.35411663712,49.84261235123],[-119.35435824737,49.84252041971],[-119.35458817383,49.84241210729],[-119.35484342809,49.84229623912],[-119.35509868091,49.84218037033],[-119.35542795568,49.84208215057],[-119.35552927068,49.84205192889],[-119.35575526632,49.84202424559],[-119.35592088369,49.84195497685],[-119.35615080287,49.841846661],[-119.3564820343,49.84170812202],[-119.35678989681,49.84153682194],[-119.35701981137,49.84142850421],[-119.35710944017,49.84138190099],[-119.35728673614,49.84132901008],[-119.35760039388,49.84129503493],[-119.35782442347,49.84130766271],[-119.35806209725,49.84129635407],[-119.35837379414,49.84130269223],[-119.35852184083,49.84133798684],[-119.35907701819,49.84147033966],[-119.35918805409,49.84149680986],[-119.3594218107,49.8415661296],[-119.35966529389,49.84169214436],[-119.35979774134,49.84179168916],[-119.35987757526,49.84194666284],[-119.35993012335,49.84214950905],[-119.36000995846,49.84230448281],[-119.36015017709,49.84250103902],[-119.36016186204,49.8425174187],[-119.36020664369,49.84262325344],[-119.3602475092,49.84280972026],[-119.36019489427,49.84286514963],[-119.36003509023,49.84307175371],[-119.3599532291,49.84321537179],[-119.35998240892,49.84338545936],[-119.36001550589,49.84347491474],[-119.36015964518,49.84359083944],[-119.36036612837,49.84370803027],[-119.36059989954,49.84377734775],[-119.36088432919,49.84383155099],[-119.36105771597,49.84385928523],[-119.36135578978,49.84388955055],[-119.36178828021,49.84397904164],[-119.36202401182,49.84400803955],[-119.3621603852,49.84402694947],[-119.36240780363,49.844072326],[-119.36256755011,49.84412399436],[-119.36283638683,49.8442424451],[-119.36306820969,49.84435207315],[-119.36332536257,49.84445414319],[-119.36355914296,49.84452345382],[-119.36369356385,49.844582678],[-119.36381629813,49.84462552264],[-119.36392734559,49.84465198778],[-119.36415917367,49.84476161342],[-119.36448841,49.84492164018],[-119.36474556996,49.84502370672],[-119.36503584049,49.84521522686],[-119.3652520801,49.84538910387],[-119.36533584822,49.84546344203],[-119.36546636833,49.84560329705],[-119.3659417045,49.84609719929],[-119.36609365279,49.84631012886],[-119.36616378331,49.84640840401],[-119.3662826207,49.84653187922],[-119.36641509975,49.8466314168],[-119.36659628644,49.84675615416],[-119.36684177426,49.8468418367],[-119.36718858147,49.84689728446],[-119.36766008609,49.84695525443],[-119.36792116839,49.84697667983],[-119.36820758041,49.8469905457],[-119.36838098544,49.84701826734],[-119.36848035276,49.8470283486],[-119.36875117555,49.84710646755],[-119.36904342921,49.84725766043],[-119.3691291577,49.84729167898],[-119.3697701746,49.847716273],[-119.37002151859,49.84793927759],[-119.37022610305,49.84809676649],[-119.37030988568,49.84817110112],[-119.37041510144,49.8483185103],[-119.3705066788,49.84848985771],[-119.37062358694,49.84865364564],[-119.37070347497,49.84880861426],[-119.37079505461,49.84897996169],[-119.37100939042,49.84919414549],[-119.3711672198,49.84928611798],[-119.37144780643,49.84942092609],[-119.3717420337,49.84953179496],[-119.37205964599,49.84967542034],[-119.37239089901,49.84979510614],[-119.37247663555,49.84982912209],[-119.37272410027,49.84987447359],[-119.37297351159,49.84987950718],[-119.37327358355,49.84986941973],[-119.37341192717,49.84984799713],[-119.3736418444,49.84973963739],[-119.37386201317,49.84957458142],[-119.37404321288,49.84944102427],[-119.37437638984,49.84926210411],[-119.37456539015,49.84922555897],[-119.37475244585,49.84922933071],[-119.37495899893,49.84934649323],[-119.37506423437,49.84949389805],[-119.37519285648,49.84967405944],[-119.37526301447,49.84977232927],[-119.37542866141,49.84996130812],[-119.37550076404,49.85001926051],[-119.37564496991,49.85013516517],[-119.37574240319,49.85018555659],[-119.37596454363,49.85023846085],[-119.37626461749,49.85022836427],[-119.37653936129,49.85022582783],[-119.37672642172,49.85022959583],[-119.37681410506,49.85022329062],[-119.37687840078,49.85018422907],[-119.37695827452,49.85008091079],[-119.37705566782,49.84987301843],[-119.3770907075,49.84966387044],[-119.37710628522,49.84959961383],[-119.37707897219,49.84938921033],[-119.3770847982,49.84926825843],[-119.37706335301,49.84919518503],[-119.37684898567,49.84898101443],[-119.37679246089,49.84885880684],[-119.37681386549,49.84867359884],[-119.37677097678,49.84852745224],[-119.37675531983,49.84807514664],[-119.37677478195,49.84793025624],[-119.37685853586,49.84774630471],[-119.37721308897,49.84738216882],[-119.377283205,49.84722215636],[-119.3773669552,49.84703820485],[-119.37748966687,49.8468227531],[-119.3777214977,49.84667406803],[-119.37791436527,49.84655688294],[-119.37805269533,49.84653545407],[-119.37811504325,49.84653670914],[-119.37841508957,49.84652660612],[-119.37859825258,49.84661100438],[-119.37887444705,49.84668897252],[-119.37891273822,49.84670288753],[-119.37933262441,49.84675734121],[-119.37937029993,49.84681119188],[-119.37939713997,49.84686921452],[-119.37941276928,49.84706323786],[-119.37940307118,49.84726482306],[-119.37942259582,49.84729216776],[-119.37942275696,49.84729669679],[-119.37943623206,49.84733822243],[-119.37945766194,49.84742734553],[-119.37960003981,49.84755006371],[-119.37971709141,49.84766157771],[-119.3797324451,49.84768308044],[-119.37977728273,49.84778890818],[-119.37981228491,49.84783792819],[-119.37984046316,49.84789868901],[-119.37989034743,49.84803331902],[-119.37991179703,49.8481063915],[-119.37994688029,49.84815552447],[-119.37998309274,49.84820623872],[-119.37998878639,49.84821851574],[-119.38013466495,49.84837762774],[-119.38014639701,49.84838365245],[-119.38035419018,49.84851077813],[-119.38039121303,49.84851959375],[-119.3804282359,49.84852840936],[-119.38056417562,49.84853114238],[-119.38104535911,49.84855301535],[-119.38106344124,49.8485573208],[-119.38110046428,49.84856613616],[-119.38117257246,49.84862408411],[-119.38118998658,49.84868340167],[-119.38120183037,49.84874251233],[-119.38121304373,49.84880766845],[-119.38112394811,49.84896048513],[-119.38114375397,49.848986604],[-119.38116488784,49.84904363475],[-119.3811882782,49.84907638987],[-119.3813289868,49.84923087706],[-119.3813348118,49.84923855865],[-119.38140073087,49.84933086847],[-119.38141242622,49.84934724602],[-119.38149041855,49.84954252367],[-119.38155284083,49.84980205873],[-119.38163470984,49.84991670163],[-119.3817652995,49.8500565372],[-119.38203229308,49.85021525544],[-119.38231098473,49.85039035055],[-119.38240842677,49.85044073541],[-119.38265396952,49.8505263796],[-119.3829871965,49.85060571249],[-119.38312360139,49.85062459377],[-119.38320934854,49.85065860046],[-119.38337108263,49.85066991862],[-119.38366922221,49.85070011704],[-119.38380562772,49.85071899739],[-119.38407843913,49.85075675752],[-119.38441360561,49.85079576799],[-119.38474683817,49.85087509499],[-119.38505474323,49.85096198416],[-119.385374347,49.85106524957],[-119.38573097876,49.85117732767],[-119.38606421696,49.85125665031],[-119.38640915434,49.85135234892],[-119.38658065724,49.85142035667],[-119.38667617426,49.85151105528],[-119.38677952462,49.8516987665],[-119.38690820495,49.85187891397],[-119.38703302166,49.85213969716],[-119.38708958138,49.85226190026],[-119.38713444294,49.85236772635],[-119.3872007696,49.85254662448],[-119.38724756395,49.85261213265],[-119.38731775576,49.8527103949],[-119.38745234437,49.85302787339],[-119.38754400319,49.85319920776],[-119.38763373093,49.85341086022],[-119.38771562407,49.85352549951],[-119.38795540166,49.85373208576],[-119.38801582931,49.85377365272],[-119.38805285854,49.85378246562],[-119.38830626995,49.85396511005],[-119.38841542728,49.85403186659],[-119.38853435351,49.8541553182],[-119.38871564044,49.85428001811],[-119.38900994902,49.8543908372],[-119.38913273893,49.85443365173],[-119.38929255923,49.85448527856],[-119.38941534972,49.85452809274],[-119.38961027106,49.85462884977],[-119.38978963354,49.85479386621],[-119.38982087475,49.85492363348],[-119.38985018641,49.85509371915],[-119.38982099638,49.85518192051],[-119.38974307493,49.85524493269],[-119.38966515324,49.85530794483],[-119.38956383069,49.85533820308],[-119.38941377677,49.85534327186],[-119.38920136119,49.85534709238],[-119.38891488391,49.85533328723],[-119.38879016073,49.85533079067],[-119.3885036837,49.85531698432],[-119.38817824482,49.85533468262],[-119.38786643701,49.8553284386],[-119.38784110604,49.85533600271],[-119.38775341349,49.85534231786],[-119.3875118026,49.85543433554],[-119.38730528901,49.85557548428],[-119.38723906243,49.85565487178],[-119.38718453505,49.85575063648],[-119.3871261425,49.85592703804],[-119.38705604993,49.85608706241],[-119.38690996169,49.85626977851],[-119.38684373322,49.85634916594],[-119.38678727119,49.85648524916],[-119.38673080878,49.85662133241],[-119.3867250101,49.85674228799],[-119.3867485116,49.85703333139],[-119.38680121153,49.85723617396],[-119.38687924442,49.85743145274],[-119.38692411108,49.85753728084],[-119.38696511256,49.85772374631],[-119.38702951447,49.85794296663],[-119.38708221694,49.8581458097],[-119.3871485527,49.85832471149],[-119.38719342102,49.8584305398],[-119.38729679114,49.85861825504],[-119.38734166017,49.85872408338],[-119.38750739868,49.85891304782],[-119.38751909919,49.8589294252],[-119.38758930243,49.85902768942],[-119.38776867598,49.8591927121],[-119.38791101675,49.85934892143],[-119.38802018773,49.85941567967],[-119.38811765816,49.85946606047],[-119.38821706039,49.85947612223],[-119.38863807204,49.85954912281],[-119.38888561307,49.8595944352],[-119.388934349,49.8596196252],[-119.38925596036,49.85968256213],[-119.38954053779,49.85973668551],[-119.38982511596,49.85979080808],[-119.38992451939,49.85980086812],[-119.39022864301,49.85996838192],[-119.39035929382,49.86010821101],[-119.39038076833,49.86018128431],[-119.39040224291,49.86025435762],[-119.39042963133,49.86046476544],[-119.39042384299,49.86058572287],[-119.39041419569,49.86078731871],[-119.39033831897,49.86106830578],[-119.39026823013,49.86122833532],[-119.39014554243,49.8614438139],[-119.39007352236,49.86164416281],[-119.38982029905,49.86197810416],[-119.38973850434,49.86212175655],[-119.38967034164,49.86224146687],[-119.38954764778,49.86245694547],[-119.38943665498,49.86268880144],[-119.38939575632,49.86276062766],[-119.38932179965,49.86300129641],[-119.38928681082,49.86321045854],[-119.38928101873,49.86333141707],[-119.38928885982,49.86342843354],[-119.38934158047,49.86363127931],[-119.38945667615,49.86383537313],[-119.38963607817,49.86400039519],[-119.38992466849,49.86423217426],[-119.3901138473,49.86445389276],[-119.39016065984,49.86451940228],[-119.39037710723,49.86469323581],[-119.3904141468,49.86470204817],[-119.39036347424,49.86471717818],[-119.39028553555,49.86478019291],[-119.39001467831,49.86496042429],[-119.38994458158,49.86512045579],[-119.39006559769,49.86546188689],[-119.390071511,49.86559922388],[-119.38996630311,49.86571012336],[-119.38980064743,49.86577945519],[-119.38957261363,49.86584753891],[-119.38933480662,49.86585892469],[-119.38890167845,49.8649946587],[-119.38869682377,49.86457890354],[-119.3885309434,49.86413164197],[-119.38850526696,49.86336432174],[-119.38816386502,49.86267139915],[-119.38800594624,49.86257944961],[-119.38775838821,49.86253413453],[-119.38754400296,49.86257827095],[-119.38742709444,49.86267278895],[-119.3873589241,49.86279249791],[-119.38752500077,49.86375634872],[-119.38742386901,49.86430319602],[-119.38723115608,49.86493699856],[-119.38717296073,49.8656299986],[-119.38664677438,49.86592618288],[-119.38634465481,49.86597663152]]]]},"properties":{"a": "8.5495", "q": "0", "t": "DA", "dw": "860", "hh": "823", "id": "59350220", "pop": "2261", "name": "59350220", "rgid": "5935", "rpid": "5935010", "ruid": "9150004.00", "rguid": "59915"}},{"type":"Feature","geometry":{"type":"MultiPolygon","coordinates":[[[[-119.33084767315,49.88500517551],[-119.33085562932,49.88484388988],[-119.33079348974,49.87850579013],[-119.33075621519,49.8747029978],[-119.32601265501,49.87464552906],[-119.32007204516,49.87454690544],[-119.32002694066,49.86840307481],[-119.3199972044,49.86245341964],[-119.32009459862,49.86250386834],[-119.3214735049,49.8634041845],[-119.32182407875,49.86363745369],[-119.32209292561,49.86375602388],[-119.32282343053,49.86413437315],[-119.32314098464,49.8642781638],[-119.32370404431,49.864507749],[-119.32440353502,49.86475629481],[-119.32460033962,49.86481686577],[-119.32506800211,49.86495568045],[-119.3264379669,49.86528263805],[-119.32692130301,49.86535719203],[-119.33127339456,49.86598775322],[-119.33309573161,49.86625935895],[-119.33597255147,49.86667368498],[-119.33603932723,49.8660777345],[-119.33597915067,49.865777837],[-119.33576512888,49.86530526803],[-119.33556852466,49.86498642318],[-119.33543804474,49.86484651899],[-119.33534062615,49.86479608507],[-119.33507570212,49.86459691339],[-119.33397083598,49.86421095656],[-119.33391044766,49.8641693549],[-119.33365522981,49.86402688238],[-119.33342933096,49.863796222],[-119.33337092934,49.8637143016],[-119.3332541268,49.86355046077],[-119.33319397425,49.86325056422],[-119.33311046262,49.86291789982],[-119.33297323139,49.86164779892],[-119.33304950116,49.86136685563],[-119.33311782723,49.86124718493],[-119.33319981798,49.86110358011],[-119.33422045748,49.8596474469],[-119.33462243398,49.85909069353],[-119.33490914239,49.8588463664],[-119.33498517094,49.85882371467],[-119.33518791333,49.85876330979],[-119.33561477273,49.85871558364],[-119.33587393012,49.85877741279],[-119.33614278571,49.85889594257],[-119.33632195217,49.85906105891],[-119.33654585901,49.85933202672],[-119.33659258037,49.85939756052],[-119.33718255483,49.86009577839],[-119.33722927807,49.86016131206],[-119.33760901308,49.86056462691],[-119.33802202256,49.86079911682],[-119.33957292641,49.86150897552],[-119.34012435746,49.86172208129],[-119.3404946193,49.8618103924],[-119.34105594881,49.86182190142],[-119.3415315426,49.86179936297],[-119.34163812432,49.86268137233],[-119.34176861847,49.86282126724],[-119.3418426734,49.8628389284],[-119.34197712288,49.86289818607],[-119.34237274333,49.86297893797],[-119.34274499764,49.86302692244],[-119.34338237606,49.86301576013],[-119.34437259106,49.86293916931],[-119.3447097935,49.86293799815],[-119.34495730646,49.86298342159],[-119.34519889823,49.86314980024],[-119.34548723201,49.8633817089],[-119.34553397223,49.86344723938],[-119.34575993706,49.86367787169],[-119.34634982574,49.86489263646],[-119.34677841076,49.86532113417],[-119.34695173099,49.86560719184],[-119.34697510351,49.86563995699],[-119.34713082356,49.86603058923],[-119.34729428915,49.8665182426],[-119.34748690361,49.86717600201],[-119.34749661867,49.86723270385],[-119.34743577834,49.86796600517],[-119.34740057219,49.86817515599],[-119.34992886224,49.86831557531],[-119.34992492318,49.86839621421],[-119.34992098409,49.86847685313],[-119.34986622343,49.86883090084],[-119.34983286899,49.86925803341],[-119.34959503129,49.86926932328],[-119.34861044892,49.86948330967],[-119.34896279398,49.87045106937],[-119.34931909617,49.87133819137],[-119.34966372453,49.87220893221],[-119.35175383362,49.87186410833],[-119.35198543453,49.87274868124],[-119.35207502183,49.87296038062],[-119.35231866846,49.87308642745],[-119.35252527746,49.87320364686],[-119.35291129384,49.87322765676],[-119.35305945083,49.87326296354],[-119.35375730192,49.87355162852],[-119.35390546079,49.87358693407],[-119.35401658012,49.87361341309],[-119.35415304803,49.87363233607],[-119.35427782462,49.8736348767],[-119.35449033791,49.87363113135],[-119.35466581121,49.87361855947],[-119.35518250331,49.87352413961],[-119.3553462841,49.87349518447],[-119.35549640846,49.87349016733],[-119.3555958366,49.87350026253],[-119.35568160868,49.87353429594],[-119.35579272901,49.87356077295],[-119.35590384948,49.87358724984],[-119.35601497009,49.8736137266],[-119.35611439866,49.87362382129],[-119.35683967403,49.87360628404],[-119.35712823058,49.87357986314],[-119.35847723736,49.87409160461],[-119.35913228774,49.87423406456],[-119.36254031825,49.87427093828],[-119.3614305636,49.87603235856],[-119.35980208652,49.87767023879],[-119.34815986732,49.88074279638],[-119.34751827031,49.88083463266],[-119.34746756208,49.88084974144],[-119.34297595486,49.88200909917],[-119.34292524351,49.88202420568],[-119.34245715054,49.882143779],[-119.34238108297,49.88216643835],[-119.34235572709,49.88217399146],[-119.34224261441,49.88218781972],[-119.3406725094,49.88261577681],[-119.3406705301,49.8826560981],[-119.34028047296,49.88271268195],[-119.34009128818,49.88274916549],[-119.3377643834,49.88332300783],[-119.33566563719,49.88382883378],[-119.33365460204,49.88432834838],[-119.33155575392,49.88483408848],[-119.33084767315,49.88500517551]]]]},"properties":{"a": "4.2631", "q": "0", "t": "DA", "dw": "580", "hh": "538", "id": "59350221", "pop": "1555", "name": "59350221", "rgid": "5935", "rpid": "5935010", "ruid": "9150004.00", "rguid": "59915"}},{"type":"Feature","geometry":{"type":"MultiPolygon","coordinates":[[[[-119.37869045134,49.87893177043],[-119.37828489496,49.87905276761],[-119.37803142101,49.87912839003],[-119.37752058434,49.87936027605],[-119.3761030796,49.88000173078],[-119.37598803974,49.88005591934],[-119.37515545805,49.88048311895],[-119.37356047024,49.88169409195],[-119.37292477354,49.88192343995],[-119.37246652206,49.8820998582],[-119.37219350235,49.88180375033],[-119.37198093883,49.88154922287],[-119.37036827175,49.87976500401],[-119.36882983849,49.87799841167],[-119.36854517393,49.87768591726],[-119.36830733312,49.8769223311],[-119.36831515419,49.87650274045],[-119.36842436443,49.87605291186],[-119.36851016468,49.87582862842],[-119.36891379583,49.87497307745],[-119.36905420371,49.87413642431],[-119.36905421252,49.8738781201],[-119.36903472876,49.87350641418],[-119.36895480845,49.87309312728],[-119.36885538807,49.87282474233],[-119.36877936284,49.8725891183],[-119.36849669993,49.87197800681],[-119.36830566494,49.87153825912],[-119.36800352785,49.87081374744],[-119.36794504737,49.87073184556],[-119.36776960734,49.87048613985],[-119.36744991569,49.8701245094],[-119.36696842495,49.86975153275],[-119.36639726373,49.86942517059],[-119.36585728801,49.86922858686],[-119.36522763768,49.86907861553],[-119.3645940816,49.86900927991],[-119.36410867867,49.86897522984],[-119.36306184354,49.86892979682],[-119.36185321087,49.86887299868],[-119.36212823712,49.86809560471],[-119.36222379065,49.86792803354],[-119.36237976573,49.86780204712],[-119.36255912597,49.8677088222],[-119.36335841177,49.8674505847],[-119.36374829233,49.86739391243],[-119.36379897798,49.86737879598],[-119.36406214359,49.86735991356],[-119.36447540975,49.86733599971],[-119.36483020613,49.8672301814],[-119.36505050394,49.86706513503],[-119.36518307931,49.86690638354],[-119.36545604384,49.8664276023],[-119.36542496561,49.86552293144],[-119.36538994854,49.8649571978],[-119.36539971952,49.86475560149],[-119.36539779711,49.86453762499],[-119.3653491981,49.86347924232],[-119.36520305314,49.8631453417],[-119.36415456824,49.86210706464],[-119.36409610781,49.86202516297],[-119.36401817441,49.86182986298],[-119.36424630624,49.86124525367],[-119.36465176475,49.86086602946],[-119.3649928584,49.86078415144],[-119.36509421244,49.86075391792],[-119.36582316413,49.86065567793],[-119.36655599355,49.86073508729],[-119.36718552095,49.86088504573],[-119.36744473946,49.86094679218],[-119.36773124863,49.86096066012],[-119.36820876905,49.86089767405],[-119.36908194965,49.86065703735],[-119.36928465096,49.86059656183],[-119.36949904546,49.8605524655],[-119.37034297567,49.86040001484],[-119.37059829719,49.86028409846],[-119.37098224771,49.8598317719],[-119.37130967236,49.85951552034],[-119.37211847018,49.85879733569],[-119.37240105965,49.85863353662],[-119.37275186719,49.85860833],[-119.37317089621,49.85872171508],[-119.37372051818,49.85897494905],[-119.37428964715,49.85934157541],[-119.37458784292,49.85937180227],[-119.37501271832,49.85936422378],[-119.37610607203,49.85921675227],[-119.37667126176,49.85914742066],[-119.37932177934,49.85881332966],[-119.37965512483,49.85915096678],[-119.37967851973,49.85918372342],[-119.37993004707,49.85966500276],[-119.38009005769,49.86049152035],[-119.38023837646,49.86130166169],[-119.3802247387,49.86132560237],[-119.38012151549,49.8616544635],[-119.3799831955,49.86193418958],[-119.37997737623,49.86205514702],[-119.38018607044,49.86264857204],[-119.38027384141,49.8629005575],[-119.38020971286,49.86371450663],[-119.38023705143,49.86392491983],[-119.38027214857,49.86397405541],[-119.38037744049,49.86412146211],[-119.38049831112,49.86420460833],[-119.38090578478,49.86455987971],[-119.38098962026,49.86463420953],[-119.38144002475,49.86513563243],[-119.381707115,49.86529435995],[-119.38224905251,49.86545053431],[-119.38264469996,49.86527282858],[-119.38297021989,49.86525514798],[-119.38335036955,49.86539999685],[-119.38416716046,49.86555360434],[-119.38539139094,49.86580416292],[-119.38630761496,49.8659678176],[-119.38634465481,49.86597663152],[-119.38690626059,49.86650447349],[-119.38696477282,49.86658636288],[-119.38720472804,49.86705125821],[-119.38742117626,49.86722509979],[-119.38795543215,49.86754252405],[-119.38808416723,49.86772267999],[-119.38810757373,49.86775543561],[-119.38832050247,49.8687848133],[-119.38855855416,49.86929002925],[-119.38859571146,49.86955714248],[-119.38859423565,49.87063066557],[-119.38876412111,49.87125559761],[-119.38879162369,49.87172431601],[-119.38888139829,49.87193598109],[-119.38890480782,49.871968737],[-119.3894705097,49.87267423669],[-119.38958563134,49.87287833684],[-119.38963836558,49.87308118916],[-119.38960916232,49.87316939601],[-119.38954882452,49.87338613073],[-119.38935393314,49.87354367062],[-119.38850798512,49.87399491641],[-119.38802454637,49.87417896695],[-119.38780816802,49.87426342678],[-119.38771861081,49.87456836795],[-119.3873190295,49.87482674206],[-119.38721572384,49.87489732107],[-119.38714753261,49.87501703501],[-119.38710661768,49.87508886338],[-119.38710531203,49.87667902002],[-119.38709972081,49.87731659806],[-119.38712741801,49.87830194258],[-119.38688180323,49.87847460935],[-119.38605710519,49.87874061215],[-119.38540198364,49.87885663764],[-119.38488916548,49.87887057464],[-119.38470197395,49.87886682178],[-119.38332528168,49.87866162464],[-119.3826779053,49.87861634568],[-119.38261550858,49.87861509336],[-119.3821767932,49.87864664761],[-119.38152554027,49.87868200416],[-119.37987205616,49.87877793937],[-119.37904336974,49.87886621808],[-119.37869045134,49.87893177043]]]]},"properties":{"a": "2.9768", "q": "0", "t": "DA", "dw": "135", "hh": "129", "id": "59350223", "pop": "338", "name": "59350223", "rgid": "5935", "rpid": "5935010", "ruid": "9150004.00", "rguid": "59915"}},{"type":"Feature","geometry":{"type":"MultiPolygon","coordinates":[[[[-119.37032338435,49.89179995637],[-119.37171406521,49.89068980332],[-119.37247472039,49.89020465483],[-119.3728082347,49.89002571441],[-119.37377561702,49.88965774015],[-119.37380097173,49.88965017875],[-119.37440167117,49.88937167685],[-119.37474492819,49.88924943395],[-119.37498676649,49.88915743673],[-119.37531637014,49.88905913421],[-119.37560502331,49.88903265771],[-119.37579226031,49.889036428],[-119.37630520842,49.8890225379],[-119.37675185545,49.88908803487],[-119.3771029621,49.889321128],[-119.37725119788,49.88935640035],[-119.3774013775,49.88935134951],[-119.37740522097,49.8890123857],[-119.37857935086,49.88901985634],[-119.37856396437,49.89011739531],[-119.3785505196,49.89117461525],[-119.37855256394,49.89165093188],[-119.37859744652,49.89175677646],[-119.37873204361,49.89181598989],[-119.37910654359,49.8918235183],[-119.38074302605,49.8918321816],[-119.38397893035,49.89184061102],[-119.3840026028,49.89264833252],[-119.38087976336,49.89262603082],[-119.38087019264,49.89334429127],[-119.38087426986,49.89403861002],[-119.37897437005,49.89404887359],[-119.37819215236,49.89394434914],[-119.37614594972,49.89387896302],[-119.37613212032,49.89261129777],[-119.37554500424,49.89260754956],[-119.37489547053,49.89260254058],[-119.37427129342,49.89258996572],[-119.3739962662,49.8925924962],[-119.37359640358,49.89259250977],[-119.36932274991,49.89259507354],[-119.36937541621,49.89253962963],[-119.36956852287,49.89242244207],[-119.36959388007,49.89241488168],[-119.36989426704,49.8921464823],[-119.37032338435,49.89179995637]]]]},"properties":{"a": "0.2773", "q": "0", "t": "DA", "dw": "304", "hh": "296", "id": "59350224", "pop": "848", "name": "59350224", "rgid": "5935", "rpid": "5935010", "ruid": "9150017.00", "rguid": "59915"}},{"type":"Feature","geometry":{"type":"MultiPolygon","coordinates":[[[[-119.37857935086,49.88901985634],[-119.37974177519,49.88901093296],[-119.38077937413,49.88899948884],[-119.38111678933,49.88899819279],[-119.3819164446,49.88899810295],[-119.38390387512,49.88898147041],[-119.38535300772,49.88898630214],[-119.38685284445,49.88897598307],[-119.38686109719,49.89010628164],[-119.38687688141,49.89055865225],[-119.38685784716,49.89173684538],[-119.38687556639,49.89214889503],[-119.38686406298,49.89264915733],[-119.3852899648,49.89264184646],[-119.38461507481,49.89264446604],[-119.3840026028,49.89264833252],[-119.38397893035,49.89184061102],[-119.38074302605,49.8918321816],[-119.37910654359,49.8918235183],[-119.37873204361,49.89181598989],[-119.37859744652,49.89175677646],[-119.37855256394,49.89165093188],[-119.3785505196,49.89117461525],[-119.37856396437,49.89011739531],[-119.37857935086,49.88901985634]]]]},"properties":{"a": "0.2069", "q": "0", "t": "DA", "dw": "228", "hh": "213", "id": "59350225", "pop": "593", "name": "59350225", "rgid": "5935", "rpid": "5935010", "ruid": "9150017.00", "rguid": "59915"}},{"type":"Feature","geometry":{"type":"MultiPolygon","coordinates":[[[[-119.3840026028,49.89264833252],[-119.38461507481,49.89264446604],[-119.3852899648,49.89264184646],[-119.38686406298,49.89264915733],[-119.3868682414,49.89334347414],[-119.38687425125,49.89373914666],[-119.38687048546,49.89407811644],[-119.38687283281,49.89507108377],[-119.38686530089,49.8957490269],[-119.38536328084,49.89579967042],[-119.38233968979,49.8957874806],[-119.38234722163,49.89485121456],[-119.38085887739,49.89487784542],[-119.38087426986,49.89403861002],[-119.38087019264,49.89334429127],[-119.38087976336,49.89262603082],[-119.3840026028,49.89264833252]]]]},"properties":{"a": "0.1401", "q": "0", "t": "DA", "dw": "260", "hh": "248", "id": "59350226", "pop": "604", "name": "59350226", "rgid": "5935", "rpid": "5935010", "ruid": "9150017.00", "rguid": "59915"}},{"type":"Feature","geometry":{"type":"MultiPolygon","coordinates":[[[[-119.3868682414,49.89334347414],[-119.38686406298,49.89264915733],[-119.38687556639,49.89214889503],[-119.38685784716,49.89173684538],[-119.38687688141,49.89055865225],[-119.38686109719,49.89010628164],[-119.38685284445,49.88897598307],[-119.38860233094,49.8889706358],[-119.38973940033,49.88896915956],[-119.39121388426,49.88896633954],[-119.39203888981,49.88895860161],[-119.39283854427,49.88895842306],[-119.39282546712,49.89001564063],[-119.3928110229,49.89214646616],[-119.39203665929,49.89213907833],[-119.39117452541,49.89213800343],[-119.39121610274,49.89335777465],[-119.3868682414,49.89334347414]]]]},"properties":{"a": "0.1927", "q": "0", "t": "DA", "dw": "329", "hh": "319", "id": "59350227", "pop": "619", "name": "59350227", "rgid": "5935", "rpid": "5935010", "ruid": "9150007.00", "rguid": "59915"}},{"type":"Feature","geometry":{"type":"MultiPolygon","coordinates":[[[[-119.3868682414,49.89334347414],[-119.39121610274,49.89335777465],[-119.39117452541,49.89213800343],[-119.39203665929,49.89213907833],[-119.3928110229,49.89214646616],[-119.39282546712,49.89001564063],[-119.39283854427,49.88895842306],[-119.39368697238,49.88898342824],[-119.39371232302,49.88897586174],[-119.39389956142,49.88897959759],[-119.39538575764,49.88899309342],[-119.39551058339,49.88899558191],[-119.39557299627,49.88899682609],[-119.39566075944,49.88899050323],[-119.39588506073,49.88900304641],[-119.39612299986,49.88899164389],[-119.39674712896,49.88900408006],[-119.39687195483,49.88900656682],[-119.39708454368,49.88900272928],[-119.39714695662,49.88900397247],[-119.39742195838,49.88900137736],[-119.39810850101,49.88901504787],[-119.398170914,49.88901629041],[-119.399582986,49.8890121025],[-119.3995426274,49.88985889407],[-119.39936343612,49.89021051234],[-119.39908668403,49.8905117554],[-119.39850764026,49.89086348838],[-119.39822301001,49.89106770454],[-119.39814311008,49.89117105492],[-119.39799694641,49.89135380995],[-119.39789956075,49.89156175326],[-119.39784535494,49.89217417669],[-119.39594747115,49.89214444395],[-119.39438510342,49.89215365677],[-119.3943576999,49.89534173596],[-119.39350721203,49.89535706012],[-119.39275814253,49.89534211126],[-119.39118394015,49.89533489455],[-119.39048365114,49.8953451204],[-119.3898964947,49.89534145773],[-119.38925862761,49.89535292264],[-119.38904600517,49.89535674336],[-119.38868124972,49.89540595603],[-119.38831456024,49.8954954914],[-119.38808635905,49.89556357876],[-119.3876299544,49.89569975195],[-119.38722812732,49.89574014494],[-119.38686530089,49.8957490269],[-119.38687283281,49.89507108377],[-119.38687048546,49.89407811644],[-119.38687425125,49.89373914666],[-119.3868682414,49.89334347414]]]]},"properties":{"a": "0.3049", "q": "0", "t": "DA", "dw": "577", "hh": "532", "id": "59350228", "pop": "951", "name": "59350228", "rgid": "5935", "rpid": "5935010", "ruid": "9150007.00", "rguid": "59915"}},{"type":"Feature","geometry":{"type":"MultiPolygon","coordinates":[[[[-119.37464635287,49.89802230409],[-119.37472816438,49.89684534487],[-119.37478472183,49.89670924933],[-119.37506172278,49.89666639266],[-119.37701051718,49.89668140367],[-119.37700460188,49.89628572648],[-119.37704158425,49.89577789657],[-119.38233968979,49.8957874806],[-119.38536328084,49.89579967042],[-119.38686530089,49.8957490269],[-119.38686927326,49.89592670271],[-119.38687345211,49.89662102748],[-119.38685075169,49.89839654634],[-119.38684892003,49.89869519717],[-119.38682601154,49.89995407311],[-119.38682407671,49.89999439776],[-119.38683039599,49.90116506471],[-119.38682887291,49.90223870658],[-119.38684079155,49.90277174647],[-119.3868255177,49.90361100844],[-119.38552609975,49.90360113466],[-119.38405109016,49.90360386963],[-119.38402564339,49.90335310318],[-119.38395141244,49.90307714066],[-119.38393961599,49.90280242998],[-119.38392183694,49.90213203469],[-119.38392545841,49.90127639728],[-119.38389420057,49.90114660707],[-119.38344353465,49.90116178922],[-119.38057766324,49.9014998433],[-119.37996117556,49.90158433425],[-119.37867747001,49.90176843061],[-119.3770152306,49.90176729522],[-119.37701299743,49.89999932022],[-119.37701883081,49.89987834688],[-119.37700683449,49.89805367851],[-119.37589487275,49.89804744557],[-119.37508333465,49.89803110541],[-119.37464635287,49.89802230409]]]]},"properties":{"a": "0.5228", "q": "0", "t": "DA", "dw": "414", "hh": "403", "id": "59350229", "pop": "1162", "name": "59350229", "rgid": "5935", "rpid": "5935010", "ruid": "9150017.00", "rguid": "59915"}},{"type":"Feature","geometry":{"type":"MultiPolygon","coordinates":[[[[-119.3777514011,49.90542294162],[-119.37776880494,49.90454335063],[-119.37777449867,49.90364738124],[-119.3770350482,49.90368901842],[-119.37619803528,49.90368024972],[-119.37621547164,49.90280066436],[-119.37615105712,49.90258140252],[-119.37594419845,49.90220589083],[-119.37592078202,49.90217312837],[-119.37592853014,49.90175350004],[-119.3770152306,49.90176729522],[-119.37867747001,49.90176843061],[-119.37996117556,49.90158433425],[-119.38057766324,49.9014998433],[-119.38344353465,49.90116178922],[-119.38389420057,49.90114660707],[-119.38392545841,49.90127639728],[-119.38392183694,49.90213203469],[-119.38393961599,49.90280242998],[-119.38395141244,49.90307714066],[-119.38402564339,49.90335310318],[-119.38405109016,49.90360386963],[-119.38328822371,49.90361279305],[-119.38328265024,49.90450876264],[-119.38330050066,49.90543749612],[-119.381413726,49.90542386238],[-119.3812010507,49.90542766629],[-119.37968890124,49.90542151887],[-119.37836406415,49.90541911385],[-119.3777514011,49.90542294162]]]]},"properties":{"a": "0.2108", "q": "0", "t": "DA", "dw": "332", "hh": "318", "id": "59350230", "pop": "935", "name": "59350230", "rgid": "5935", "rpid": "5935010", "ruid": "9150017.00", "rguid": "59915"}},{"type":"Feature","geometry":{"type":"MultiPolygon","coordinates":[[[[-119.36989598585,49.90915582585],[-119.36991942844,49.90712190989],[-119.36990967643,49.90680686836],[-119.36992725541,49.90541060884],[-119.37245205396,49.90541311034],[-119.3727642396,49.90541940431],[-119.37318959163,49.90541183247],[-119.37352714187,49.90541056236],[-119.3754139133,49.9054243472],[-119.3777514011,49.90542294162],[-119.37836406415,49.90541911385],[-119.37968890124,49.90542151887],[-119.3812010507,49.90542766629],[-119.381413726,49.90542386238],[-119.38330050066,49.90543749612],[-119.38328265024,49.90450876264],[-119.38328822371,49.90361279305],[-119.38405109016,49.90360386963],[-119.38552609975,49.90360113466],[-119.3868255177,49.90361100844],[-119.38680443803,49.90457124873],[-119.38680281135,49.9053865707],[-119.38681258971,49.90544327623],[-119.38679364945,49.9068798645],[-119.38678794658,49.90725917553],[-119.38679202247,49.90769519305],[-119.38676706932,49.90873609879],[-119.38677114514,49.90917211856],[-119.38462077394,49.909177492],[-119.38400805541,49.90918135874],[-119.38108300051,49.90917919744],[-119.3796585217,49.90916673908],[-119.37860870173,49.90916179087],[-119.37830819789,49.9091718967],[-119.37282103847,49.90915831939],[-119.36989598585,49.90915582585]]]]},"properties":{"a": "0.5569", "q": "0", "t": "DA", "dw": "365", "hh": "349", "id": "59350231", "pop": "1057", "name": "59350231", "rgid": "5935", "rpid": "5935010", "ruid": "9150017.00", "rguid": "59915"}},{"type":"Feature","geometry":{"type":"MultiPolygon","coordinates":[[[[-119.38233968979,49.8957874806],[-119.37704158425,49.89577789657],[-119.37700460188,49.89628572648],[-119.37701051718,49.89668140367],[-119.37506172278,49.89666639266],[-119.37478472183,49.89670924933],[-119.37472816438,49.89684534487],[-119.37464635287,49.89802230409],[-119.37418401147,49.89802106256],[-119.37399868099,49.89797696498],[-119.37389137777,49.89786985807],[-119.37381332981,49.89767454132],[-119.37356748458,49.89707221031],[-119.37316752722,49.89629724798],[-119.37290611336,49.89601750858],[-119.37268762636,49.89588394134],[-119.37245158958,49.89585496371],[-119.37166350556,49.89587135806],[-119.37145087881,49.89587514078],[-119.37117192942,49.89595831094],[-119.37112121122,49.89597343271],[-119.37098856501,49.89613220836],[-119.37098271441,49.89625317976],[-119.37099246877,49.89630988505],[-119.37117974762,49.89683031344],[-119.37116999737,49.89703193298],[-119.37107246249,49.89723985386],[-119.37087543674,49.89743769428],[-119.37072132573,49.89752338326],[-119.37061988511,49.89755362646],[-119.3704677239,49.89759899108],[-119.36968935852,49.89767207533],[-119.36905339299,49.89790141116],[-119.36879003404,49.89792030895],[-119.36865347871,49.89790140465],[-119.36850521948,49.8978661183],[-119.36758839111,49.89718562876],[-119.36757668766,49.89716924682],[-119.36732898307,49.89660722509],[-119.36720804377,49.89652405325],[-119.36704613362,49.8965127067],[-119.3668452061,49.89653286145],[-119.36637701748,49.89665255459],[-119.36483197215,49.897073359],[-119.36430330394,49.89715145498],[-119.364343131,49.89169517851],[-119.36428877382,49.88998270627],[-119.36432782555,49.88969288792],[-119.36524456379,49.8893401158],[-119.36603450764,49.88902513257],[-119.36729837673,49.88872780089],[-119.36734908739,49.88871268147],[-119.36801611819,49.88861315353],[-119.36946913855,49.88853757373],[-119.3697889954,49.88864090337],[-119.36995672471,49.88878959445],[-119.3703272937,49.88913611942],[-119.37039750743,49.88923440632],[-119.370409208,49.89080069966],[-119.37020050398,49.89149879262],[-119.37020440389,49.89167646646],[-119.37032338435,49.89179995637],[-119.36989426704,49.8921464823],[-119.36959388007,49.89241488168],[-119.36956852287,49.89242244207],[-119.36937541621,49.89253962963],[-119.36932274991,49.89259507354],[-119.37359640358,49.89259250977],[-119.3739962662,49.8925924962],[-119.37427129342,49.89258996572],[-119.37489547053,49.89260254058],[-119.37554500424,49.89260754956],[-119.37613212032,49.89261129777],[-119.37614594972,49.89387896302],[-119.37819215236,49.89394434914],[-119.37897437005,49.89404887359],[-119.38087426986,49.89403861002],[-119.38085887739,49.89487784542],[-119.38234722163,49.89485121456],[-119.38233968979,49.8957874806]]]]},"properties":{"a": "0.6751", "q": "0", "t": "DA", "dw": "287", "hh": "275", "id": "59350233", "pop": "782", "name": "59350233", "rgid": "5935", "rpid": "5935010", "ruid": "9150017.00", "rguid": "59915"}},{"type":"Feature","geometry":{"type":"MultiPolygon","coordinates":[[[[-119.40705573233,49.89214724175],[-119.4077169807,49.89216841543],[-119.40876636992,49.8921730531],[-119.40996594529,49.89217257903],[-119.41015319973,49.89217628401],[-119.41025268648,49.89218632465],[-119.41108947242,49.89219480357],[-119.41127672707,49.89219850641],[-119.41255235058,49.89217528745],[-119.41255860758,49.89257095675],[-119.41260357875,49.89267678616],[-119.41276002515,49.89306735132],[-119.41281099069,49.89331052976],[-119.41281915938,49.89366587635],[-119.41279296497,49.89474706194],[-119.41278559465,49.89516668282],[-119.41278776991,49.89538468172],[-119.41110043666,49.89539169326],[-119.40992611893,49.89538461031],[-119.4094267349,49.89537472831],[-119.40872644979,49.89538508391],[-119.40712689089,49.89538569263],[-119.4071030642,49.8927293913],[-119.40705573233,49.89214724175]]]]},"properties":{"a": "0.1447", "q": "0", "t": "DA", "dw": "226", "hh": "218", "id": "59350241", "pop": "549", "name": "59350241", "rgid": "5935", "rpid": "5935010", "ruid": "9150007.00", "rguid": "59915"}},{"type":"Feature","geometry":{"type":"MultiPolygon","coordinates":[[[[-119.39794306515,49.89536474252],[-119.39930464827,49.89537569403],[-119.40000493559,49.89536540545],[-119.40096662962,49.89537645318],[-119.40189125446,49.89537868255],[-119.40269103381,49.89537842397],[-119.40367808162,49.89538187622],[-119.4054278386,49.89537622984],[-119.40558975484,49.89538751323],[-119.40712689089,49.89538569263],[-119.40872644979,49.89538508391],[-119.4094267349,49.89537472831],[-119.40992611893,49.89538461031],[-119.41110043666,49.89539169326],[-119.41278776991,49.89538468172],[-119.41352512618,49.89538310183],[-119.41423713158,49.89538908839],[-119.41442440107,49.89539278529],[-119.41409511459,49.8957495446],[-119.41238426044,49.89757242259],[-119.40922330156,49.9009811154],[-119.40894654922,49.90128239752],[-119.40877288778,49.90125474214],[-119.4082382702,49.9011957221],[-119.40675162835,49.90118241971],[-119.40660140911,49.90118751553],[-119.40601416775,49.90118394891],[-119.40410222476,49.90117832002],[-119.40321454448,49.90118492002],[-119.40235222049,49.90118394297],[-119.4022644323,49.90119027206],[-119.40099044406,49.90117303337],[-119.40031541494,49.90117576064],[-119.40000325734,49.9011695541],[-119.3982786102,49.9011675362],[-119.39825692542,49.90083612557],[-119.39794232826,49.90009525312],[-119.39793445974,49.89999822488],[-119.39794304237,49.89824663978],[-119.39796560929,49.89698776879],[-119.39797872943,49.89618884887],[-119.39794306515,49.89536474252]]]]},"properties":{"a": "0.6375", "q": "0", "t": "DA", "dw": "234", "hh": "225", "id": "59350242", "pop": "651", "name": "59350242", "rgid": "5935", "rpid": "5935010", "ruid": "9150016.00", "rguid": "59915"}},{"type":"Feature","geometry":{"type":"MultiPolygon","coordinates":[[[[-119.47438408259,49.8574346296],[-119.47581299511,49.85758304379],[-119.47623598766,49.85761534861],[-119.47723387044,49.85763442987],[-119.47776986409,49.85765274595],[-119.47916727098,49.85767137102],[-119.48158972082,49.85766110481],[-119.48251350129,49.8576625769],[-119.48356201769,49.8576664169],[-119.48539783996,49.85765294973],[-119.48538459411,49.85849209337],[-119.48540512242,49.85886375608],[-119.48538236541,49.85908931482],[-119.48539482692,49.85936397096],[-119.48539004005,49.85974322413],[-119.48538892571,49.86004183601],[-119.4853933203,49.86021948542],[-119.48539771493,49.86039713494],[-119.48538413871,49.86042109009],[-119.48539915899,49.86091371834],[-119.48422581386,49.86090752227],[-119.48357676858,49.86090323075],[-119.48083052609,49.86089123017],[-119.47993199057,49.86088215431],[-119.47812134011,49.86088793216],[-119.47676087898,49.86087807175],[-119.4761235713,49.86089009792],[-119.47568696312,49.86088174609],[-119.47430118433,49.86087943854],[-119.47431769904,49.85970135698],[-119.47434790552,49.85931451793],[-119.47434975262,49.85927419735],[-119.47437800015,49.8581124894],[-119.47436561261,49.85783783308],[-119.47438408259,49.8574346296]]]]},"properties":{"a": "0.2876", "q": "0", "t": "DA", "dw": "962", "hh": "903", "id": "59350247", "pop": "1665", "name": "59350247", "rgid": "5935", "rpid": "5935010", "ruid": "9150010.01", "rguid": "59915"}},{"type":"Feature","geometry":{"type":"MultiPolygon","coordinates":[[[[-119.48318428823,49.82296363215],[-119.48492911893,49.82299689035],[-119.48866547801,49.82285011188],[-119.48873081111,49.82525625481],[-119.48872056443,49.82575641102],[-119.48871655437,49.8263938801],[-119.48870081249,49.82701498713],[-119.4887169496,49.82720897929],[-119.48870635508,49.82826597945],[-119.48868803853,49.82866914432],[-119.48868952278,49.82918567014],[-119.48868734363,49.82978283023],[-119.48869031224,49.83081588684],[-119.4886268948,49.83111328352],[-119.48847585045,49.83141708486],[-119.4882272766,49.83167060972],[-119.48764249196,49.83218406189],[-119.48732094543,49.83212145267],[-119.48702286481,49.83209157038],[-119.4832171118,49.83209978767],[-119.48323180918,49.83177725266],[-119.48324396121,49.83123676966],[-119.48324734853,49.83034102561],[-119.48324776961,49.82978418104],[-119.48324422978,49.82849286534],[-119.48173305555,49.82852860235],[-119.48173603403,49.82818970722],[-119.48159642463,49.82769475634],[-119.48155635615,49.82583783638],[-119.48189508809,49.82579587933],[-119.48319207097,49.82580447922],[-119.48319758175,49.82568353122],[-119.48317892685,49.82527159541],[-119.48317680445,49.82449681758],[-119.48316366094,49.82396393622],[-119.48318428823,49.82296363215]]]]},"properties":{"a": "0.4333", "q": "0", "t": "DA", "dw": "307", "hh": "301", "id": "59350248", "pop": "875", "name": "59350248", "rgid": "5935", "rpid": "5935010", "ruid": "9150002.00", "rguid": "59915"}},{"type":"Feature","geometry":{"type":"MultiPolygon","coordinates":[[[[-119.46918343953,49.84889262079],[-119.46908774673,49.8488020032],[-119.46910503214,49.8486974133],[-119.46923344325,49.84861917001],[-119.46728698222,49.84616051206],[-119.46710734661,49.84599564202],[-119.46702339358,49.84592139049],[-119.46726662395,49.84578886215],[-119.46758578375,49.84563358017],[-119.46781542907,49.84552500205],[-119.46793025128,49.8454707128],[-119.46826113488,49.84533179582],[-119.46855497752,49.84518409548],[-119.4688858567,49.84504517655],[-119.4691408049,49.84492901086],[-119.46937044219,49.84482042937],[-119.46982971313,49.8446032649],[-119.46994453011,49.84454897348],[-119.47021120155,49.84444917194],[-119.47045256271,49.84435695479],[-119.47069392278,49.84426473708],[-119.47096059057,49.84416493361],[-119.4711649101,49.84406393342],[-119.4714433051,49.84398049526],[-119.47167293101,49.84387190876],[-119.4719142855,49.84377968821],[-119.47244575931,49.84362039263],[-119.47267353253,49.84355212224],[-119.472901305,49.84348385135],[-119.47316611483,49.84342436048],[-119.47344080689,49.84342155347],[-119.47369203812,49.84338601326],[-119.47403092259,49.84334408072],[-119.47429572988,49.84328458683],[-119.47466176651,49.84319474778],[-119.47475126572,49.84314803714],[-119.47509383843,49.84302546438],[-119.47519506765,49.84299511939],[-119.47551233062,49.8428801315],[-119.47576540172,49.84280426779],[-119.47608266162,49.84268927813],[-119.47638634416,49.8425982399],[-119.47671348804,49.84253993238],[-119.47703878729,49.84252194204],[-119.47737581785,49.84252031636],[-119.47761346534,49.84250871878],[-119.4778628445,49.8425134863],[-119.47813753016,49.84251066618],[-119.47849986696,49.84250144964],[-119.47876282035,49.84248226218],[-119.47903934748,49.84243912126],[-119.47934118019,49.84238839227],[-119.47958066758,49.84233647166],[-119.47980658087,49.84230850334],[-119.47988249887,49.84228574102],[-119.48007137314,49.84224899412],[-119.48036147047,49.84218189664],[-119.48047442647,49.84216791166],[-119.48073921686,49.84210840067],[-119.4810175792,49.84202493599],[-119.48122186341,49.84192391567],[-119.48148849047,49.84182408447],[-119.48180756581,49.84166875852],[-119.48189705358,49.84162204163],[-119.48225132555,49.84151580973],[-119.48220211863,49.84204753503],[-119.48206709844,49.84254534187],[-119.48172778696,49.84314417159],[-119.48150072828,49.84347073888],[-119.48067021984,49.84471392479],[-119.48013461883,49.84551077695],[-119.48123160095,49.84553978515],[-119.48252736784,49.84558871318],[-119.48280207372,49.84558588],[-119.48311382174,49.84559182292],[-119.48484604066,49.84564903884],[-119.48509543969,49.84565378807],[-119.48525718193,49.84566493851],[-119.487638213,49.84572638547],[-119.48740018472,49.84629488319],[-119.48675979405,49.84720277205],[-119.48662775166,49.84736167606],[-119.48654815882,49.84746508225],[-119.48634898532,49.8480020373],[-119.48617951206,49.84870904593],[-119.48629833623,49.84938925874],[-119.48660863261,49.85025067522],[-119.48590986078,49.85051986041],[-119.48557899507,49.85065883928],[-119.48517219638,49.85082058425],[-119.48382338963,49.85138407283],[-119.48281900736,49.8517846209],[-119.48261651675,49.85184532836],[-119.48230104346,49.85192002309],[-119.48183553886,49.85199992652],[-119.48144780744,49.85201674377],[-119.48051425898,49.85195857615],[-119.48039138145,49.8519158761],[-119.47892492124,49.85150046917],[-119.47681513404,49.85095974661],[-119.476544081,49.85088192424],[-119.47393116041,49.85015395472],[-119.47125597723,49.84942472167],[-119.47120720301,49.84939957336],[-119.46957299782,49.84883553304],[-119.46946989867,49.84890619188],[-119.46930629639,49.84893533438],[-119.46918343953,49.84889262079]]]]},"properties":{"a": "0.9893", "q": "0", "t": "DA", "dw": "786", "hh": "629", "id": "59350249", "pop": "1272", "name": "59350249", "rgid": "5935", "rpid": "5935010", "ruid": "9150010.02", "rguid": "59915"}},{"type":"Feature","geometry":{"type":"MultiPolygon","coordinates":[[[[-119.39852023636,49.89217146643],[-119.39999483458,49.89216851486],[-119.40073213361,49.8921670308],[-119.40109492541,49.89215809786],[-119.40235691831,49.89215895715],[-119.40535681396,49.89213777784],[-119.40588150802,49.89214011065],[-119.40705573233,49.89214724175],[-119.4071030642,49.8927293913],[-119.40712689089,49.89538569263],[-119.40558975484,49.89538751323],[-119.4054278386,49.89537622984],[-119.40367808162,49.89538187622],[-119.40269103381,49.89537842397],[-119.40189125446,49.89537868255],[-119.40096662962,49.89537645318],[-119.40000493559,49.89536540545],[-119.39930464827,49.89537569403],[-119.39794306515,49.89536474252],[-119.39791159491,49.89497663618],[-119.39778448338,49.89449782894],[-119.39831113044,49.89445987803],[-119.39842618119,49.89440566065],[-119.39850765708,49.89374534025],[-119.39852023636,49.89217146643]]]]},"properties":{"a": "0.2261", "q": "0", "t": "DA", "dw": "744", "hh": "721", "id": "59350250", "pop": "1330", "name": "59350250", "rgid": "5935", "rpid": "5935010", "ruid": "9150007.00", "rguid": "59915"}},{"type":"Feature","geometry":{"type":"MultiPolygon","coordinates":[[[[-119.44652960576,49.90850140142],[-119.44683807338,49.90858811466],[-119.44771277817,49.90886341065],[-119.44852080927,49.90895980702],[-119.44879406688,49.90899739532],[-119.44919221485,49.90903740347],[-119.4493405836,49.90907256968],[-119.44951243164,49.90914048141],[-119.44996928033,49.90926235079],[-119.45036368622,49.90938300861],[-119.45054915001,49.90942696418],[-119.45041489463,49.90962618142],[-119.45026702491,49.90984935305],[-119.4497708254,49.91057435806],[-119.44916569499,49.91149099782],[-119.44802905679,49.91308351988],[-119.44782857476,49.91336218053],[-119.44725246866,49.91419058068],[-119.44603397666,49.91592682188],[-119.44588558598,49.91589164985],[-119.44558880539,49.91582130513],[-119.44523144902,49.91570941876],[-119.44512015709,49.91568303887],[-119.4449600285,49.9156314917],[-119.44441719056,49.91547563542],[-119.4438489991,49.91532735634],[-119.44349165176,49.91521546385],[-119.44280043999,49.91502442312],[-119.44045732246,49.91433300578],[-119.44066206611,49.91423204415],[-119.4423079549,49.91352136632],[-119.44285970591,49.91321725532],[-119.44315788589,49.91298894062],[-119.44335463793,49.91279094493],[-119.44362699585,49.91231187028],[-119.4438293807,49.91199289176],[-119.44407215119,49.91134371408],[-119.4441266197,49.91124789923],[-119.44457033923,49.91057840858],[-119.44472810202,49.91041194567],[-119.44496756116,49.91010176022],[-119.44543520214,49.90972335141],[-119.44556572675,49.90960479517],[-119.44589109635,49.90932856757],[-119.44620472339,49.9090359659],[-119.44652960576,49.90850140142]]]]},"properties":{"a": "0.2649", "q": "0", "t": "DA", "dw": "719", "hh": "693", "id": "59350253", "pop": "1144", "name": "59350253", "rgid": "5935", "rpid": "5935010", "ruid": "9150019.02", "rguid": "59915"}},{"type":"Feature","geometry":{"type":"MultiPolygon","coordinates":[[[[-119.45090950439,49.90112726031],[-119.45329556806,49.90114922468],[-119.45380864082,49.90113493018],[-119.45405650419,49.90118008516],[-119.4538590391,49.90193507834],[-119.45383369156,49.90194266068],[-119.45357430593,49.90295477804],[-119.45354521874,49.90304301305],[-119.45325486064,49.90418369533],[-119.45322390204,49.90431225717],[-119.45270028268,49.90590049587],[-119.45267119153,49.90598873153],[-119.45224552064,49.90681197334],[-119.45203948437,49.90721161721],[-119.45170481541,49.90768949795],[-119.45152973633,49.90796057892],[-119.4513682668,49.90820770539],[-119.45093829601,49.90885326667],[-119.45064256621,49.90929961025],[-119.45054915001,49.90942696418],[-119.45036368622,49.90938300861],[-119.44996928033,49.90926235079],[-119.44951243164,49.90914048141],[-119.4493405836,49.90907256968],[-119.44919221485,49.90903740347],[-119.44879406688,49.90899739532],[-119.44852080927,49.90895980702],[-119.44771277817,49.90886341065],[-119.44683807338,49.90858811466],[-119.44652960576,49.90850140142],[-119.44660941763,49.90839800552],[-119.4470939085,49.90765664889],[-119.44736243729,49.90725822617],[-119.44757650636,49.90695561859],[-119.44772014365,49.90655477326],[-119.44767270582,49.90623094824],[-119.44759804214,49.90595503106],[-119.44723792462,49.90536681726],[-119.447151528,49.90507452767],[-119.44711958543,49.90468642399],[-119.44725335771,49.90422888322],[-119.44768146274,49.90362367481],[-119.44803587004,49.90325921253],[-119.44834381171,49.90308758904],[-119.44872779806,49.9028932216],[-119.44938075388,49.90255876119],[-119.44949575987,49.90250448262],[-119.45030828378,49.90196322447],[-119.4506471711,49.90166303478],[-119.45084757692,49.9013843798],[-119.45090950439,49.90112726031]]]]},"properties":{"a": "0.3037", "q": "0", "t": "DA", "dw": "1198", "hh": "1126", "id": "59350254", "pop": "1918", "name": "59350254", "rgid": "5935", "rpid": "5935010", "ruid": "9150019.02", "rguid": "59915"}},{"type":"Feature","geometry":{"type":"MultiPolygon","coordinates":[[[[-119.35297707427,49.92027680237],[-119.35292249148,49.92011422375],[-119.35246418063,49.91925719018],[-119.35208584236,49.91855517863],[-119.35184598384,49.91809011392],[-119.351859657,49.91806617242],[-119.3465079306,49.91807005764],[-119.33584155095,49.9180857904],[-119.33125296726,49.91808029057],[-119.33133033807,49.91676592001],[-119.33147410653,49.91334578943],[-119.33160294702,49.91124132371],[-119.33163701344,49.91029746016],[-119.33167952367,49.90867562881],[-119.33162975196,49.9076573907],[-119.33148963426,49.90314974575],[-119.3314403646,49.9016148685],[-119.33139284225,49.90029800373],[-119.3309918849,49.88917357312],[-119.33089864119,49.88675795779],[-119.33084767315,49.88500517551],[-119.33281879715,49.88557046045],[-119.33618013157,49.88657596713],[-119.34004665199,49.88772894932],[-119.34348244212,49.88875187832],[-119.34513838745,49.88861622886],[-119.34536251348,49.88888720467],[-119.34539956519,49.88889603471],[-119.34579726223,49.88919477574],[-119.34596293255,49.8893838303],[-119.34599603605,49.88947330483],[-119.34616352995,49.8898803553],[-119.34629610001,49.8899799351],[-119.34651841765,49.89003291323],[-119.34664126977,49.89007578613],[-119.34666465596,49.89010855417],[-119.3471383076,49.89064294685],[-119.34803887141,49.89164619262],[-119.34805634215,49.89179992865],[-119.34805042466,49.89192089684],[-119.34802492279,49.89218677219],[-119.34766140285,49.89348711571],[-119.3476163109,49.89389790029],[-119.34746582196,49.89441955061],[-119.34759643675,49.89455945334],[-119.34775833382,49.8945708318],[-119.34791248164,49.89448517965],[-119.34803168518,49.89409205252],[-119.34809424493,49.89383500459],[-119.34821724987,49.89361955404],[-119.34838703243,49.89346963953],[-119.34930412473,49.89285868983],[-119.34964945649,49.89269621007],[-119.34973723461,49.89268992807],[-119.35012934393,49.89259298188],[-119.3510266949,49.8923852462],[-119.35160801691,49.89225178845],[-119.35241167196,49.89217129256],[-119.35270232967,49.89210456007],[-119.35279207392,49.89205795249],[-119.35295789796,49.8919886766],[-119.35304764166,49.89194206882],[-119.3533363294,49.89191565734],[-119.35362304975,49.89192956788],[-119.35442856003,49.89206705319],[-119.35469965295,49.89214522317],[-119.35488297059,49.89222967909],[-119.35503896352,49.89236201427],[-119.35558667813,49.89343066663],[-119.3556724918,49.89346470242],[-119.35568418946,49.89348108556],[-119.35579732871,49.8934672413],[-119.35588707242,49.89342063069],[-119.35599056939,49.89309175841],[-119.3561329968,49.89298971077],[-119.35628515676,49.89294436903],[-119.35650946757,49.8929570021],[-119.35803465981,49.89345620801],[-119.35835845112,49.89347893024],[-119.35870956478,49.89345377063],[-119.35916407861,49.89335805574],[-119.35879356569,49.89301148363],[-119.35876043148,49.8929220123],[-119.35872148495,49.89269518903],[-119.35871959666,49.89247719107],[-119.35886397707,49.89233481668],[-119.35889129807,49.89228693604],[-119.35940436192,49.89201481324],[-119.36007153084,49.89165701768],[-119.3605865392,49.89134456642],[-119.36117179298,49.89087208734],[-119.36200282492,49.89022699431],[-119.36204184011,49.89019549535],[-119.36239879847,49.89004935458],[-119.36250022661,49.89001912064],[-119.36266406799,49.88999015164],[-119.36277719528,49.88997629953],[-119.36338767206,49.89001288789],[-119.36363928298,49.88997762308],[-119.36432782555,49.88969288792],[-119.36428877382,49.88998270627],[-119.364343131,49.89169517851],[-119.36430330394,49.89715145498],[-119.36109056394,49.89640016972],[-119.35914200216,49.89560987137],[-119.35863651797,49.89649567482],[-119.35854654604,49.89731726325],[-119.35847430899,49.89751761417],[-119.3582635586,49.89773937026],[-119.35749670552,49.89834539321],[-119.35744205216,49.89844115574],[-119.3575473505,49.89858860466],[-119.3586162245,49.89922384469],[-119.35879565715,49.89938894342],[-119.35876048191,49.89959812132],[-119.35654114958,49.9030808628],[-119.3562811468,49.90456906533],[-119.35623818339,49.90468121299],[-119.35621085106,49.90472909496],[-119.35596494834,49.90490170052],[-119.35491317617,49.90519515684],[-119.3547980378,49.90524932541],[-119.35466529855,49.90540808421],[-119.3545653937,49.90643131913],[-119.35485801724,49.90658258558],[-119.35599137149,49.90743715118],[-119.35661175183,49.90778882743],[-119.35765359814,49.90821364581],[-119.357913101,49.90827542761],[-119.35844381207,49.90841537286],[-119.35946039317,49.90858939542],[-119.36062141445,49.90862102252],[-119.36134926609,49.90856312455],[-119.36194444758,49.90840565621],[-119.36210052469,49.90853798769],[-119.36229759463,49.90859849251],[-119.36394844569,49.90832515799],[-119.36413381206,49.90836927608],[-119.36425282262,49.90849278054],[-119.36417268479,49.90937111713],[-119.36419957813,49.91216494377],[-119.36418759579,49.91395693709],[-119.36417968593,49.91463492321],[-119.3641736941,49.9155309262],[-119.36401558528,49.91569726292],[-119.3631821565,49.9161244145],[-119.36310407854,49.91618741903],[-119.3630337895,49.91634746003],[-119.36342578376,49.91805885531],[-119.36340027645,49.91884144792],[-119.36338073352,49.91898637164],[-119.36333577083,49.91939720004],[-119.36336501879,49.91956733199],[-119.3634821008,49.91973116918],[-119.36374555986,49.91997062978],[-119.36388022801,49.92002986935],[-119.36421789869,49.92002863109],[-119.36420031609,49.92013322854],[-119.35986133664,49.92013411769],[-119.35383202958,49.9201811733],[-119.35378127509,49.92019628741],[-119.35340455242,49.92022898876],[-119.35297707427,49.92027680237]]]]},"properties":{"a": "6.8893", "q": "0", "t": "DA", "dw": "475", "hh": "460", "id": "59350276", "pop": "1136", "name": "59350276", "rgid": "5935", "rpid": "5935010", "ruid": "9150018.02", "rguid": "59915"}},{"type":"Feature","geometry":{"type":"MultiPolygon","coordinates":[[[[-119.36430330394,49.89715145498],[-119.36483197215,49.897073359],[-119.36637701748,49.89665255459],[-119.3668452061,49.89653286145],[-119.36704613362,49.8965127067],[-119.36720804377,49.89652405325],[-119.36732898307,49.89660722509],[-119.36757668766,49.89716924682],[-119.36758839111,49.89718562876],[-119.36850521948,49.8978661183],[-119.36865347871,49.89790140465],[-119.36879003404,49.89792030895],[-119.36905339299,49.89790141116],[-119.36968935852,49.89767207533],[-119.3704677239,49.89759899108],[-119.37061988511,49.89755362646],[-119.37072132573,49.89752338326],[-119.37087543674,49.89743769428],[-119.37107246249,49.89723985386],[-119.37116999737,49.89703193298],[-119.37117974762,49.89683031344],[-119.37099246877,49.89630988505],[-119.37098271441,49.89625317976],[-119.37098856501,49.89613220836],[-119.37112121122,49.89597343271],[-119.37117192942,49.89595831094],[-119.37145087881,49.89587514078],[-119.37166350556,49.89587135806],[-119.37245158958,49.89585496371],[-119.37268762636,49.89588394134],[-119.37290611336,49.89601750858],[-119.37316752722,49.89629724798],[-119.37356748458,49.89707221031],[-119.37381332981,49.89767454132],[-119.37389137777,49.89786985807],[-119.37399868099,49.89797696498],[-119.37418401147,49.89802106256],[-119.37464635287,49.89802230409],[-119.37508333465,49.89803110541],[-119.37589487275,49.89804744557],[-119.37700683449,49.89805367851],[-119.37701883081,49.89987834688],[-119.37701299743,49.89999932022],[-119.3770152306,49.90176729522],[-119.37592853014,49.90175350004],[-119.37592078202,49.90217312837],[-119.37594419845,49.90220589083],[-119.37615105712,49.90258140252],[-119.37621547164,49.90280066436],[-119.37619803528,49.90368024972],[-119.3770350482,49.90368901842],[-119.37777449867,49.90364738124],[-119.37776880494,49.90454335063],[-119.3777514011,49.90542294162],[-119.3754139133,49.9054243472],[-119.37352714187,49.90541056236],[-119.37318959163,49.90541183247],[-119.3727642396,49.90541940431],[-119.37245205396,49.90541311034],[-119.36992725541,49.90541060884],[-119.36990967643,49.90680686836],[-119.36991942844,49.90712190989],[-119.36989598585,49.90915582585],[-119.36986860369,49.91359545856],[-119.36986073154,49.91814857961],[-119.36756155667,49.91811829373],[-119.36623631073,49.91811572545],[-119.3652858022,49.91812072101],[-119.3649832724,49.91817111328],[-119.36484273694,49.91823285592],[-119.36430201077,49.91881126314],[-119.36421609772,49.91903557664],[-119.36420435006,49.91927753805],[-119.36421789869,49.92002863109],[-119.36388022801,49.92002986935],[-119.36374555986,49.91997062978],[-119.3634821008,49.91973116918],[-119.36336501879,49.91956733199],[-119.36333577083,49.91939720004],[-119.36338073352,49.91898637164],[-119.36340027645,49.91884144792],[-119.36342578376,49.91805885531],[-119.3630337895,49.91634746003],[-119.36310407854,49.91618741903],[-119.3631821565,49.9161244145],[-119.36401558528,49.91569726292],[-119.3641736941,49.9155309262],[-119.36417968593,49.91463492321],[-119.36418759579,49.91395693709],[-119.36419957813,49.91216494377],[-119.36417268479,49.90937111713],[-119.36425282262,49.90849278054],[-119.36413381206,49.90836927608],[-119.36394844569,49.90832515799],[-119.36229759463,49.90859849251],[-119.36210052469,49.90853798769],[-119.36194444758,49.90840565621],[-119.36134926609,49.90856312455],[-119.36062141445,49.90862102252],[-119.35946039317,49.90858939542],[-119.35844381207,49.90841537286],[-119.357913101,49.90827542761],[-119.35765359814,49.90821364581],[-119.35661175183,49.90778882743],[-119.35599137149,49.90743715118],[-119.35485801724,49.90658258558],[-119.3545653937,49.90643131913],[-119.35466529855,49.90540808421],[-119.3547980378,49.90524932541],[-119.35491317617,49.90519515684],[-119.35596494834,49.90490170052],[-119.35621085106,49.90472909496],[-119.35623818339,49.90468121299],[-119.3562811468,49.90456906533],[-119.35654114958,49.9030808628],[-119.35876048191,49.89959812132],[-119.35879565715,49.89938894342],[-119.3586162245,49.89922384469],[-119.3575473505,49.89858860466],[-119.35744205216,49.89844115574],[-119.35749670552,49.89834539321],[-119.3582635586,49.89773937026],[-119.35847430899,49.89751761417],[-119.35854654604,49.89731726325],[-119.35863651797,49.89649567482],[-119.35914200216,49.89560987137],[-119.36109056394,49.89640016972],[-119.36430330394,49.89715145498]]]]},"properties":{"a": "2.14", "q": "0", "t": "DA", "dw": "267", "hh": "257", "id": "59350277", "pop": "728", "name": "59350277", "rgid": "5935", "rpid": "5935010", "ruid": "9150018.02", "rguid": "59915"}},{"type":"Feature","geometry":{"type":"MultiPolygon","coordinates":[[[[-119.472218876,49.81018894663],[-119.47214486002,49.81017138687],[-119.47200854848,49.81015263171],[-119.47167363023,49.81011392525],[-119.47137572034,49.81008399784],[-119.47126469721,49.81005765725],[-119.47098220419,49.80996346615],[-119.47087118164,49.80993712513],[-119.47057512218,49.80986688179],[-119.47036664653,49.8097902499],[-119.47025747372,49.8097235947],[-119.47018530836,49.80966572002],[-119.47010142387,49.8095914806],[-119.46987321056,49.80940149146],[-119.46986149137,49.80938512674],[-119.46981276544,49.80935998129],[-119.46971346437,49.80935000373],[-119.46956358807,49.80935519392],[-119.46931441076,49.80935040591],[-119.46897765145,49.80935200379],[-119.46886663183,49.80932566056],[-119.4686581621,49.80924902519],[-119.46853542436,49.80920631674],[-119.46819250038,49.80907060695],[-119.46794702718,49.80898518879],[-119.46762754325,49.80888220697],[-119.46733520033,49.80873132754],[-119.46727661052,49.80864950262],[-119.46709713864,49.8084846543],[-119.46702497989,49.80842677755],[-119.46684180568,49.80834255533],[-119.46657290452,49.80822440393],[-119.4664150196,49.80813259786],[-119.46634286244,49.80807472069],[-119.4660893875,49.80789230682],[-119.46594507512,49.80777655204],[-119.4657230484,49.80772385889],[-119.46562375226,49.80771387726],[-119.46532401051,49.80772424487],[-119.46501255184,49.80771824637],[-119.46493854337,49.80770068134],[-119.46480409743,49.80764160326],[-119.46476894746,49.8075925076],[-119.46470851015,49.80755099455],[-119.46460491539,49.80736339444],[-119.46454447859,49.80732188133],[-119.46444889263,49.80723127246],[-119.46417629616,49.80719374099],[-119.46405542404,49.80711071425],[-119.46399684305,49.80702888785],[-119.46394197218,49.8068664355],[-119.4638698207,49.80680855677],[-119.46377423742,49.80671794741],[-119.46360279336,49.80665008495],[-119.46330676996,49.80657982053],[-119.46299717608,49.80653350276],[-119.46282387806,49.80650595187],[-119.4626660081,49.80641414034],[-119.46257042838,49.80632352994],[-119.46258400003,49.80629958249],[-119.46245756466,49.8063374926],[-119.46203510979,49.80630513437],[-119.46176066461,49.80630790917],[-119.46147450443,49.80629431765],[-119.46133821059,49.80627554795],[-119.46114148513,49.80621526301],[-119.46096818969,49.80618770888],[-119.46087075632,49.8061374097],[-119.46051245217,49.80606593455],[-119.4604131613,49.80605594771],[-119.46025158141,49.80604475799],[-119.46015229065,49.80603477089],[-119.46002957132,49.8059920523],[-119.45993213956,49.80594175222],[-119.45984828115,49.80586750502],[-119.45960842176,49.80566112884],[-119.45941170177,49.80560084057],[-119.45920326851,49.80552418615],[-119.45905526448,49.80548904756],[-119.45888197349,49.80546148983],[-119.45858224645,49.80547183679],[-119.45841880908,49.80550095674],[-119.45830408581,49.80555522726],[-119.45817764878,49.80559313176],[-119.45784091978,49.80559469146],[-119.45774349164,49.80554438928],[-119.45764792478,49.80545377437],[-119.4575677937,49.80529890011],[-119.45750123746,49.80512007922],[-119.45739395913,49.80501309825],[-119.45735695895,49.80500431296],[-119.45722439412,49.80490491251],[-119.45693025586,49.80479431678],[-119.45680754357,49.80475159435],[-119.45656025768,49.80470646157],[-119.45649983289,49.8046649439],[-119.45630125989,49.80464496211],[-119.45601697567,49.80459104229],[-119.45572098002,49.80452075554],[-119.45542498538,49.80445046791],[-119.45511541639,49.80440412566],[-119.45488170993,49.80433504246],[-119.4547084266,49.80430747747],[-119.45452156782,49.80430385835],[-119.45423542396,49.80429024585],[-119.45397456769,49.80426905276],[-119.45381299657,49.80425785252],[-119.45356758191,49.8041723999],[-119.45347016235,49.80412209373],[-119.4533863193,49.8040478415],[-119.45332776388,49.80396600962],[-119.45330434178,49.80393327686],[-119.45324765195,49.80381113264],[-119.45321811494,49.80364109658],[-119.45323728697,49.80349621379],[-119.45323303717,49.80331859836],[-119.45323490243,49.80327828611],[-119.45323251792,49.8030603586],[-119.45327511111,49.80294820876],[-119.45344600214,49.80275784887],[-119.45354901323,49.80268721827],[-119.45369275078,49.80254474988],[-119.45378777946,49.80237712858],[-119.45381493036,49.80232923678],[-119.45390011183,49.80210493718],[-119.45391928075,49.80196005503],[-119.45394217853,49.80173454886],[-119.45402549367,49.80155056164],[-119.45403108688,49.80142962561],[-119.45405025502,49.80128474379],[-119.45400341275,49.80121927924],[-119.45387459728,49.80103925169],[-119.45384133055,49.80094984133],[-119.45384878876,49.80078859365],[-119.45395552311,49.80063733934],[-119.4540992521,49.80049487139],[-119.45416712524,49.80037514246],[-119.45423313385,49.80029572538],[-119.45436142226,49.80021751482],[-119.45462970809,49.80007745926],[-119.45473271044,49.80000682809],[-119.45474628458,49.79998288226],[-119.45492700356,49.79984919954],[-119.45500658375,49.79974583625],[-119.45511144789,49.799634893],[-119.45513859545,49.79958700129],[-119.45519661672,49.7994105944],[-119.45527619539,49.79930723106],[-119.45539835708,49.79909171843],[-119.45556922229,49.79890135744],[-119.45571293963,49.79875888799],[-119.45581593682,49.79868825602],[-119.45604535135,49.79857972328],[-119.45617176881,49.79854182246],[-119.45630989672,49.79852028718],[-119.45641103037,49.79848996627],[-119.45673971367,49.7983914226],[-119.45686799139,49.79831320929],[-119.45693213007,49.79827410258],[-119.45705241874,49.79809890027],[-119.45709499639,49.79798675072],[-119.45712772418,49.79781792408],[-119.45719558411,49.79769819419],[-119.45740528959,49.79747630455],[-119.45758971039,49.79726199516],[-119.45759529255,49.79714106075],[-119.45762801761,49.79697223444],[-119.45769401408,49.79689281599],[-119.45789200197,49.79665456051],[-119.45791914433,49.79660666854],[-119.4580042916,49.7963823699],[-119.45808757776,49.7961983827],[-119.45811471959,49.79615049075],[-119.45817458336,49.79593377293],[-119.45824057711,49.7958543544],[-119.45831828133,49.79579130117],[-119.45855139254,49.79560214117],[-119.45860381463,49.79554666847],[-119.45874936927,49.79536388504],[-119.45887150108,49.79514837109],[-119.45888693056,49.7950841139],[-119.45899363161,49.79493285716],[-119.45905962218,49.79485343836],[-119.45916818107,49.79466187041],[-119.45919903869,49.79453335617],[-119.45923175511,49.79436453088],[-119.4593618744,49.79424600434],[-119.45955612261,49.79408836983],[-119.45967638789,49.79391316689],[-119.45969739117,49.79372797678],[-119.45966597623,49.79359825969],[-119.45960128836,49.79337913662],[-119.45958158449,49.79326578467],[-119.45958901883,49.79310454093],[-119.45967229128,49.79292055451],[-119.45971671488,49.79276809499],[-119.45971857332,49.79272778411],[-119.45976485493,49.79253501383],[-119.45978028204,49.79247075709],[-119.45984440885,49.79243164928],[-119.45991039377,49.79235223061],[-119.45990611633,49.79217462245],[-119.45983771286,49.79203612218],[-119.45981615067,49.79196308158],[-119.45970090729,49.7917591217],[-119.45961094359,49.79154758095],[-119.45962822903,49.79144301377],[-119.4595869646,49.79125662213],[-119.45952841505,49.79117479763],[-119.45932377209,49.7910175261],[-119.45921466692,49.79095086305],[-119.45899273953,49.79089815781],[-119.45875724392,49.79086939771],[-119.45868326841,49.79085182901],[-119.45840892599,49.7908545943],[-119.45826097537,49.79081945633],[-119.458113025,49.79078431814],[-119.45789109991,49.79073161046],[-119.45759520068,49.79066133277],[-119.45748609926,49.79059466789],[-119.45740227651,49.79052042261],[-119.45732403609,49.7903252458],[-119.45724207493,49.79021068998],[-119.45710769713,49.79015160501],[-119.45689748528,49.79011526032],[-119.45666385692,49.79004618484],[-119.45651963358,49.7899304235],[-119.45646109201,49.78984859755],[-119.45646481499,49.78976797676],[-119.45649940027,49.78955884485],[-119.45652041562,49.78937365826],[-119.45650444499,49.78917968666],[-119.45638736427,49.78901603518],[-119.45627028448,49.78885238365],[-119.45615506737,49.78864842184],[-119.45613351349,49.78857538131],[-119.45613537524,49.78853507109],[-119.45600659013,49.78835505438],[-119.45599488245,49.78833868922],[-119.45602015968,49.78833110936],[-119.47931680508,49.78827908557],[-119.47947832043,49.78829024326],[-119.47976436143,49.78830378149],[-119.47988888702,49.78830616215],[-119.47995114981,49.78830735242],[-119.4801009482,49.78830214678],[-119.48223948532,49.78841562399],[-119.48330967588,49.7884521898],[-119.48709967534,49.78842760881],[-119.48767176445,49.78845464008],[-119.50041599055,49.78858346746],[-119.50054051817,49.78858582194],[-119.50106389786,49.78858764684],[-119.50479610576,49.78873881035],[-119.50820529001,49.788867612],[-119.50997215473,49.78893313973],[-119.51050726876,49.78895127307],[-119.51284806078,49.78900333281],[-119.51276873266,49.78687969012],[-119.51273537149,49.78623354488],[-119.51254519775,49.7812998722],[-119.51766710084,49.78129107023],[-119.51771762392,49.78127587914],[-119.51771222044,49.78139681015],[-119.51764636455,49.78147626454],[-119.517492993,49.78156214802],[-119.51739014445,49.78163284034],[-119.51738834296,49.78167315071],[-119.51739827165,49.78172981855],[-119.51744339104,49.78183555875],[-119.51748851066,49.78194129898],[-119.51751016987,49.78201432431],[-119.51745784437,49.78206982577],[-119.51731620049,49.78217206662],[-119.51718628617,49.78229066481],[-119.5169399875,49.7825039079],[-119.51682360336,49.7825985528],[-119.51671894888,49.78270955519],[-119.51581674117,49.78393524732],[-119.51573914739,49.78399834337],[-119.51566155336,49.78406143937],[-119.5155839591,49.78412453532],[-119.51549463447,49.7841712734],[-119.51491808036,49.78452355885],[-119.51485401818,49.7845627015],[-119.51480168586,49.78461820204],[-119.5147493534,49.78467370256],[-119.5146970208,49.78472920306],[-119.5146699523,49.78477710869],[-119.51465461372,49.78484137228],[-119.5146392751,49.78490563589],[-119.51462393642,49.7849698995],[-119.5146338621,49.78502656827],[-119.51464378781,49.78508323706],[-119.51465371355,49.78513990585],[-119.51466363931,49.78519657465],[-119.5146735651,49.78525324346],[-119.51465822635,49.78531750716],[-119.51463115742,49.78536541288],[-119.51461581856,49.7854296766],[-119.51456348482,49.78548517718],[-119.51449942081,49.78552431973],[-119.51444708679,49.78557982026],[-119.51438302252,49.78561896275],[-119.51431895813,49.7856581052],[-119.51424316356,49.78568088955],[-119.5135844683,49.78591866249],[-119.51306019264,49.78677219827],[-119.51338864675,49.78667346923],[-119.51370356386,49.78659869197],[-119.51394268349,49.7865466979],[-119.51411773658,49.78653384571],[-119.51427744974,49.78658525712],[-119.5144759637,49.78660512049],[-119.51482606993,49.78657941388],[-119.51507872263,49.78650346407],[-119.51523211762,49.78641758287],[-119.51563184158,49.78611845939],[-119.51585742199,49.78609041381],[-119.51615519058,49.78612020387],[-119.51638889634,49.78618913691],[-119.51663433407,49.78627442721],[-119.51682924318,49.78637490786],[-119.51709273978,49.78661384584],[-119.51711440074,49.78668687246],[-119.51712433027,49.78674354133],[-119.51711079678,49.78676749465],[-119.51710899479,49.78680780575],[-119.51711892433,49.78686447463],[-119.51707832368,49.78693633462],[-119.51706298805,49.78700059907],[-119.51701065561,49.78705610127],[-119.51685185518,49.7872629189],[-119.51682298523,49.78735113672],[-119.51678238358,49.78742299671],[-119.51675351337,49.78751121456],[-119.51674990862,49.78759183697],[-119.51673637463,49.78761579031],[-119.51674630386,49.78767245939],[-119.51674269909,49.78775308184],[-119.5167760917,49.78784246671],[-119.51676255765,49.78786642008],[-119.51683927276,49.78810185906],[-119.51686093405,49.78817488612],[-119.51687086359,49.78823155531],[-119.51686725901,49.78831217792],[-119.51685192254,49.78837644265],[-119.51682305181,49.78846466082],[-119.51671477751,49.78865628821],[-119.51655777204,49.78882279515],[-119.51646663561,49.78890984628],[-119.5164260318,49.78898170652],[-119.51617788616,49.78923526415],[-119.51596493297,49.7895378956],[-119.51590538265,49.78975464366],[-119.51594690048,49.78994101058],[-119.51601729237,49.79003915917],[-119.51613641602,49.79016242854],[-119.51513023303,49.79064384343],[-119.51440378138,49.79100139299],[-119.51340928902,49.79149915004],[-119.51283080807,49.79189174409],[-119.51258442941,49.79210498346],[-119.51249327732,49.79219203191],[-119.51211331964,49.79260449009],[-119.51209978131,49.79262844321],[-119.511887701,49.79263252772],[-119.51167289112,49.79297546537],[-119.51129287651,49.79394469485],[-119.51144088357,49.79397975333],[-119.51169989653,49.79404110515],[-119.51257440823,49.79427540249],[-119.51277115188,49.79433558192],[-119.51261230208,49.79454239801],[-119.51236409944,49.79479595097],[-119.51200488512,49.79502321036],[-119.51189026171,49.79507754141],[-119.51171155632,49.7951710144],[-119.51139476207,49.79528609973],[-119.51124313415,49.79533166542],[-119.51084059989,49.79541286059],[-119.51060235463,49.79516630435],[-119.51041284582,49.79494487181],[-119.51010778077,49.79507631195],[-119.50985506629,49.79515225127],[-119.50980452328,49.79516743906],[-119.50960416059,49.7951878778],[-119.50822326593,49.79540396843],[-119.50691817374,49.79559726037],[-119.50532068019,49.79563977563],[-119.50494703257,49.79563272971],[-119.50464738873,49.7956432168],[-119.50382427507,49.79565189553],[-119.50331253402,49.79566644523],[-119.50232786907,49.79566399263],[-119.49967715912,49.79556548057],[-119.49931342028,49.79561508562],[-119.49917795188,49.79585460176],[-119.49918421904,49.79599189841],[-119.49918178332,49.7977025493],[-119.49892598906,49.7986741032],[-119.49888898572,49.79866533374],[-119.49829329253,49.79860564541],[-119.49813173162,49.79859451825],[-119.49779506145,49.7985962148],[-119.49776978561,49.79860380569],[-119.49741956649,49.7986294526],[-119.49716680681,49.79870536023],[-119.49695287147,49.79874972501],[-119.49561504961,49.79911170964],[-119.49556449649,49.79912689031],[-119.4952359003,49.79922556408],[-119.49508423999,49.79927110546],[-119.49310272578,49.79980644887],[-119.492727216,49.79983966888],[-119.49188863622,49.79991251132],[-119.49174869486,49.79997440921],[-119.49164575612,49.80004507916],[-119.49165458651,49.80040030264],[-119.49164910396,49.80052124035],[-119.49165169168,49.80073916494],[-119.49166401676,49.80294237118],[-119.49056633359,49.80295379657],[-119.48936935941,49.80295525222],[-119.48645184904,49.80295621973],[-119.48537944487,49.80295999909],[-119.48519258953,49.8029564383],[-119.48388276787,49.8029718156],[-119.48271107424,49.80296560272],[-119.48275386397,49.80366847187],[-119.48275456841,49.803926712],[-119.48279298243,49.80445196867],[-119.48282956107,49.80501753934],[-119.48283831646,49.80537276983],[-119.48284269421,49.80555038524],[-119.48186216765,49.80572534298],[-119.48174931212,49.80573932777],[-119.48130961193,49.80581162878],[-119.48057570144,49.80577340251],[-119.4803635503,49.80577741915],[-119.47933979956,49.80580627254],[-119.47868794258,49.80588257582],[-119.47823467306,49.80597881275],[-119.4780965316,49.80600037941],[-119.47610643778,49.80643840284],[-119.47589243956,49.80648272297],[-119.47484957086,49.8066564184],[-119.47440181791,49.80663169849],[-119.47351185028,49.80646131329],[-119.47320039997,49.80645534077],[-119.47272182597,49.80655913724],[-119.47231910601,49.80664017779],[-119.47262750571,49.80698502229],[-119.47317953835,49.80745558466],[-119.47336087584,49.80758010804],[-119.47374884006,49.80782156901],[-119.47415037432,49.80803907946],[-119.47427311441,49.80808178073],[-119.47451859535,49.80816718281],[-119.47626345566,49.80845883736],[-119.47700360513,49.80863440036],[-119.47743781764,49.80868305829],[-119.47796145182,49.8086850064],[-119.47848324527,49.80872726521],[-119.47890389755,49.80879986652],[-119.4791845606,49.808934348],[-119.47904088898,49.80907685687],[-119.47838529786,49.80923378616],[-119.47836001192,49.80924137234],[-119.47818485112,49.80925416184],[-119.47799796784,49.80925058729],[-119.47685439987,49.80889784634],[-119.4764707579,49.80883401446],[-119.47609699548,49.8088268585],[-119.47563380972,49.80886640701],[-119.47495107827,49.80907121223],[-119.47467661552,49.80907402312],[-119.47431641697,49.80904291103],[-119.47410609345,49.80900660075],[-119.47386679307,49.80905850194],[-119.47374838938,49.80919341811],[-119.47372744143,49.8093786213],[-119.47296818738,49.80934792272],[-119.47263327478,49.80930921964],[-119.47245995862,49.80928168548],[-119.4719770186,49.80920786109],[-119.47207205368,49.80985526766],[-119.472218876,49.81018894663]]]]},"properties":{"a": "6.5313", "q": "0", "t": "DA", "dw": "1579", "hh": "1503", "id": "59350281", "pop": "4563", "name": "59350281", "rgid": "5935", "rpid": "5935010", "ruid": "9150001.00", "rguid": "59915"}},{"type":"Feature","geometry":{"type":"MultiPolygon","coordinates":[[[[-119.4791845606,49.808934348],[-119.47890389755,49.80879986652],[-119.47848324527,49.80872726521],[-119.47796145182,49.8086850064],[-119.47743781764,49.80868305829],[-119.47700360513,49.80863440036],[-119.47626345566,49.80845883736],[-119.47451859535,49.80816718281],[-119.47427311441,49.80808178073],[-119.47415037432,49.80803907946],[-119.47374884006,49.80782156901],[-119.47336087584,49.80758010804],[-119.47317953835,49.80745558466],[-119.47262750571,49.80698502229],[-119.47231910601,49.80664017779],[-119.47272182597,49.80655913724],[-119.47320039997,49.80645534077],[-119.47351185028,49.80646131329],[-119.47440181791,49.80663169849],[-119.47484957086,49.8066564184],[-119.47589243956,49.80648272297],[-119.47610643778,49.80643840284],[-119.4780965316,49.80600037941],[-119.47823467306,49.80597881275],[-119.47868794258,49.80588257582],[-119.47933979956,49.80580627254],[-119.4803635503,49.80577741915],[-119.48057570144,49.80577340251],[-119.48130961193,49.80581162878],[-119.48174931212,49.80573932777],[-119.48186216765,49.80572534298],[-119.48284269421,49.80555038524],[-119.48283831646,49.80537276983],[-119.48282956107,49.80501753934],[-119.48279298243,49.80445196867],[-119.48275456841,49.803926712],[-119.48275386397,49.80366847187],[-119.48271107424,49.80296560272],[-119.48388276787,49.8029718156],[-119.48519258953,49.8029564383],[-119.48537944487,49.80295999909],[-119.48645184904,49.80295621973],[-119.48936935941,49.80295525222],[-119.49056633359,49.80295379657],[-119.49166401676,49.80294237118],[-119.49175158164,49.8029359646],[-119.49190767574,49.80306804123],[-119.49191940188,49.80308440295],[-119.49199158626,49.80314226033],[-119.49321692551,49.80416614257],[-119.49435840661,49.80511579568],[-119.49451816718,49.80516724259],[-119.49467975291,49.80517837594],[-119.49647543178,49.80489769216],[-119.49741704596,49.80475413222],[-119.49748115614,49.80471499816],[-119.49748480013,49.80463437161],[-119.49702864671,49.80314094077],[-119.49707112066,49.80302877194],[-119.49732390707,49.80295286339],[-119.49737082019,49.80301830768],[-119.49746908749,49.80332680959],[-119.49766847206,49.80360494781],[-119.49781912281,49.80385795483],[-119.49846967935,49.80463687281],[-119.49896595494,49.80524340898],[-119.49932148659,49.8056536121],[-119.49942523524,49.80584117446],[-119.49954071486,49.80604509782],[-119.49964163603,49.80657152969],[-119.49964770737,49.80726563092],[-119.49965114837,49.80774180394],[-119.49967460949,49.80777452608],[-119.4996303177,49.80792701169],[-119.4995552839,49.80820803038],[-119.49946224838,49.80833538551],[-119.49940804481,49.80843119633],[-119.49927617561,49.80859009567],[-119.4974535897,49.81029059364],[-119.49695704012,49.81024084433],[-119.49558469462,49.81025519841],[-119.49239219755,49.81025921084],[-119.49128259151,49.81025428243],[-119.48857673726,49.81025127279],[-119.48842686007,49.81025649176],[-119.48722967345,49.81025792138],[-119.48474771841,49.81026713747],[-119.48388913314,49.81022656066],[-119.48339443677,49.81013642904],[-119.48221746252,49.80969434627],[-119.48070628583,49.80947181973],[-119.48033619488,49.80938405259],[-119.4791845606,49.808934348]]]]},"properties":{"a": "1.0749", "q": "0", "t": "DA", "dw": "382", "hh": "371", "id": "59350282", "pop": "1121", "name": "59350282", "rgid": "5935", "rpid": "5935010", "ruid": "9150001.00", "rguid": "59915"}},{"type":"Feature","geometry":{"type":"MultiPolygon","coordinates":[[[[-119.49166401676,49.80294237118],[-119.49165169168,49.80073916494],[-119.49164910396,49.80052124035],[-119.49165458651,49.80040030264],[-119.49164575612,49.80004507916],[-119.49174869486,49.79997440921],[-119.49188863622,49.79991251132],[-119.492727216,49.79983966888],[-119.49310272578,49.79980644887],[-119.49508423999,49.79927110546],[-119.4952359003,49.79922556408],[-119.49556449649,49.79912689031],[-119.49561504961,49.79911170964],[-119.49695287147,49.79874972501],[-119.49716680681,49.79870536023],[-119.49741956649,49.7986294526],[-119.49776978561,49.79860380569],[-119.49779506145,49.7985962148],[-119.49813173162,49.79859451825],[-119.49829329253,49.79860564541],[-119.49888898572,49.79866533374],[-119.49892598906,49.7986741032],[-119.49918178332,49.7977025493],[-119.49918421904,49.79599189841],[-119.49917795188,49.79585460176],[-119.49931342028,49.79561508562],[-119.49967715912,49.79556548057],[-119.50232786907,49.79566399263],[-119.50331253402,49.79566644523],[-119.50382427507,49.79565189553],[-119.50464738873,49.7956432168],[-119.50494703257,49.79563272971],[-119.50532068019,49.79563977563],[-119.50691817374,49.79559726037],[-119.50822326593,49.79540396843],[-119.50848669093,49.79619971485],[-119.50850290918,49.79639368273],[-119.50849109897,49.79693410257],[-119.50825899151,49.79793839702],[-119.50815332734,49.79834794368],[-119.50792853678,49.79863420789],[-119.50771909776,49.79885620619],[-119.50714494111,49.79942638739],[-119.50690926238,49.79995452697],[-119.50532514446,49.79997308992],[-119.50523758799,49.79997950853],[-119.50521231267,49.79998710137],[-119.50469507405,49.80012259679],[-119.50426175893,49.80033229744],[-119.50398554104,49.80037550287],[-119.50387452324,49.80034920002],[-119.50324905735,49.80011952269],[-119.50312449469,49.80011717155],[-119.50296111012,49.80014636501],[-119.50292228813,49.80017790976],[-119.50267762528,49.80035081775],[-119.50267845464,49.8006090547],[-119.50313773715,49.80120679308],[-119.50309346525,49.80135927673],[-119.50273777591,49.80150588161],[-119.50175561259,49.80172134828],[-119.50146765318,49.80174818637],[-119.50092064746,49.80171364239],[-119.50021934585,49.80150671997],[-119.49961006111,49.80147099125],[-119.49954413817,49.80155043912],[-119.49899612261,49.80181443541],[-119.49858803845,49.802016521],[-119.49828470434,49.80210761477],[-119.49759593485,49.80217527265],[-119.49746225678,49.802374479],[-119.49736376193,49.80262276846],[-119.49732390707,49.80295286339],[-119.49707112066,49.80302877194],[-119.49702864671,49.80314094077],[-119.49748480013,49.80463437161],[-119.49748115614,49.80471499816],[-119.49741704596,49.80475413222],[-119.49647543178,49.80489769216],[-119.49467975291,49.80517837594],[-119.49451816718,49.80516724259],[-119.49435840661,49.80511579568],[-119.49321692551,49.80416614257],[-119.49199158626,49.80314226033],[-119.49191940188,49.80308440295],[-119.49190767574,49.80306804123],[-119.49175158164,49.8029359646],[-119.49166401676,49.80294237118]]]]},"properties":{"a": "0.646", "q": "0", "t": "DA", "dw": "320", "hh": "313", "id": "59350283", "pop": "1048", "name": "59350283", "rgid": "5935", "rpid": "5935010", "ruid": "9150001.00", "rguid": "59915"}},{"type":"Feature","geometry":{"type":"MultiPolygon","coordinates":[[[[-119.49732390707,49.80295286339],[-119.49736376193,49.80262276846],[-119.49746225678,49.802374479],[-119.49759593485,49.80217527265],[-119.49828470434,49.80210761477],[-119.49858803845,49.802016521],[-119.49899612261,49.80181443541],[-119.49954413817,49.80155043912],[-119.49961006111,49.80147099125],[-119.50021934585,49.80150671997],[-119.50092064746,49.80171364239],[-119.50146765318,49.80174818637],[-119.50175561259,49.80172134828],[-119.50273777591,49.80150588161],[-119.50309346525,49.80135927673],[-119.50313773715,49.80120679308],[-119.50267845464,49.8006090547],[-119.50267762528,49.80035081775],[-119.50292228813,49.80017790976],[-119.50296111012,49.80014636501],[-119.50312449469,49.80011717155],[-119.50324905735,49.80011952269],[-119.50387452324,49.80034920002],[-119.50398554104,49.80037550287],[-119.50426175893,49.80033229744],[-119.50469507405,49.80012259679],[-119.50521231267,49.79998710137],[-119.50523758799,49.79997950853],[-119.50532514446,49.79997308992],[-119.50690926238,49.79995452697],[-119.51289549945,49.79990572197],[-119.51318524492,49.79983853769],[-119.51570625122,49.79894172092],[-119.51634347663,49.79863089296],[-119.51765398208,49.79775975359],[-119.51846174201,49.79725844513],[-119.51895722958,49.79704984973],[-119.52061335826,49.79653212282],[-119.52176225092,49.79620662253],[-119.52574156244,49.79614372881],[-119.52587426439,49.79624303372],[-119.52589235838,49.79639668612],[-119.52576421783,49.79647498896],[-119.52516313384,49.79653640188],[-119.52481115453,49.79660245887],[-119.52417941098,49.79679240154],[-119.52319843036,49.79726631264],[-119.52208483365,49.79819768605],[-119.5218249306,49.79843490832],[-119.52178347798,49.79880532117],[-119.52180610298,49.79913658534],[-119.52169782381,49.79932822542],[-119.5211599181,49.7996490142],[-119.52112925007,49.79977755015],[-119.52126015411,49.7999171756],[-119.52115906478,49.79994756339],[-119.52103090417,49.80002586104],[-119.5209298144,49.80005624861],[-119.52053719051,49.80019415602],[-119.51920766437,49.80065344807],[-119.51551861126,49.80257749146],[-119.51541570681,49.80264818695],[-119.51448503684,49.80310682973],[-119.51329074709,49.80388329552],[-119.51289264049,49.8041421147],[-119.51247737231,49.80450551372],[-119.51178855124,49.80513006691],[-119.51114757355,49.80552149973],[-119.51103291977,49.80557583178],[-119.51089298796,49.80563775817],[-119.51039735616,49.80584631922],[-119.5103720782,49.80585391354],[-119.50991707325,49.80599061027],[-119.5098917951,49.80599820447],[-119.50951624241,49.80603148936],[-119.50807631616,49.80616578714],[-119.50744978557,49.80623468752],[-119.50617591756,49.80655768461],[-119.50573625156,49.80663009511],[-119.50473233204,49.8067725611],[-119.50459420181,49.80679416506],[-119.50440551211,49.80683095447],[-119.50427911365,49.80686891844],[-119.50403804808,49.80696120642],[-119.50373105764,49.80713294608],[-119.50370577766,49.80714053872],[-119.50304750996,49.80763650231],[-119.50182213821,49.80854137535],[-119.50059671259,49.809446236],[-119.50005487083,49.80984754878],[-119.49978667595,49.80998773315],[-119.49939206615,49.81016587498],[-119.49922681852,49.81023537736],[-119.49881056291,49.81034048035],[-119.49834738197,49.81038013611],[-119.4974535897,49.81029059364],[-119.49927617561,49.80859009567],[-119.49940804481,49.80843119633],[-119.49946224838,49.80833538551],[-119.4995552839,49.80820803038],[-119.4996303177,49.80792701169],[-119.49967460949,49.80777452608],[-119.49965114837,49.80774180394],[-119.49964770737,49.80726563092],[-119.49964163603,49.80657152969],[-119.49954071486,49.80604509782],[-119.49942523524,49.80584117446],[-119.49932148659,49.8056536121],[-119.49896595494,49.80524340898],[-119.49846967935,49.80463687281],[-119.49781912281,49.80385795483],[-119.49766847206,49.80360494781],[-119.49746908749,49.80332680959],[-119.49737082019,49.80301830768],[-119.49732390707,49.80295286339]]]]},"properties":{"a": "1.0444", "q": "0", "t": "DA", "dw": "216", "hh": "199", "id": "59350284", "pop": "511", "name": "59350284", "rgid": "5935", "rpid": "5935010", "ruid": "9150001.00", "rguid": "59915"}},{"type":"Feature","geometry":{"type":"MultiPolygon","coordinates":[[[[-119.52126015411,49.7999171756],[-119.52112925007,49.79977755015],[-119.5211599181,49.7996490142],[-119.52169782381,49.79932822542],[-119.52180610298,49.79913658534],[-119.52178347798,49.79880532117],[-119.5218249306,49.79843490832],[-119.52208483365,49.79819768605],[-119.52319843036,49.79726631264],[-119.52417941098,49.79679240154],[-119.52481115453,49.79660245887],[-119.52516313384,49.79653640188],[-119.52576421783,49.79647498896],[-119.52589235838,49.79639668612],[-119.52587426439,49.79624303372],[-119.52574156244,49.79614372881],[-119.52176225092,49.79620662253],[-119.52061335826,49.79653212282],[-119.51895722958,49.79704984973],[-119.51846174201,49.79725844513],[-119.51765398208,49.79775975359],[-119.51634347663,49.79863089296],[-119.51570625122,49.79894172092],[-119.51318524492,49.79983853769],[-119.51289549945,49.79990572197],[-119.50690926238,49.79995452697],[-119.50714494111,49.79942638739],[-119.50771909776,49.79885620619],[-119.50792853678,49.79863420789],[-119.50815332734,49.79834794368],[-119.50825899151,49.79793839702],[-119.50849109897,49.79693410257],[-119.50850290918,49.79639368273],[-119.50848669093,49.79619971485],[-119.50822326593,49.79540396843],[-119.50960416059,49.7951878778],[-119.50980452328,49.79516743906],[-119.50985506629,49.79515225127],[-119.51010778077,49.79507631195],[-119.51041284582,49.79494487181],[-119.51060235463,49.79516630435],[-119.51084059989,49.79541286059],[-119.51080266861,49.79570264036],[-119.51088117273,49.79589777821],[-119.51124847428,49.79632428375],[-119.51139287385,49.79643996731],[-119.51164828669,49.79658194456],[-119.51193078086,49.79667601433],[-119.51221508354,49.79672977089],[-119.51250119391,49.79674321421],[-119.51278911112,49.79671634426],[-119.51299128613,49.79665558649],[-119.51421966719,49.79622676526],[-119.51473321608,49.79617184633],[-119.51465830276,49.79589608666],[-119.51450577276,49.79568342487],[-119.51449403974,49.79566706627],[-119.51430089746,49.79552626541],[-119.51402021116,49.79539189057],[-119.51349223551,49.79521252699],[-119.51359693047,49.79510152314],[-119.51372689555,49.79498292434],[-119.51395162587,49.79469665055],[-119.51412581256,49.7944255665],[-119.51415469325,49.79433734727],[-119.51419891663,49.79418486241],[-119.514227797,49.79409664324],[-119.51441280967,49.7941404608],[-119.51459782273,49.79418427803],[-119.51494618889,49.7941988824],[-119.51566006623,49.79412350946],[-119.51590103058,49.79403119715],[-119.5161726731,49.79381035252],[-119.51666360839,49.79342416479],[-119.51680889773,49.79324129679],[-119.51690545043,49.79303330804],[-119.51694513871,49.79270321671],[-119.51696408142,49.79255832714],[-119.51658321869,49.79215580232],[-119.51632873109,49.79227206937],[-119.51623938962,49.79231880947],[-119.51548401106,49.7916510475],[-119.51442724648,49.79214764822],[-119.51386049799,49.79255660766],[-119.51359065704,49.79273713304],[-119.51328651422,49.79312681209],[-119.51325763252,49.79321503069],[-119.51316106097,49.79342301599],[-119.51309337085,49.79354278267],[-119.51299499138,49.79379108006],[-119.51296791494,49.79383898675],[-119.51291014905,49.79401542422],[-119.51289661072,49.79403937757],[-119.51277115188,49.79433558192],[-119.51257440823,49.79427540249],[-119.51169989653,49.79404110515],[-119.51144088357,49.79397975333],[-119.51129287651,49.79394469485],[-119.51167289112,49.79297546537],[-119.511887701,49.79263252772],[-119.51209978131,49.79262844321],[-119.51211331964,49.79260449009],[-119.51249327732,49.79219203191],[-119.51258442941,49.79210498346],[-119.51283080807,49.79189174409],[-119.51340928902,49.79149915004],[-119.51440378138,49.79100139299],[-119.51513023303,49.79064384343],[-119.51613641602,49.79016242854],[-119.51601729237,49.79003915917],[-119.51594690048,49.78994101058],[-119.51590538265,49.78975464366],[-119.51596493297,49.7895378956],[-119.51617788616,49.78923526415],[-119.5164260318,49.78898170652],[-119.51646663561,49.78890984628],[-119.51655777204,49.78882279515],[-119.51671477751,49.78865628821],[-119.51682305181,49.78846466082],[-119.51685192254,49.78837644265],[-119.51686725901,49.78831217792],[-119.51687086359,49.78823155531],[-119.51686093405,49.78817488612],[-119.51683927276,49.78810185906],[-119.51676255765,49.78786642008],[-119.5167760917,49.78784246671],[-119.51674269909,49.78775308184],[-119.51674630386,49.78767245939],[-119.51673637463,49.78761579031],[-119.51674990862,49.78759183697],[-119.51675351337,49.78751121456],[-119.51678238358,49.78742299671],[-119.51682298523,49.78735113672],[-119.51685185518,49.7872629189],[-119.51701065561,49.78705610127],[-119.51706298805,49.78700059907],[-119.51707832368,49.78693633462],[-119.51711892433,49.78686447463],[-119.51710899479,49.78680780575],[-119.51711079678,49.78676749465],[-119.51712433027,49.78674354133],[-119.51711440074,49.78668687246],[-119.51709273978,49.78661384584],[-119.51682924318,49.78637490786],[-119.51663433407,49.78627442721],[-119.51638889634,49.78618913691],[-119.51615519058,49.78612020387],[-119.51585742199,49.78609041381],[-119.51563184158,49.78611845939],[-119.51523211762,49.78641758287],[-119.51507872263,49.78650346407],[-119.51482606993,49.78657941388],[-119.5144759637,49.78660512049],[-119.51427744974,49.78658525712],[-119.51411773658,49.78653384571],[-119.51394268349,49.7865466979],[-119.51370356386,49.78659869197],[-119.51338864675,49.78667346923],[-119.51306019264,49.78677219827],[-119.5135844683,49.78591866249],[-119.51424316356,49.78568088955],[-119.51431895813,49.7856581052],[-119.51438302252,49.78561896275],[-119.51444708679,49.78557982026],[-119.51449942081,49.78552431973],[-119.51456348482,49.78548517718],[-119.51461581856,49.7854296766],[-119.51463115742,49.78536541288],[-119.51465822635,49.78531750716],[-119.5146735651,49.78525324346],[-119.51466363931,49.78519657465],[-119.51465371355,49.78513990585],[-119.51464378781,49.78508323706],[-119.5146338621,49.78502656827],[-119.51462393642,49.7849698995],[-119.5146392751,49.78490563589],[-119.51465461372,49.78484137228],[-119.5146699523,49.78477710869],[-119.5146970208,49.78472920306],[-119.5147493534,49.78467370256],[-119.51480168586,49.78461820204],[-119.51485401818,49.7845627015],[-119.51491808036,49.78452355885],[-119.51549463447,49.7841712734],[-119.5155839591,49.78412453532],[-119.51566155336,49.78406143937],[-119.51573914739,49.78399834337],[-119.51581674117,49.78393524732],[-119.51671894888,49.78270955519],[-119.51682360336,49.7825985528],[-119.5169399875,49.7825039079],[-119.51718628617,49.78229066481],[-119.51731620049,49.78217206662],[-119.51745784437,49.78206982577],[-119.51751016987,49.78201432431],[-119.51748851066,49.78194129898],[-119.51744339104,49.78183555875],[-119.51739827165,49.78172981855],[-119.51738834296,49.78167315071],[-119.51739014445,49.78163284034],[-119.517492993,49.78156214802],[-119.51764636455,49.78147626454],[-119.51771222044,49.78139681015],[-119.51771762392,49.78127587914],[-119.52402137496,49.78103067893],[-119.52405477792,49.78112005921],[-119.52407106354,49.78131401421],[-119.52407561654,49.78149161269],[-119.52408555438,49.78154827981],[-119.52416409445,49.78174339732],[-119.52420743641,49.78188944495],[-119.52423725086,49.78205944655],[-119.5242589221,49.78213247042],[-119.52431220314,49.78233518547],[-119.52434201836,49.7825051873],[-119.5243501621,49.78260216523],[-119.52440523887,49.7827645699],[-119.52444858275,49.78291061795],[-119.52447025481,49.782983642],[-119.52456053289,49.78319511687],[-119.52461561129,49.78335752176],[-119.52469415732,49.78355264008],[-119.5247023021,49.78364961834],[-119.52472038618,49.78380326414],[-119.52476014351,49.78402993428],[-119.52477822798,49.78418358027],[-119.52475931661,49.78432846708],[-119.5246898807,49.78448854882],[-119.52460512124,49.78471289572],[-119.52453568408,49.78487297757],[-119.52444098379,49.78504065685],[-119.52432102,49.7852159335],[-119.52426510977,49.78535206125],[-119.52424619606,49.78549694855],[-119.52421375322,49.78566579012],[-119.52415425192,49.78588254022],[-119.52416419093,49.78593920821],[-119.52414168645,49.78616471806],[-119.52419676717,49.78632712488],[-119.52431231471,49.78653100511],[-119.5244043946,49.78670217154],[-119.52448294601,49.78689729234],[-119.52453802906,49.78705969939],[-119.52465358035,49.78726357974],[-119.52477272182,49.78738683744],[-119.52503985951,49.78754513225],[-119.52523479515,49.78764559667],[-119.52548025987,49.78773086531],[-119.52563640449,49.78786288127],[-119.52578260834,49.78793822882],[-119.52585481373,49.78799605823],[-119.52612375276,49.78811403898],[-119.52634575094,49.78816659203],[-119.52671754182,49.78821386787],[-119.52692780546,49.78825006291],[-119.5272490696,49.78831253296],[-119.52734833385,49.78832245165],[-119.52768491878,49.78832065391],[-119.52780944715,49.78832297383],[-119.52805850393,49.78832761319],[-119.52818303234,49.78832993263],[-119.52851961729,49.78832813204],[-119.52876867418,49.7883327696],[-119.52907999537,49.78833856566],[-119.52926678813,49.78834204283],[-119.52945358092,49.78834551964],[-119.52970084829,49.78839046639],[-119.52980011331,49.7884003826],[-119.53011959366,49.78850315487],[-119.53028928251,49.78861120853],[-119.5303497581,49.78865267846],[-119.53045360523,49.78884019682],[-119.5305574533,49.78902771519],[-119.53068656633,49.78920763447],[-119.5307922051,49.78935484112],[-119.53089605601,49.78954235948],[-119.53102338363,49.78976259042],[-119.53107033527,49.78982801557],[-119.53120302972,49.78992731107],[-119.53139799167,49.7900277641],[-119.53169043638,49.79017844299],[-119.5317761801,49.79021231289],[-119.53208394096,49.79029872319],[-119.53215794675,49.79031623658],[-119.53230595853,49.79035126318],[-119.53260019584,49.79046162763],[-119.53267420215,49.79047914063],[-119.53299549239,49.79054159238],[-119.53320577344,49.79057777428],[-119.53354875748,49.79071324834],[-119.53372025035,49.79078098494],[-119.53396396567,49.79090654531],[-119.5341471995,49.79099063723],[-119.53445140076,49.7911576644],[-119.53469333556,49.79132353518],[-119.53499754148,49.79149056087],[-119.53514377535,49.79156589544],[-119.53540919573,49.79176447652],[-119.53560060842,49.79194554618],[-119.53581550373,49.79215932729],[-119.53592116841,49.79230652995],[-119.53608732085,49.79249519954],[-119.53651890775,49.79288244784],[-119.53660926941,49.793093919],[-119.53671315624,49.79328143368],[-119.53680351978,49.79349290496],[-119.53682521932,49.793565929],[-119.53695615682,49.79370553048],[-119.53707357101,49.79386908852],[-119.53714580266,49.79392691084],[-119.53719455141,49.79395202154],[-119.53710018927,49.79467649312],[-119.5369802513,49.79485179117],[-119.53677455438,49.79499322315],[-119.53635319823,49.79521941741],[-119.53489307195,49.79553931036],[-119.53460160692,49.7956468703],[-119.5344112097,49.79572402855],[-119.53207865218,49.79688302021],[-119.53182596715,49.79695901651],[-119.53094871779,49.79706374733],[-119.52998749699,49.79709428534],[-119.52987468149,49.79710832496],[-119.52953623454,49.79715044305],[-119.52835036848,49.79746727699],[-119.52692890169,49.79775549959],[-119.52596048654,49.79794724969],[-119.52479984065,49.79825644354],[-119.52340095945,49.79887587907],[-119.52160402676,49.79975414651],[-119.52126015411,49.7999171756]]]]},"properties":{"a": "2.1225", "q": "0", "t": "DA", "dw": "862", "hh": "836", "id": "59350285", "pop": "2535", "name": "59350285", "rgid": "5935", "rpid": "5935010", "ruid": "9150001.00", "rguid": "59915"}},{"type":"Feature","geometry":{"type":"MultiPolygon","coordinates":[[[[-119.51084059989,49.79541286059],[-119.51124313415,49.79533166542],[-119.51139476207,49.79528609973],[-119.51171155632,49.7951710144],[-119.51189026171,49.79507754141],[-119.51200488512,49.79502321036],[-119.51236409944,49.79479595097],[-119.51261230208,49.79454239801],[-119.51277115188,49.79433558192],[-119.51289661072,49.79403937757],[-119.51291014905,49.79401542422],[-119.51296791494,49.79383898675],[-119.51299499138,49.79379108006],[-119.51309337085,49.79354278267],[-119.51316106097,49.79342301599],[-119.51325763252,49.79321503069],[-119.51328651422,49.79312681209],[-119.51359065704,49.79273713304],[-119.51386049799,49.79255660766],[-119.51442724648,49.79214764822],[-119.51548401106,49.7916510475],[-119.51623938962,49.79231880947],[-119.51632873109,49.79227206937],[-119.51658321869,49.79215580232],[-119.51696408142,49.79255832714],[-119.51694513871,49.79270321671],[-119.51690545043,49.79303330804],[-119.51680889773,49.79324129679],[-119.51666360839,49.79342416479],[-119.5161726731,49.79381035252],[-119.51590103058,49.79403119715],[-119.51566006623,49.79412350946],[-119.51494618889,49.7941988824],[-119.51459782273,49.79418427803],[-119.51441280967,49.7941404608],[-119.514227797,49.79409664324],[-119.51419891663,49.79418486241],[-119.51415469325,49.79433734727],[-119.51412581256,49.7944255665],[-119.51395162587,49.79469665055],[-119.51372689555,49.79498292434],[-119.51359693047,49.79510152314],[-119.51349223551,49.79521252699],[-119.51402021116,49.79539189057],[-119.51430089746,49.79552626541],[-119.51449403974,49.79566706627],[-119.51450577276,49.79568342487],[-119.51465830276,49.79589608666],[-119.51473321608,49.79617184633],[-119.51421966719,49.79622676526],[-119.51299128613,49.79665558649],[-119.51278911112,49.79671634426],[-119.51250119391,49.79674321421],[-119.51221508354,49.79672977089],[-119.51193078086,49.79667601433],[-119.51164828669,49.79658194456],[-119.51139287385,49.79643996731],[-119.51124847428,49.79632428375],[-119.51088117273,49.79589777821],[-119.51080266861,49.79570264036],[-119.51084059989,49.79541286059]]]]},"properties":{"a": "0.1027", "q": "0", "t": "DA", "dw": "139", "hh": "139", "id": "59350286", "pop": "427", "name": "59350286", "rgid": "5935", "rpid": "5935010", "ruid": "9150001.00", "rguid": "59915"}},{"type":"Feature","geometry":{"type":"MultiPolygon","coordinates":[[[[-119.49450678454,49.8175379606],[-119.49457456822,49.81741819661],[-119.49481598068,49.81676910932],[-119.49485664964,49.81669725099],[-119.4950094178,49.81635314068],[-119.4951548843,49.81617028996],[-119.49540514639,49.81587644657],[-119.49552897149,49.81562055675],[-119.49564288819,49.81530799025],[-119.49565304815,49.8148078517],[-119.49558109224,49.81419318054],[-119.4952932995,49.81366318867],[-119.49512099235,49.81333713072],[-119.49498387853,49.81306015864],[-119.49494790683,49.81275282455],[-119.49502298036,49.81247180488],[-119.49503653516,49.81244785243],[-119.49515852763,49.81223228046],[-119.49547471331,49.81185899314],[-119.49610238488,49.81149160633],[-119.49655123577,49.81121766669],[-119.49683482588,49.8110132238],[-119.4972033762,49.81058443647],[-119.4974535897,49.81029059364],[-119.49834738197,49.81038013611],[-119.49881056291,49.81034048035],[-119.49922681852,49.81023537736],[-119.49939206615,49.81016587498],[-119.49978667595,49.80998773315],[-119.50005487083,49.80984754878],[-119.50059671259,49.809446236],[-119.50182213821,49.80854137535],[-119.50304750996,49.80763650231],[-119.50370577766,49.80714053872],[-119.50373105764,49.80713294608],[-119.50403804808,49.80696120642],[-119.50427911365,49.80686891844],[-119.50440551211,49.80683095447],[-119.50459420181,49.80679416506],[-119.50473233204,49.8067725611],[-119.50573625156,49.80663009511],[-119.50617591756,49.80655768461],[-119.50744978557,49.80623468752],[-119.50807631616,49.80616578714],[-119.50951624241,49.80603148936],[-119.5098917951,49.80599820447],[-119.50991707325,49.80599061027],[-119.5103720782,49.80585391354],[-119.51039735616,49.80584631922],[-119.51089298796,49.80563775817],[-119.51103291977,49.80557583178],[-119.51114757355,49.80552149973],[-119.51178855124,49.80513006691],[-119.51247737231,49.80450551372],[-119.51289264049,49.8041421147],[-119.51329074709,49.80388329552],[-119.51448503684,49.80310682973],[-119.51541570681,49.80264818695],[-119.51551861126,49.80257749146],[-119.51920766437,49.80065344807],[-119.52053719051,49.80019415602],[-119.5209298144,49.80005624861],[-119.52103090417,49.80002586104],[-119.52115906478,49.79994756339],[-119.52126015411,49.7999171756],[-119.52160402676,49.79975414651],[-119.52340095945,49.79887587907],[-119.52479984065,49.79825644354],[-119.52596048654,49.79794724969],[-119.52692890169,49.79775549959],[-119.52835036848,49.79746727699],[-119.52953623454,49.79715044305],[-119.52987468149,49.79710832496],[-119.52998749699,49.79709428534],[-119.53094871779,49.79706374733],[-119.53182596715,49.79695901651],[-119.53207865218,49.79688302021],[-119.5344112097,49.79572402855],[-119.53460160692,49.7956468703],[-119.53489307195,49.79553931036],[-119.53635319823,49.79521941741],[-119.53677455438,49.79499322315],[-119.5369802513,49.79485179117],[-119.53710018927,49.79467649312],[-119.53719455141,49.79395202154],[-119.53714580266,49.79392691084],[-119.53707357101,49.79386908852],[-119.53695615682,49.79370553048],[-119.53682521932,49.793565929],[-119.53680351978,49.79349290496],[-119.53671315624,49.79328143368],[-119.53660926941,49.793093919],[-119.53651890775,49.79288244784],[-119.53608732085,49.79249519954],[-119.53592116841,49.79230652995],[-119.53581550373,49.79215932729],[-119.53560060842,49.79194554618],[-119.53540919573,49.79176447652],[-119.53514377535,49.79156589544],[-119.53499754148,49.79149056087],[-119.53469333556,49.79132353518],[-119.53445140076,49.7911576644],[-119.5341471995,49.79099063723],[-119.53396396567,49.79090654531],[-119.53372025035,49.79078098494],[-119.53354875748,49.79071324834],[-119.53320577344,49.79057777428],[-119.53299549239,49.79054159238],[-119.53267420215,49.79047914063],[-119.53260019584,49.79046162763],[-119.53230595853,49.79035126318],[-119.53215794675,49.79031623658],[-119.53208394096,49.79029872319],[-119.5317761801,49.79021231289],[-119.53169043638,49.79017844299],[-119.53139799167,49.7900277641],[-119.53120302972,49.78992731107],[-119.53107033527,49.78982801557],[-119.53102338363,49.78976259042],[-119.53089605601,49.78954235948],[-119.5307922051,49.78935484112],[-119.53068656633,49.78920763447],[-119.5305574533,49.78902771519],[-119.53045360523,49.78884019682],[-119.5303497581,49.78865267846],[-119.53028928251,49.78861120853],[-119.53011959366,49.78850315487],[-119.52980011331,49.7884003826],[-119.52970084829,49.78839046639],[-119.52945358092,49.78834551964],[-119.52926678813,49.78834204283],[-119.52907999537,49.78833856566],[-119.52876867418,49.7883327696],[-119.52851961729,49.78832813204],[-119.52818303234,49.78832993263],[-119.52805850393,49.78832761319],[-119.52780944715,49.78832297383],[-119.52768491878,49.78832065391],[-119.52734833385,49.78832245165],[-119.5272490696,49.78831253296],[-119.52692780546,49.78825006291],[-119.52671754182,49.78821386787],[-119.52634575094,49.78816659203],[-119.52612375276,49.78811403898],[-119.52585481373,49.78799605823],[-119.52578260834,49.78793822882],[-119.52563640449,49.78786288127],[-119.52548025987,49.78773086531],[-119.52523479515,49.78764559667],[-119.52503985951,49.78754513225],[-119.52477272182,49.78738683744],[-119.52465358035,49.78726357974],[-119.52453802906,49.78705969939],[-119.52448294601,49.78689729234],[-119.5244043946,49.78670217154],[-119.52431231471,49.78653100511],[-119.52419676717,49.78632712488],[-119.52414168645,49.78616471806],[-119.52416419093,49.78593920821],[-119.52415425192,49.78588254022],[-119.52421375322,49.78566579012],[-119.52424619606,49.78549694855],[-119.52426510977,49.78535206125],[-119.52432102,49.7852159335],[-119.52444098379,49.78504065685],[-119.52453568408,49.78487297757],[-119.52460512124,49.78471289572],[-119.5246898807,49.78448854882],[-119.52475931661,49.78432846708],[-119.52477822798,49.78418358027],[-119.52476014351,49.78402993428],[-119.52472038618,49.78380326414],[-119.5247023021,49.78364961834],[-119.52469415732,49.78355264008],[-119.52461561129,49.78335752176],[-119.52456053289,49.78319511687],[-119.52447025481,49.782983642],[-119.52444858275,49.78291061795],[-119.52440523887,49.7827645699],[-119.5243501621,49.78260216523],[-119.52434201836,49.7825051873],[-119.52431220314,49.78233518547],[-119.5242589221,49.78213247042],[-119.52423725086,49.78205944655],[-119.52420743641,49.78188944495],[-119.52416409445,49.78174339732],[-119.52408555438,49.78154827981],[-119.52407561654,49.78149161269],[-119.52407106354,49.78131401421],[-119.52405477792,49.78112005921],[-119.52402137496,49.78103067893],[-119.54488235012,49.78099837031],[-119.54492219221,49.77754571999],[-119.54493597376,49.77666649736],[-119.54494851446,49.77411706777],[-119.57953273754,49.77356333585],[-119.58884612267,49.77340073518],[-119.5888816422,49.78156664669],[-119.58890981907,49.78260213551],[-119.58765009577,49.78267809593],[-119.58677617988,49.78262926146],[-119.5863812041,49.78267176101],[-119.58494223348,49.78263611708],[-119.58456158878,49.78259172699],[-119.58401305914,49.78264072372],[-119.58292991254,49.78258928661],[-119.58142497311,49.78262420974],[-119.58108831162,49.78271575102],[-119.58098230667,49.78283324921],[-119.58001919481,49.78297437106],[-119.58001725747,49.78297594972],[-119.58000892035,49.78298144688],[-119.57993800548,49.78320971619],[-119.57928175238,49.78332895143],[-119.57814001338,49.78334982543],[-119.57799496843,49.78340448483],[-119.57782083532,49.78367082275],[-119.57770560524,49.78398704361],[-119.57726678028,49.78419291009],[-119.57667534141,49.7845561712],[-119.57588475825,49.78474072613],[-119.57466979678,49.78491192405],[-119.57370174824,49.78461879989],[-119.57370922746,49.78451807691],[-119.57335732437,49.78438540951],[-119.5728062489,49.78431972281],[-119.57237924167,49.78422360996],[-119.57212173059,49.78425644844],[-119.57154506999,49.78424919104],[-119.5706343168,49.78392883811],[-119.56988703719,49.78391927331],[-119.56875932774,49.78398951317],[-119.56856719818,49.78406629729],[-119.56806028588,49.78440401715],[-119.56805647837,49.78456330506],[-119.56793977254,49.78456763354],[-119.5677588846,49.78451471464],[-119.5674764584,49.7846475427],[-119.56714645586,49.78465645457],[-119.56682407437,49.78473368509],[-119.56626933046,49.78465216062],[-119.56575024144,49.78472499291],[-119.565046766,49.78505427109],[-119.56312156903,49.78543627062],[-119.56228366232,49.78623267766],[-119.5617589576,49.78713365039],[-119.55982516088,49.78723867218],[-119.55947337076,49.78718946784],[-119.55946681591,49.78705419495],[-119.55944120473,49.78702709896],[-119.55942716591,49.78702038688],[-119.55783534612,49.78681452454],[-119.55675978147,49.78701508945],[-119.55573176441,49.78704021098],[-119.55494898805,49.78695766608],[-119.55425334831,49.78693440701],[-119.55337836885,49.78729232958],[-119.55296146955,49.78727861907],[-119.55266418016,49.78736514146],[-119.55218991036,49.78786395692],[-119.55177621402,49.78820331392],[-119.55098571108,49.7885805223],[-119.55050837872,49.78876499194],[-119.55015154297,49.78883064312],[-119.54944093156,49.78906245606],[-119.54901744007,49.78917004497],[-119.54733831832,49.78912055502],[-119.54648324587,49.78922179206],[-119.54604797385,49.78951191274],[-119.54208653831,49.7916726727],[-119.54124554941,49.79215942288],[-119.53982059211,49.79292826938],[-119.53971919146,49.79313578525],[-119.53945718369,49.79325439306],[-119.53926267033,49.79358041468],[-119.53920341488,49.79379314867],[-119.53900828224,49.7939214661],[-119.53896651318,49.79417567639],[-119.53880112616,49.79432189289],[-119.53853706131,49.79479711584],[-119.53806210275,49.79509413975],[-119.53712651969,49.79553271301],[-119.5365725747,49.79567051507],[-119.53578902541,49.79564469055],[-119.53445765733,49.79602627398],[-119.53300945577,49.79676515306],[-119.53147463031,49.79768517156],[-119.52849410377,49.79970312284],[-119.52752987939,49.80013624086],[-119.52709596941,49.80023588273],[-119.52696688217,49.80034927229],[-119.5264844961,49.80059971173],[-119.52542268099,49.80096966529],[-119.52505949069,49.80093666632],[-119.52475928891,49.80101498768],[-119.52465458117,49.80101464815],[-119.52433494004,49.80115151189],[-119.52349370595,49.80113096973],[-119.52122408243,49.80120073835],[-119.51846823757,49.80220506979],[-119.51775936539,49.80276513008],[-119.51575908213,49.80376498014],[-119.51563839362,49.80389868812],[-119.51531784072,49.80395723395],[-119.51510579714,49.80420986708],[-119.51395373526,49.80498955702],[-119.51350827519,49.8051502537],[-119.51273662784,49.80585637651],[-119.51253124819,49.80590416516],[-119.51242146865,49.80598885118],[-119.51247733533,49.8063001741],[-119.51229487985,49.8064206153],[-119.5120088624,49.80676505868],[-119.51125131056,49.80716963741],[-119.51103100647,49.80746649287],[-119.51084407969,49.80750574868],[-119.51069438632,49.80761833027],[-119.51056190407,49.80758356172],[-119.50929748654,49.80800119312],[-119.50674812404,49.80933271043],[-119.50537401511,49.81013517044],[-119.50483330338,49.81069227624],[-119.50425823492,49.81101511431],[-119.50392388015,49.81092165495],[-119.50304925142,49.81131953245],[-119.50207491075,49.81192331613],[-119.50187113108,49.81221118954],[-119.50199035448,49.81357723211],[-119.50228051566,49.81478955006],[-119.50257434331,49.81571344398],[-119.50259302548,49.81637794591],[-119.50328229824,49.81814454053],[-119.50340795367,49.81831758995],[-119.50374244382,49.81846471992],[-119.50410841264,49.81877142],[-119.504514614,49.81890497042],[-119.50483366479,49.81906940169],[-119.50464005327,49.81906913759],[-119.50436552591,49.81907203148],[-119.50426619303,49.8190620885],[-119.50397993019,49.81904862014],[-119.50371895482,49.819027558],[-119.50345797973,49.81900649516],[-119.50333335989,49.81900414413],[-119.50310940765,49.81899184878],[-119.50308412026,49.81899944158],[-119.50282314567,49.81897837706],[-119.50253688388,49.81896490451],[-119.50230119728,49.81893624595],[-119.50206369288,49.81894790221],[-119.50179098455,49.81891047353],[-119.50165463057,49.81889175891],[-119.50140721059,49.81884673674],[-119.50127085699,49.81882802159],[-119.50123383503,49.81881925239],[-119.50093947912,49.818708783],[-119.50080312619,49.81869006721],[-119.50054215473,49.81866899666],[-119.50020532042,49.81867070158],[-119.49999310472,49.81867476078],[-119.49993079541,49.81867358309],[-119.49980617678,49.81867122758],[-119.49968155817,49.81866887192],[-119.49940703312,49.81867175196],[-119.49935645737,49.81868693563],[-119.49907019875,49.818673453],[-119.49884624957,49.81866114795],[-119.49863585527,49.81862488894],[-119.49835324083,49.81853077368],[-119.49801014086,49.8183951635],[-119.49780339323,49.81827827229],[-119.49752260562,49.81814383957],[-119.49720479948,49.81800063541],[-119.49692219259,49.81790651625],[-119.49679939971,49.8178638418],[-119.49678766741,49.81784747981],[-119.49646986612,49.81770427343],[-119.49634707431,49.81766159844],[-119.49606264776,49.81760779201],[-119.49577822195,49.81755398476],[-119.4956418752,49.81753526189],[-119.49549197238,49.81754049176],[-119.49519216662,49.81755095082],[-119.49485534124,49.81755263741],[-119.49454380392,49.81754673229],[-119.49451851584,49.81755432285],[-119.49450678454,49.8175379606]]]]},"properties":{"a": "6.7045", "q": "0", "t": "DA", "dw": "271", "hh": "247", "id": "59350287", "pop": "659", "name": "59350287", "rgid": "5935", "rpid": "5935010", "ruid": "9150001.00", "rguid": "59915"}},{"type":"Feature","geometry":{"type":"MultiPolygon","coordinates":[[[[-119.48305301125,49.81270418244],[-119.48301599867,49.81269540657],[-119.48278219833,49.81262638771],[-119.48259897318,49.81254219362],[-119.4822578123,49.81236621722],[-119.48208631424,49.81229838566],[-119.48178033165,49.81217149801],[-119.48165757158,49.81212880551],[-119.4814120522,49.81204342006],[-119.48107894811,49.81196443138],[-119.48078285666,49.81189421829],[-119.48051021443,49.81185673151],[-119.4802122855,49.8118268307],[-119.47990263314,49.81178056533],[-119.47959298149,49.81173429899],[-119.47928333053,49.81168803169],[-119.47896195683,49.81162539966],[-119.47868931803,49.81158790786],[-119.47840495655,49.81153405149],[-119.47809530843,49.81148778047],[-119.47795898982,49.81146903347],[-119.47766106555,49.81143912497],[-119.47751118265,49.81144432731],[-119.47744888492,49.8114431354],[-119.47719969405,49.81143836735],[-119.47693878067,49.81141723468],[-119.47667786755,49.81139610132],[-119.47654154989,49.81137735237],[-119.47629420257,49.81133226819],[-119.47598455834,49.81128599056],[-119.47583651928,49.81125087654],[-119.47556572956,49.81117306232],[-119.47544297891,49.81113036221],[-119.47514874723,49.81101981859],[-119.47490324796,49.81093441722],[-119.47465774972,49.81084901526],[-119.47450971336,49.81081389929],[-119.47428765929,49.81076122493],[-119.47405388457,49.81069218578],[-119.47393113692,49.81064948385],[-119.47367207579,49.81058802889],[-119.47343830309,49.81051898832],[-119.47316752272,49.8104411677],[-119.47288502272,49.81034698194],[-119.47261424453,49.81026915985],[-119.4724292039,49.8102252611],[-119.472218876,49.81018894663],[-119.47207205368,49.80985526766],[-119.4719770186,49.80920786109],[-119.47245995862,49.80928168548],[-119.47263327478,49.80930921964],[-119.47296818738,49.80934792272],[-119.47372744143,49.8093786213],[-119.47374838938,49.80919341811],[-119.47386679307,49.80905850194],[-119.47410609345,49.80900660075],[-119.47431641697,49.80904291103],[-119.47467661552,49.80907402312],[-119.47495107827,49.80907121223],[-119.47563380972,49.80886640701],[-119.47609699548,49.8088268585],[-119.4764707579,49.80883401446],[-119.47685439987,49.80889784634],[-119.47799796784,49.80925058729],[-119.47818485112,49.80925416184],[-119.47836001192,49.80924137234],[-119.47838529786,49.80923378616],[-119.47904088898,49.80907685687],[-119.4791845606,49.808934348],[-119.48033619488,49.80938405259],[-119.48070628583,49.80947181973],[-119.48221746252,49.80969434627],[-119.48339443677,49.81013642904],[-119.48388913314,49.81022656066],[-119.48474771841,49.81026713747],[-119.48722967345,49.81025792138],[-119.48842686007,49.81025649176],[-119.48857673726,49.81025127279],[-119.49128259151,49.81025428243],[-119.49239219755,49.81025921084],[-119.49558469462,49.81025519841],[-119.49695704012,49.81024084433],[-119.4974535897,49.81029059364],[-119.4972033762,49.81058443647],[-119.49683482588,49.8110132238],[-119.49655123577,49.81121766669],[-119.49610238488,49.81149160633],[-119.49547471331,49.81185899314],[-119.49515852763,49.81223228046],[-119.49503653516,49.81244785243],[-119.49502298036,49.81247180488],[-119.49494790683,49.81275282455],[-119.49498387853,49.81306015864],[-119.49512099235,49.81333713072],[-119.4952932995,49.81366318867],[-119.49558109224,49.81419318054],[-119.49565304815,49.8148078517],[-119.49564288819,49.81530799025],[-119.49552897149,49.81562055675],[-119.49540514639,49.81587644657],[-119.4951548843,49.81617028996],[-119.4950094178,49.81635314068],[-119.49485664964,49.81669725099],[-119.49481598068,49.81676910932],[-119.49457456822,49.81741819661],[-119.49450678454,49.8175379606],[-119.49433159345,49.81755077925],[-119.4941446711,49.8175472353],[-119.49387015315,49.81755009987],[-119.49373380728,49.81753137435],[-119.49363630703,49.81748110565],[-119.4932815006,49.81732911712],[-119.49312352119,49.81723735103],[-119.4929285238,49.81713681243],[-119.49268295116,49.81705145364],[-119.49253487711,49.81701636405],[-119.49242382174,49.81699004672],[-119.49214930739,49.81699290648],[-119.49184950477,49.81700335533],[-119.49182421653,49.81701094518],[-119.49158489196,49.81706289097],[-119.49144489183,49.81712479216],[-119.49121729601,49.81719309967],[-119.49097979853,49.81720472909],[-119.4907576889,49.81715209075],[-119.49063490466,49.81710940871],[-119.49037760744,49.81700768149],[-119.49018261785,49.81690713753],[-119.4900147475,49.81675868899],[-119.48993081279,49.81668446465],[-119.48975121514,49.81651965304],[-119.48959690718,49.81634725195],[-119.48953826227,49.81626543812],[-119.48949134651,49.81619998704],[-119.48946971903,49.81612694675],[-119.48945175237,49.815973277],[-119.4894671419,49.81590901031],[-119.4895385981,49.81570862108],[-119.48952869957,49.81565194365],[-119.48951880108,49.81559526624],[-119.48942863201,49.81538373507],[-119.48928422773,49.81526801153],[-119.48922375443,49.81522651244],[-119.48894484649,49.81505174206],[-119.48886091718,49.81497751724],[-119.48861902812,49.81481151982],[-119.48859557178,49.81477879424],[-119.48844934068,49.81470338424],[-119.48832656614,49.81466069969],[-119.48805756205,49.81454260445],[-119.48793478839,49.81449991943],[-119.48756646895,49.8143718635],[-119.48729563653,49.81429408075],[-119.48701307776,49.81419993433],[-119.48674224751,49.8141221501],[-119.48649670569,49.81403677676],[-119.48621415052,49.81394262813],[-119.48617713616,49.81393385341],[-119.48593159663,49.81384847871],[-119.48576008635,49.8137806532],[-119.48550282198,49.81367891441],[-119.48527084623,49.81356958691],[-119.48500002343,49.81349179806],[-119.48471747541,49.81339764531],[-119.48449722944,49.81330467926],[-119.48444848993,49.81327954072],[-119.48417950599,49.81316143544],[-119.48387534622,49.81299423972],[-119.48365510431,49.81290127192],[-119.4833472762,49.81281470305],[-119.48305301125,49.81270418244]]]]},"properties":{"a": "0.7171", "q": "0", "t": "DA", "dw": "198", "hh": "192", "id": "59350288", "pop": "501", "name": "59350288", "rgid": "5935", "rpid": "5935010", "ruid": "9150001.00", "rguid": "59915"}},{"type":"Feature","geometry":{"type":"MultiPolygon","coordinates":[[[[-119.36324127368,49.9684529603],[-119.36438054712,49.96845177664],[-119.36496874771,49.96845559243],[-119.36569762489,49.96865603973],[-119.36574843495,49.96864091692],[-119.36617444381,49.96863337372],[-119.36717108064,49.96847585736],[-119.3677006626,49.96839772653],[-119.36925226035,49.96841288291],[-119.36979549619,49.96960274219],[-119.37010620878,49.97042455271],[-119.36646735292,49.97085176383],[-119.36634032152,49.97088957202],[-119.36623869624,49.97091981846],[-119.36610774732,49.97103829482],[-119.36599828684,49.97122987804],[-119.36599428519,49.97208572365],[-119.36600209197,49.97218277884],[-119.36599618772,49.97256217508],[-119.36597265436,49.97330458257],[-119.36515378582,49.97315076616],[-119.3637896302,49.97313933928],[-119.36328218799,49.9691562876],[-119.36324127368,49.9684529603]]]]},"properties":{"a": "0.1591", "q": "0", "t": "DA", "dw": "137", "hh": "136", "id": "59350344", "pop": "406", "name": "59350344", "rgid": "5935", "rpid": "5935010", "ruid": "9150105.02", "rguid": "59915"}},{"type":"Feature","geometry":{"type":"MultiPolygon","coordinates":[[[[-119.3904141468,49.86470204817],[-119.39037710723,49.86469323581],[-119.39016065984,49.86451940228],[-119.3901138473,49.86445389276],[-119.38992466849,49.86423217426],[-119.38963607817,49.86400039519],[-119.38945667615,49.86383537313],[-119.38934158047,49.86363127931],[-119.38928885982,49.86342843354],[-119.38928101873,49.86333141707],[-119.38928681082,49.86321045854],[-119.38932179965,49.86300129641],[-119.38939575632,49.86276062766],[-119.38943665498,49.86268880144],[-119.38954764778,49.86245694547],[-119.38967034164,49.86224146687],[-119.38973850434,49.86212175655],[-119.38982029905,49.86197810416],[-119.39007352236,49.86164416281],[-119.39014554243,49.8614438139],[-119.39026823013,49.86122833532],[-119.39033831897,49.86106830578],[-119.39041419569,49.86078731871],[-119.39042384299,49.86058572287],[-119.39042963133,49.86046476544],[-119.39040224291,49.86025435762],[-119.39038076833,49.86018128431],[-119.39035929382,49.86010821101],[-119.39022864301,49.85996838192],[-119.38992451939,49.85980086812],[-119.38982511596,49.85979080808],[-119.38954053779,49.85973668551],[-119.38925596036,49.85968256213],[-119.388934349,49.8596196252],[-119.38888561307,49.8595944352],[-119.38863807204,49.85954912281],[-119.38821706039,49.85947612223],[-119.38811765816,49.85946606047],[-119.38802018773,49.85941567967],[-119.38791101675,49.85934892143],[-119.38776867598,49.8591927121],[-119.38758930243,49.85902768942],[-119.38751909919,49.8589294252],[-119.38750739868,49.85891304782],[-119.38734166017,49.85872408338],[-119.38729679114,49.85861825504],[-119.38719342102,49.8584305398],[-119.3871485527,49.85832471149],[-119.38708221694,49.8581458097],[-119.38702951447,49.85794296663],[-119.38696511256,49.85772374631],[-119.38692411108,49.85753728084],[-119.38687924442,49.85743145274],[-119.38680121153,49.85723617396],[-119.3867485116,49.85703333139],[-119.3867250101,49.85674228799],[-119.38673080878,49.85662133241],[-119.38678727119,49.85648524916],[-119.38684373322,49.85634916594],[-119.38690996169,49.85626977851],[-119.38705604993,49.85608706241],[-119.3871261425,49.85592703804],[-119.38718453505,49.85575063648],[-119.38723906243,49.85565487178],[-119.38730528901,49.85557548428],[-119.3875118026,49.85543433554],[-119.38775341349,49.85534231786],[-119.38784110604,49.85533600271],[-119.38786643701,49.8553284386],[-119.38817824482,49.85533468262],[-119.3885036837,49.85531698432],[-119.38879016073,49.85533079067],[-119.38891488391,49.85533328723],[-119.38920136119,49.85534709238],[-119.38941377677,49.85534327186],[-119.38956383069,49.85533820308],[-119.38966515324,49.85530794483],[-119.38974307493,49.85524493269],[-119.38982099638,49.85518192051],[-119.38985018641,49.85509371915],[-119.38982087475,49.85492363348],[-119.38978963354,49.85479386621],[-119.38961027106,49.85462884977],[-119.38941534972,49.85452809274],[-119.38929255923,49.85448527856],[-119.38913273893,49.85443365173],[-119.38900994902,49.8543908372],[-119.38871564044,49.85428001811],[-119.38853435351,49.8541553182],[-119.38841542728,49.85403186659],[-119.38830626995,49.85396511005],[-119.38805285854,49.85378246562],[-119.38801582931,49.85377365272],[-119.38795540166,49.85373208576],[-119.38771562407,49.85352549951],[-119.38763373093,49.85341086022],[-119.38754400319,49.85319920776],[-119.38745234437,49.85302787339],[-119.38731775576,49.8527103949],[-119.38724756395,49.85261213265],[-119.3872007696,49.85254662448],[-119.38713444294,49.85236772635],[-119.38708958138,49.85226190026],[-119.38703302166,49.85213969716],[-119.38690820495,49.85187891397],[-119.38677952462,49.8516987665],[-119.38667617426,49.85151105528],[-119.38658065724,49.85142035667],[-119.38640915434,49.85135234892],[-119.38606421696,49.85125665031],[-119.38573097876,49.85117732767],[-119.385374347,49.85106524957],[-119.38505474323,49.85096198416],[-119.38474683817,49.85087509499],[-119.38441360561,49.85079576799],[-119.38407843913,49.85075675752],[-119.38380562772,49.85071899739],[-119.38366922221,49.85070011704],[-119.38337108263,49.85066991862],[-119.38320934854,49.85065860046],[-119.38312360139,49.85062459377],[-119.3829871965,49.85060571249],[-119.38265396952,49.8505263796],[-119.38240842677,49.85044073541],[-119.38231098473,49.85039035055],[-119.38203229308,49.85021525544],[-119.3817652995,49.8500565372],[-119.38163470984,49.84991670163],[-119.38155284083,49.84980205873],[-119.38149041855,49.84954252367],[-119.38141242622,49.84934724602],[-119.38140073087,49.84933086847],[-119.3813348118,49.84923855865],[-119.38141388642,49.84934283617],[-119.38146292392,49.84946529413],[-119.3814991728,49.84949023633],[-119.38159758051,49.84952046312],[-119.38168429284,49.8495343123],[-119.38179048597,49.84953241025],[-119.38189083129,49.84952231934],[-119.38198629735,49.84948388087],[-119.38201006517,49.84946983006],[-119.382010248,49.84942705603],[-119.3821133798,49.8492810201],[-119.38247011298,49.84915662396],[-119.38258697924,49.84901046],[-119.38266349828,49.84882070814],[-119.38260339964,49.84820084089],[-119.38217694418,49.8477241444],[-119.38179061239,49.84751662049],[-119.38063500179,49.84748613121],[-119.38042271039,49.84743626079],[-119.3803206816,49.84731273759],[-119.38032336174,49.84711423974],[-119.38053467776,49.84676900545],[-119.3806607898,49.84658630698],[-119.3805629047,49.8462727913],[-119.38020289075,49.84603754177],[-119.37961068917,49.84602361382],[-119.37858771826,49.84605186241],[-119.37818413541,49.84613857587],[-119.37813835739,49.84618204592],[-119.37810427242,49.84624189372],[-119.37809551455,49.84629418017],[-119.37810526686,49.84635087483],[-119.37812768283,49.84640378882],[-119.3781627625,49.84645292213],[-119.37821050591,49.84649827473],[-119.37827276166,49.84652737347],[-119.37841898569,49.84652345606],[-119.37887444705,49.84668897252],[-119.37859825258,49.84661100438],[-119.37841508957,49.84652660612],[-119.37811504325,49.84653670914],[-119.37805269533,49.84653545407],[-119.37791436527,49.84655688294],[-119.3777214977,49.84667406803],[-119.37748966687,49.8468227531],[-119.3773669552,49.84703820485],[-119.377283205,49.84722215636],[-119.37721308897,49.84738216882],[-119.37685853586,49.84774630471],[-119.37677478195,49.84793025624],[-119.37675531983,49.84807514664],[-119.37677097678,49.84852745224],[-119.37681386549,49.84867359884],[-119.37679246089,49.84885880684],[-119.37684898567,49.84898101443],[-119.37706335301,49.84919518503],[-119.3770847982,49.84926825843],[-119.37707897219,49.84938921033],[-119.37710628522,49.84959961383],[-119.3770907075,49.84966387044],[-119.37705566782,49.84987301843],[-119.37695827452,49.85008091079],[-119.37687840078,49.85018422907],[-119.37681410506,49.85022329062],[-119.37672642172,49.85022959583],[-119.37653936129,49.85022582783],[-119.37626461749,49.85022836427],[-119.37596454363,49.85023846085],[-119.37574240319,49.85018555659],[-119.37564496991,49.85013516517],[-119.37550076404,49.85001926051],[-119.37542866141,49.84996130812],[-119.37526301447,49.84977232927],[-119.37519285648,49.84967405944],[-119.37506423437,49.84949389805],[-119.37495899893,49.84934649323],[-119.37475244585,49.84922933071],[-119.37456539015,49.84922555897],[-119.37437638984,49.84926210411],[-119.37404321288,49.84944102427],[-119.37386201317,49.84957458142],[-119.3736418444,49.84973963739],[-119.37341192717,49.84984799713],[-119.37327358355,49.84986941973],[-119.37297351159,49.84987950718],[-119.37272410027,49.84987447359],[-119.37247663555,49.84982912209],[-119.37239089901,49.84979510614],[-119.37205964599,49.84967542034],[-119.3717420337,49.84953179496],[-119.37144780643,49.84942092609],[-119.3711672198,49.84928611798],[-119.37100939042,49.84919414549],[-119.37079505461,49.84897996169],[-119.37070347497,49.84880861426],[-119.37062358694,49.84865364564],[-119.3705066788,49.84848985771],[-119.37041510144,49.8483185103],[-119.37030988568,49.84817110112],[-119.37022610305,49.84809676649],[-119.37002151859,49.84793927759],[-119.3697701746,49.847716273],[-119.3691291577,49.84729167898],[-119.36904342921,49.84725766043],[-119.36875117555,49.84710646755],[-119.36848035276,49.8470283486],[-119.36838098544,49.84701826734],[-119.36820758041,49.8469905457],[-119.36792116839,49.84697667983],[-119.36766008609,49.84695525443],[-119.36718858147,49.84689728446],[-119.36684177426,49.8468418367],[-119.36659628644,49.84675615416],[-119.36641509975,49.8466314168],[-119.3662826207,49.84653187922],[-119.36616378331,49.84640840401],[-119.36609365279,49.84631012886],[-119.3659417045,49.84609719929],[-119.36546636833,49.84560329705],[-119.36533584822,49.84546344203],[-119.3652520801,49.84538910387],[-119.36503584049,49.84521522686],[-119.36474556996,49.84502370672],[-119.36448841,49.84492164018],[-119.36415917367,49.84476161342],[-119.36392734559,49.84465198778],[-119.36381629813,49.84462552264],[-119.36369356385,49.844582678],[-119.36355914296,49.84452345382],[-119.36332536257,49.84445414319],[-119.36306820969,49.84435207315],[-119.36283638683,49.8442424451],[-119.36256755011,49.84412399436],[-119.36240780363,49.844072326],[-119.3621603852,49.84402694947],[-119.36202401182,49.84400803955],[-119.36178828021,49.84397904164],[-119.36135578978,49.84388955055],[-119.36105771597,49.84385928523],[-119.36088432919,49.84383155099],[-119.36059989954,49.84377734775],[-119.36036612837,49.84370803027],[-119.36015964518,49.84359083944],[-119.36001550589,49.84347491474],[-119.35998240892,49.84338545936],[-119.3599532291,49.84321537179],[-119.36003509023,49.84307175371],[-119.36019489427,49.84286514963],[-119.3602475092,49.84280972026],[-119.36020664369,49.84262325344],[-119.36016186204,49.8425174187],[-119.36015017709,49.84250103902],[-119.36000995846,49.84230448281],[-119.35993012335,49.84214950905],[-119.35987757526,49.84194666284],[-119.35979774134,49.84179168916],[-119.35966529389,49.84169214436],[-119.3594218107,49.8415661296],[-119.35918805409,49.84149680986],[-119.35907701819,49.84147033966],[-119.35852184083,49.84133798684],[-119.35837379414,49.84130269223],[-119.35806209725,49.84129635407],[-119.35782442347,49.84130766271],[-119.35760039388,49.84129503493],[-119.35728673614,49.84132901008],[-119.35710944017,49.84138190099],[-119.35701981137,49.84142850421],[-119.35678989681,49.84153682194],[-119.3564820343,49.84170812202],[-119.35615080287,49.841846661],[-119.35592088369,49.84195497685],[-119.35575526632,49.84202424559],[-119.35552927068,49.84205192889],[-119.35542795568,49.84208215057],[-119.35509868091,49.84218037033],[-119.35484342809,49.84229623912],[-119.35458817383,49.84241210729],[-119.35435824737,49.84252041971],[-119.35411663712,49.84261235123],[-119.35376202552,49.84271812178],[-119.35330805862,49.84281379475],[-119.35319505785,49.84282763369],[-119.35315804595,49.84281880801],[-119.35277034926,49.84283511754],[-119.35218394575,49.8428312307],[-119.35204758092,49.84281230703],[-119.35178653333,49.84279083982],[-119.35148847453,49.84276054561],[-119.35136379177,49.84275800173],[-119.35122742756,49.84273907692],[-119.35100339219,49.84272643405],[-119.3507676757,49.84269740985],[-119.35053195954,49.8426683851],[-119.35023390255,49.8426380871],[-119.35010922023,49.84263554162],[-119.34987350489,49.84260651529],[-119.34957348019,49.84261653111],[-119.34951113908,49.84261525797],[-119.3492617747,49.84261016502],[-119.34917410337,49.8426164455],[-119.34899679142,49.84266932202],[-119.3488564899,49.84273102554],[-119.34875319887,49.84280155623],[-119.34855829619,49.84295899841],[-119.34843938409,49.84309377942],[-119.34833018176,49.84328525735],[-119.34826967033,49.84350194399],[-119.34826179043,49.84366320764],[-119.34827727165,49.84385723373],[-119.34828107236,49.84403487876],[-119.34828881307,49.84413189191],[-119.34824589099,49.84424401233],[-119.34824392096,49.84428432834],[-119.34823407077,49.84448590847],[-119.34818720797,49.84467866113],[-119.3481462552,49.84475046565],[-119.3480566089,49.84479706126],[-119.34773897547,49.84491163856],[-119.34750507543,49.84510056814],[-119.34737644398,49.84517865141],[-119.34713283136,49.84531088276],[-119.34689118857,49.84540279743],[-119.34669050084,49.84542290746],[-119.34637680261,49.84545684831],[-119.34577670978,49.84547685789],[-119.34530130704,49.84549941557],[-119.34489992887,49.84553962873],[-119.34471091916,49.8455761164],[-119.34445956362,49.84561132735],[-119.34425689967,49.84567174855],[-119.34398991521,49.84577120883],[-119.34372292945,49.84587066843],[-119.34362932644,49.8459978925],[-119.34360974847,49.84614277534],[-119.34359987512,49.84634435632],[-119.34364264368,49.84649051624],[-119.34373213086,49.84670220371],[-119.34375351552,49.84677528373],[-119.34374561728,49.84693654887],[-119.34373574441,49.84713813042],[-119.34372011549,49.84720238118],[-119.34373557661,49.84739641039],[-119.34373162741,49.84747704312],[-119.34377242304,49.84766351997],[-119.3437801538,49.84776053471],[-119.34376452471,49.84782478561],[-119.34373129177,49.8479936039],[-119.34368637856,49.84814604032],[-119.34364541448,49.84821784384],[-119.34354785623,49.84842570188],[-119.3435243271,49.848651219],[-119.3434950423,49.84873940459],[-119.34342479224,49.8488993938],[-119.34336622175,49.8490757651],[-119.34327458547,49.84916267366],[-119.34321025944,49.84920171311],[-119.34303291144,49.8492545801],[-119.34275422079,49.84933765617],[-119.34256321588,49.84941445681],[-119.3422845232,49.8494975316],[-119.34220851591,49.84952018823],[-119.34221444449,49.84939923836],[-119.34222037302,49.84927828854],[-119.34208431488,49.84314128705],[-119.34207927771,49.84197085553],[-119.34202950781,49.8406945865],[-119.34295882519,49.84057642263],[-119.34356262793,49.84073407374],[-119.34393648991,49.84100000872],[-119.34461629317,49.8411349963],[-119.34539363334,49.84106212469],[-119.34585548815,49.8408052269],[-119.34595877914,49.84073469976],[-119.34642654163,49.84035685333],[-119.34690597448,49.83999538629],[-119.34710284037,49.83979763366],[-119.34795065053,49.83904821],[-119.34798962794,49.83901672226],[-119.35333007405,49.83672862999],[-119.35384051769,49.83649690418],[-119.35438020822,49.83617699095],[-119.35452047911,49.83611528097],[-119.35479130189,49.83593516555],[-119.35491989036,49.83585707512],[-119.35499782841,49.83579409481],[-119.35526864699,49.83561397827],[-119.35545180811,49.83544014702],[-119.35640459568,49.83457981146],[-119.35651953418,49.83452565443],[-119.35684098523,49.83433042339],[-119.35708254075,49.83423848785],[-119.3580623936,49.83384680477],[-119.35842859946,49.8337574014],[-119.35879284454,49.83370831141],[-119.3596167481,49.83370084662],[-119.36066268309,49.83374631067],[-119.36082434448,49.83375766522],[-119.36170666405,49.83383207841],[-119.36266104321,49.83396444223],[-119.36324536648,49.83400858134],[-119.36355700896,49.83401490291],[-119.36397771629,49.83408800247],[-119.36423676115,49.83414975157],[-119.36479185988,49.83428206879],[-119.3649301555,49.8342606593],[-119.36513077986,49.83424051285],[-119.36529830295,49.8341309153],[-119.36536453722,49.83405154858],[-119.36692678921,49.8324528796],[-119.36697753981,49.8311464336],[-119.3669814419,49.83106580456],[-119.366958117,49.83051651808],[-119.36707693208,49.83038172064],[-119.36727753648,49.83036157008],[-119.36742750201,49.83035653551],[-119.36747619016,49.83038173355],[-119.36751319394,49.83039055345],[-119.36758330071,49.83048882211],[-119.36789880136,49.83067276579],[-119.36800786379,49.8307395395],[-119.368093557,49.83077355699],[-119.36847138614,49.83095876033],[-119.36878299582,49.83122333059],[-119.36894269092,49.83153325187],[-119.36897578855,49.83188096644],[-119.36889786953,49.83220222316],[-119.36858621649,49.83271245166],[-119.36861152549,49.83296316001],[-119.36915102204,49.83367623848],[-119.36939253953,49.83384254061],[-119.36972365732,49.83396222874],[-119.3697606648,49.83397104792],[-119.37044238438,49.83406553865],[-119.37075208091,49.83411215244],[-119.37108709915,49.83415120603],[-119.37271350383,49.83432126118],[-119.37357053626,49.83440312771],[-119.37642809547,49.8354373307],[-119.37688196752,49.8355998228],[-119.37819490366,49.83606209385],[-119.37887673012,49.83641479684],[-119.37983915592,49.8371605445],[-119.38004566289,49.83727769136],[-119.38020346676,49.83736964551],[-119.38072946325,49.83759006732],[-119.38131973748,49.83777142372],[-119.38164116639,49.83783438071],[-119.38223725739,49.83789478443],[-119.38465663012,49.83792722123],[-119.38586631791,49.83794341731],[-119.38729219557,49.83787515104],[-119.38899272857,49.83780429301],[-119.38944462778,49.83774877294],[-119.39071266385,49.83758851771],[-119.39074993391,49.83811387198],[-119.38978958115,49.8381027267],[-119.38951298985,49.838145616],[-119.38937276455,49.83820737632],[-119.38878665381,49.83872025175],[-119.38844590343,49.83906047833],[-119.3883973048,49.83929356254],[-119.38842659944,49.83946363931],[-119.3889469931,49.8400632406],[-119.38909517857,49.84035676262],[-119.3892239514,49.84079517388],[-119.39018436686,49.84080632479],[-119.39022984467,49.8422035192],[-119.3901480907,49.84234716196],[-119.39002931667,49.84248199294],[-119.38917424806,49.8428765025],[-119.38832699805,49.84336801489],[-119.38809136231,49.84359735662],[-119.38781688152,49.84411647904],[-119.39059681373,49.84366364946],[-119.39063769131,49.84359182756],[-119.39137166696,49.84259762574],[-119.39152732442,49.84221332883],[-119.39156600637,49.84166527321],[-119.39181290662,49.84067747752],[-119.39491903513,49.83887514082],[-119.39632009796,49.83958912689],[-119.39676239563,49.83973515437],[-119.39712280402,49.83976655403],[-119.39910802989,49.84000789073],[-119.39893901049,49.84067441205],[-119.39805839799,49.84056001468],[-119.3967901336,49.84046209239],[-119.39590376223,49.84046862509],[-119.39461048859,49.84089478841],[-119.39489509653,49.84120716709],[-119.39519717905,49.84141497113],[-119.39692767463,49.84228887629],[-119.39704659245,49.84241231253],[-119.39711102411,49.84263151447],[-119.39746953644,49.84270322994],[-119.39822742835,49.84277483216],[-119.39970025593,49.8427718855],[-119.40000026947,49.84276171678],[-119.40039964768,49.842761596],[-119.40128606774,49.84275502273],[-119.40172630319,49.84268307045],[-119.40248591782,49.84245604729],[-119.40293593358,49.84244078114],[-119.40340743742,49.84249857884],[-119.40385362243,49.84256394219],[-119.40403681997,49.8426482919],[-119.40466833658,49.84301596008],[-119.40507176313,49.84319346259],[-119.40531730979,49.84327904803],[-119.40554136478,49.84329156721],[-119.40575180296,49.84332802858],[-119.40650184292,49.84330255886],[-119.40791234486,49.84329825217],[-119.40982350791,49.84326348889],[-119.40981993582,49.84360239956],[-119.40980158037,49.84478040314],[-119.40979418849,49.84519995032],[-119.40981070191,49.84616880345],[-119.40980306279,49.84633007347],[-119.40980620808,49.84758115415],[-119.40981027488,49.84775879904],[-119.40983301388,49.8491232701],[-119.40982562154,49.84954282368],[-119.40983616029,49.85037436305],[-119.4098555765,49.8523360518],[-119.40900216203,49.85243214421],[-119.40780398031,49.85269089123],[-119.40742791903,49.85272379138],[-119.40701482477,49.85274788437],[-119.40698949891,49.85275545334],[-119.40529220776,49.8527459896],[-119.40415614042,49.85274764527],[-119.40192295457,49.85271940662],[-119.40000156139,49.85269732377],[-119.39857903311,49.85268514145],[-119.3985877775,49.85407358129],[-119.39858603304,49.85437218597],[-119.39860160234,49.85718940768],[-119.39861315411,49.85982900424],[-119.39868530672,49.85988694164],[-119.3987087172,49.85991969384],[-119.400006758,49.85992939221],[-119.40135546205,49.85992393806],[-119.40123765555,49.86397351028],[-119.40125147543,49.86420786166],[-119.40123592991,49.86427212538],[-119.40131635141,49.86494366909],[-119.40129312972,49.86516921299],[-119.40123305861,49.86564424528],[-119.40116204977,49.86713609212],[-119.39710544321,49.86709569465],[-119.39679354484,49.86708947867],[-119.39659662312,49.86702905166],[-119.39639569122,49.86679096685],[-119.39613206019,49.86603504373],[-119.39601660405,49.86531436304],[-119.39595214268,49.86509514293],[-119.39574336735,49.86476004198],[-119.39568291575,49.86471847817],[-119.39550941766,49.86469080295],[-119.39540615153,49.86476138805],[-119.39538867189,49.86486597082],[-119.39561299953,49.86513680961],[-119.39566767811,49.86529933327],[-119.39568001756,49.86634889719],[-119.39562549567,49.86644467016],[-119.3955358559,49.86649131258],[-119.39538383716,49.86653671076],[-119.39415967289,49.86654457318],[-119.39404854684,49.86651814015],[-119.39393934721,49.86645138694],[-119.39356093201,49.86600796135],[-119.39312414421,49.86574094618],[-119.3924805391,49.86509850117],[-119.39235179298,49.86491835264],[-119.39210587206,49.86431613702],[-119.39204735281,49.86423425134],[-119.39191282684,49.86417506183],[-119.3917139979,49.86415494535],[-119.39157561568,49.86417639476],[-119.39082338442,49.86450036766],[-119.39066943844,49.86458607796],[-119.3904141468,49.86470204817]]]]},"properties":{"a": "6.6059", "q": "0", "t": "DA", "dw": "586", "hh": "559", "id": "59350345", "pop": "1234", "name": "59350345", "rgid": "5935", "rpid": "5935010", "ruid": "9150003.02", "rguid": "59915"}},{"type":"Feature","geometry":{"type":"MultiPolygon","coordinates":[[[[-119.34202950781,49.8406945865],[-119.34214839239,49.8349584748],[-119.34208262992,49.83146239895],[-119.35397117952,49.83125345885],[-119.3540426978,49.82773604279],[-119.35411213796,49.82451724267],[-119.36686906336,49.82436483989],[-119.37609348213,49.82425262141],[-119.38055673155,49.824310215],[-119.38897294223,49.82414017685],[-119.39118889204,49.82397470076],[-119.39229101404,49.82388375663],[-119.39270946397,49.82348052742],[-119.39283986689,49.8233620769],[-119.39308334467,49.82348800086],[-119.39339298722,49.82353454161],[-119.39370647947,49.82350045344],[-119.39474996428,49.82306935078],[-119.3952542363,49.82295836291],[-119.39565534489,49.82291794748],[-119.39768844749,49.82318448196],[-119.39794555392,49.82328645389],[-119.39795724845,49.82330282798],[-119.39810927821,49.82351569101],[-119.39815029648,49.82370212954],[-119.39809583683,49.82379788955],[-119.3980296822,49.82387727545],[-119.39782336305,49.82401843062],[-119.39755664863,49.82411802869],[-119.39745540867,49.82414829175],[-119.39666887231,49.82442314117],[-119.39632237716,49.82462606104],[-119.39607327684,49.82487934663],[-119.39592349464,49.82514268458],[-119.3958828042,49.82547276411],[-119.39589097291,49.8260862882],[-119.39589882248,49.82618329146],[-119.39602986683,49.8270978804],[-119.39617212793,49.82725406018],[-119.39645264622,49.82738878654],[-119.39681102459,49.82746050057],[-119.39713239665,49.82752340465],[-119.39804973543,49.8276466134],[-119.3981958467,49.82772216123],[-119.39826602219,49.82782040708],[-119.39824472499,49.82800560618],[-119.39808901058,49.82813163182],[-119.39766079103,49.82847820135],[-119.39759654895,49.8285172735],[-119.39739613752,49.82879574887],[-119.39726974132,49.82909184146],[-119.39722713645,49.829462241],[-119.39723691113,49.82951893041],[-119.39729347006,49.82964111794],[-119.39731686223,49.82967386699],[-119.39821155343,49.83079738433],[-119.39853120981,49.83115886492],[-119.39864818026,49.83132260956],[-119.39940257113,49.83224962822],[-119.39992111465,49.83288947165],[-119.3999679069,49.83295496925],[-119.4011626917,49.83406830346],[-119.40019686138,49.83443647503],[-119.40017154554,49.83444404176],[-119.4001462297,49.83445160848],[-119.39908049685,49.83403491581],[-119.39877460888,49.83390776016],[-119.39827003754,49.83376050253],[-119.39814537919,49.83375801803],[-119.39741505998,49.83389680369],[-119.39689110913,49.83389442625],[-119.39649373925,49.83385421729],[-119.39603596364,49.83377244764],[-119.39489049399,49.83345903826],[-119.39471905223,49.83339104928],[-119.39413070633,49.83316946074],[-119.39332814189,49.83299201329],[-119.3925742908,49.83283974523],[-119.39188868732,49.83282603882],[-119.39109796329,49.83292321557],[-119.3905078414,49.83300018787],[-119.38954567906,49.83302935567],[-119.38938291513,49.83486623898],[-119.38933830395,49.83527695816],[-119.38922183055,49.83614627787],[-119.38910535223,49.83701560009],[-119.38906845472,49.83726505889],[-119.38899272857,49.83780429301],[-119.38729219557,49.83787515104],[-119.38586631791,49.83794341731],[-119.38465663012,49.83792722123],[-119.38223725739,49.83789478443],[-119.38164116639,49.83783438071],[-119.38131973748,49.83777142372],[-119.38072946325,49.83759006732],[-119.38020346676,49.83736964551],[-119.38004566289,49.83727769136],[-119.37983915592,49.8371605445],[-119.37887673012,49.83641479684],[-119.37819490366,49.83606209385],[-119.37688196752,49.8355998228],[-119.37642809547,49.8354373307],[-119.37357053626,49.83440312771],[-119.37271350383,49.83432126118],[-119.37108709915,49.83415120603],[-119.37075208091,49.83411215244],[-119.37044238438,49.83406553865],[-119.3697606648,49.83397104792],[-119.36972365732,49.83396222874],[-119.36939253953,49.83384254061],[-119.36915102204,49.83367623848],[-119.36861152549,49.83296316001],[-119.36858621649,49.83271245166],[-119.36889786953,49.83220222316],[-119.36897578855,49.83188096644],[-119.36894269092,49.83153325187],[-119.36878299582,49.83122333059],[-119.36847138614,49.83095876033],[-119.368093557,49.83077355699],[-119.36800786379,49.8307395395],[-119.36789880136,49.83067276579],[-119.36758330071,49.83048882211],[-119.36751319394,49.83039055345],[-119.36747619016,49.83038173355],[-119.36742750201,49.83035653551],[-119.36727753648,49.83036157008],[-119.36707693208,49.83038172064],[-119.366958117,49.83051651808],[-119.3669814419,49.83106580456],[-119.36697753981,49.8311464336],[-119.36692678921,49.8324528796],[-119.36536453722,49.83405154858],[-119.36529830295,49.8341309153],[-119.36513077986,49.83424051285],[-119.3649301555,49.8342606593],[-119.36479185988,49.83428206879],[-119.36423676115,49.83414975157],[-119.36397771629,49.83408800247],[-119.36355700896,49.83401490291],[-119.36324536648,49.83400858134],[-119.36266104321,49.83396444223],[-119.36170666405,49.83383207841],[-119.36082434448,49.83375766522],[-119.36066268309,49.83374631067],[-119.3596167481,49.83370084662],[-119.35879284454,49.83370831141],[-119.35842859946,49.8337574014],[-119.3580623936,49.83384680477],[-119.35708254075,49.83423848785],[-119.35684098523,49.83433042339],[-119.35651953418,49.83452565443],[-119.35640459568,49.83457981146],[-119.35545180811,49.83544014702],[-119.35526864699,49.83561397827],[-119.35499782841,49.83579409481],[-119.35491989036,49.83585707512],[-119.35479130189,49.83593516555],[-119.35452047911,49.83611528097],[-119.35438020822,49.83617699095],[-119.35384051769,49.83649690418],[-119.35333007405,49.83672862999],[-119.34798962794,49.83901672226],[-119.34795065053,49.83904821],[-119.34710284037,49.83979763366],[-119.34690597448,49.83999538629],[-119.34642654163,49.84035685333],[-119.34595877914,49.84073469976],[-119.34585548815,49.8408052269],[-119.34539363334,49.84106212469],[-119.34461629317,49.8411349963],[-119.34393648991,49.84100000872],[-119.34356262793,49.84073407374],[-119.34295882519,49.84057642263],[-119.34202950781,49.8406945865]]]]},"properties":{"a": "4.4752", "q": "0", "t": "DA", "dw": "360", "hh": "351", "id": "59350346", "pop": "762", "name": "59350346", "rgid": "5935", "rpid": "5935010", "ruid": "9150003.02", "rguid": "59915"}},{"type":"Feature","geometry":{"type":"MultiPolygon","coordinates":[[[[-119.36432782555,49.88969288792],[-119.36363928298,49.88997762308],[-119.36338767206,49.89001288789],[-119.36277719528,49.88997629953],[-119.36266406799,49.88999015164],[-119.36250022661,49.89001912064],[-119.36239879847,49.89004935458],[-119.36204184011,49.89019549535],[-119.36200282492,49.89022699431],[-119.36117179298,49.89087208734],[-119.3605865392,49.89134456642],[-119.36007153084,49.89165701768],[-119.35940436192,49.89201481324],[-119.35889129807,49.89228693604],[-119.35886397707,49.89233481668],[-119.35871959666,49.89247719107],[-119.35872148495,49.89269518903],[-119.35876043148,49.8929220123],[-119.35879356569,49.89301148363],[-119.35916407861,49.89335805574],[-119.35870956478,49.89345377063],[-119.35835845112,49.89347893024],[-119.35803465981,49.89345620801],[-119.35650946757,49.8929570021],[-119.35628515676,49.89294436903],[-119.3561329968,49.89298971077],[-119.35599056939,49.89309175841],[-119.35588707242,49.89342063069],[-119.35579732871,49.8934672413],[-119.35568418946,49.89348108556],[-119.3556724918,49.89346470242],[-119.35558667813,49.89343066663],[-119.35503896352,49.89236201427],[-119.35488297059,49.89222967909],[-119.35469965295,49.89214522317],[-119.35442856003,49.89206705319],[-119.35362304975,49.89192956788],[-119.3533363294,49.89191565734],[-119.35304764166,49.89194206882],[-119.35295789796,49.8919886766],[-119.35279207392,49.89205795249],[-119.35270232967,49.89210456007],[-119.35241167196,49.89217129256],[-119.35160801691,49.89225178845],[-119.3510266949,49.8923852462],[-119.35012934393,49.89259298188],[-119.34973723461,49.89268992807],[-119.34964945649,49.89269621007],[-119.34930412473,49.89285868983],[-119.34838703243,49.89346963953],[-119.34821724987,49.89361955404],[-119.34809424493,49.89383500459],[-119.34803168518,49.89409205252],[-119.34791248164,49.89448517965],[-119.34775833382,49.8945708318],[-119.34759643675,49.89455945334],[-119.34746582196,49.89441955061],[-119.3476163109,49.89389790029],[-119.34766140285,49.89348711571],[-119.34802492279,49.89218677219],[-119.34805042466,49.89192089684],[-119.34805634215,49.89179992865],[-119.34803887141,49.89164619262],[-119.3471383076,49.89064294685],[-119.34666465596,49.89010855417],[-119.34664126977,49.89007578613],[-119.34651841765,49.89003291323],[-119.34629610001,49.8899799351],[-119.34616352995,49.8898803553],[-119.34599603605,49.88947330483],[-119.34596293255,49.8893838303],[-119.34579726223,49.88919477574],[-119.34539956519,49.88889603471],[-119.34536251348,49.88888720467],[-119.34513838745,49.88861622886],[-119.34348244212,49.88875187832],[-119.34004665199,49.88772894932],[-119.33618013157,49.88657596713],[-119.33281879715,49.88557046045],[-119.33084767315,49.88500517551],[-119.33155575392,49.88483408848],[-119.33365460204,49.88432834838],[-119.33566563719,49.88382883378],[-119.3377643834,49.88332300783],[-119.34009128818,49.88274916549],[-119.34028047296,49.88271268195],[-119.3406705301,49.8826560981],[-119.3406725094,49.88261577681],[-119.34224261441,49.88218781972],[-119.34235572709,49.88217399146],[-119.34238108297,49.88216643835],[-119.34245715054,49.882143779],[-119.34292524351,49.88202420568],[-119.34297595486,49.88200909917],[-119.34746756208,49.88084974144],[-119.34751827031,49.88083463266],[-119.34815986732,49.88074279638],[-119.35980208652,49.87767023879],[-119.3614305636,49.87603235856],[-119.36254031825,49.87427093828],[-119.36418228128,49.87209248743],[-119.36487624541,49.87272001593],[-119.36492107211,49.87282585973],[-119.36500098561,49.87298084612],[-119.36500486129,49.87315850864],[-119.36485655369,49.87415643536],[-119.36483703714,49.87430133672],[-119.36482132467,49.8751405116],[-119.36475882636,49.87591416473],[-119.36475491566,49.87599480637],[-119.36479931908,49.87920034149],[-119.36474260904,49.88036966094],[-119.36478744374,49.88047550764],[-119.36487128253,49.88054985534],[-119.36601602079,49.8796124384],[-119.36678435228,49.87896606756],[-119.36697156451,49.87871154591],[-119.36710223792,49.87833479835],[-119.36704578747,49.8771793424],[-119.36728366613,49.87716801005],[-119.36740253826,49.87806641981],[-119.36761700807,49.87828063284],[-119.36775154522,49.87833985849],[-119.36780029041,49.87836506061],[-119.36797577985,49.87835246479],[-119.36812982471,49.87826678587],[-119.36814934604,49.87786357402],[-119.36824099369,49.87777663355],[-119.36854517393,49.87768591726],[-119.36882983849,49.87799841167],[-119.37036827175,49.87976500401],[-119.37198093883,49.88154922287],[-119.37219350235,49.88180375033],[-119.37246652206,49.8820998582],[-119.37275124702,49.88241234609],[-119.37318809678,49.88293777945],[-119.37364057368,49.88365726099],[-119.37392144665,49.88430870488],[-119.37406970705,49.88486060899],[-119.37419261941,49.88542007533],[-119.37452239948,49.88738829979],[-119.37473698196,49.88786082093],[-119.37463167569,49.88797171266],[-119.37471754732,49.88852236541],[-119.37484239795,49.88878319756],[-119.37498676649,49.88915743673],[-119.37474492819,49.88924943395],[-119.37440167117,49.88937167685],[-119.37380097173,49.88965017875],[-119.37377561702,49.88965774015],[-119.3728082347,49.89002571441],[-119.37247472039,49.89020465483],[-119.37171406521,49.89068980332],[-119.37032338435,49.89179995637],[-119.37020440389,49.89167646646],[-119.37020050398,49.89149879262],[-119.370409208,49.89080069966],[-119.37039750743,49.88923440632],[-119.3703272937,49.88913611942],[-119.36995672471,49.88878959445],[-119.3697889954,49.88864090337],[-119.36946913855,49.88853757373],[-119.36801611819,49.88861315353],[-119.36734908739,49.88871268147],[-119.36729837673,49.88872780089],[-119.36603450764,49.88902513257],[-119.36524456379,49.8893401158],[-119.36432782555,49.88969288792]]]]},"properties":{"a": "3.254", "q": "0", "t": "DA", "dw": "326", "hh": "300", "id": "59350348", "pop": "791", "name": "59350348", "rgid": "5935", "rpid": "5935010", "ruid": "9150004.00", "rguid": "59915"}},{"type":"Feature","geometry":{"type":"MultiPolygon","coordinates":[[[[-119.36418228128,49.87209248743],[-119.36389577816,49.87156200416],[-119.35936160358,49.86977490924],[-119.35934213956,49.8696615069],[-119.35902463277,49.86874293101],[-119.35917473932,49.86873790835],[-119.36035802001,49.86880229674],[-119.36185321087,49.86887299868],[-119.36306184354,49.86892979682],[-119.36410867867,49.86897522984],[-119.3645940816,49.86900927991],[-119.36522763768,49.86907861553],[-119.36585728801,49.86922858686],[-119.36639726373,49.86942517059],[-119.36696842495,49.86975153275],[-119.36744991569,49.8701245094],[-119.36776960734,49.87048613985],[-119.36794504737,49.87073184556],[-119.36800352785,49.87081374744],[-119.36830566494,49.87153825912],[-119.36849669993,49.87197800681],[-119.36877936284,49.8725891183],[-119.36885538807,49.87282474233],[-119.36895480845,49.87309312728],[-119.36903472876,49.87350641418],[-119.36905421252,49.8738781201],[-119.36905420371,49.87413642431],[-119.36891379583,49.87497307745],[-119.36851016468,49.87582862842],[-119.36842436443,49.87605291186],[-119.36831515419,49.87650274045],[-119.36830733312,49.8769223311],[-119.36854517393,49.87768591726],[-119.36824099369,49.87777663355],[-119.36814934604,49.87786357402],[-119.36812982471,49.87826678587],[-119.36797577985,49.87835246479],[-119.36780029041,49.87836506061],[-119.36775154522,49.87833985849],[-119.36761700807,49.87828063284],[-119.36740253826,49.87806641981],[-119.36728366613,49.87716801005],[-119.36704578747,49.8771793424],[-119.36710223792,49.87833479835],[-119.36697156451,49.87871154591],[-119.36678435228,49.87896606756],[-119.36601602079,49.8796124384],[-119.36487128253,49.88054985534],[-119.36478744374,49.88047550764],[-119.36474260904,49.88036966094],[-119.36479931908,49.87920034149],[-119.36475491566,49.87599480637],[-119.36475882636,49.87591416473],[-119.36482132467,49.8751405116],[-119.36483703714,49.87430133672],[-119.36485655369,49.87415643536],[-119.36500486129,49.87315850864],[-119.36500098561,49.87298084612],[-119.36492107211,49.87282585973],[-119.36487624541,49.87272001593],[-119.36418228128,49.87209248743]]]]},"properties":{"a": "0.3698", "q": "0", "t": "DA", "dw": "260", "hh": "245", "id": "59350349", "pop": "662", "name": "59350349", "rgid": "5935", "rpid": "5935010", "ruid": "9150004.00", "rguid": "59915"}},{"type":"Feature","geometry":{"type":"MultiPolygon","coordinates":[[[[-119.34992886224,49.86831557531],[-119.35052731749,49.86833585825],[-119.35087625261,49.86835104824],[-119.35097566719,49.86836114794],[-119.35151752832,49.86851749321],[-119.35247453399,49.86886795193],[-119.35283516387,49.86889951711],[-119.35446296822,49.86881159527],[-119.3545994204,49.86883051731],[-119.35503215851,49.86892004594],[-119.35526999269,49.86890874294],[-119.35523688557,49.86881927798],[-119.35519994569,49.86855215288],[-119.35567364567,49.86856986513],[-119.35612200109,49.86859513139],[-119.35758014102,49.86865707282],[-119.35902463277,49.86874293101],[-119.35934213956,49.8696615069],[-119.35936160358,49.86977490924],[-119.36389577816,49.87156200416],[-119.36418228128,49.87209248743],[-119.36254031825,49.87427093828],[-119.35913228774,49.87423406456],[-119.35847723736,49.87409160461],[-119.35712823058,49.87357986314],[-119.35683967403,49.87360628404],[-119.35611439866,49.87362382129],[-119.35601497009,49.8736137266],[-119.35590384948,49.87358724984],[-119.35579272901,49.87356077295],[-119.35568160868,49.87353429594],[-119.3555958366,49.87350026253],[-119.35549640846,49.87349016733],[-119.3553462841,49.87349518447],[-119.35518250331,49.87352413961],[-119.35466581121,49.87361855947],[-119.35449033791,49.87363113135],[-119.35427782462,49.8736348767],[-119.35415304803,49.87363233607],[-119.35401658012,49.87361341309],[-119.35390546079,49.87358693407],[-119.35375730192,49.87355162852],[-119.35305945083,49.87326296354],[-119.35291129384,49.87322765676],[-119.35252527746,49.87320364686],[-119.35231866846,49.87308642745],[-119.35207502183,49.87296038062],[-119.35198543453,49.87274868124],[-119.35175383362,49.87186410833],[-119.34966372453,49.87220893221],[-119.34931909617,49.87133819137],[-119.34896279398,49.87045106937],[-119.34861044892,49.86948330967],[-119.34959503129,49.86926932328],[-119.34983286899,49.86925803341],[-119.34986622343,49.86883090084],[-119.34992098409,49.86847685313],[-119.34992492318,49.86839621421],[-119.34992886224,49.86831557531]]]]},"properties":{"a": "0.4869", "q": "0", "t": "DA", "dw": "475", "hh": "458", "id": "59350350", "pop": "1395", "name": "59350350", "rgid": "5935", "rpid": "5935010", "ruid": "9150004.00", "rguid": "59915"}},{"type":"Feature","geometry":{"type":"MultiPolygon","coordinates":[[[[-119.45148204039,49.92433953328],[-119.46161540685,49.91828661361],[-119.46191409466,49.91831658197],[-119.46202354265,49.91838327181],[-119.46208041676,49.91850546005],[-119.46205435108,49.91907006252],[-119.46217984922,49.91933081152],[-119.46240863792,49.91952089176],[-119.46271536059,49.91964788749],[-119.46304930293,49.91972696825],[-119.46347106507,49.9197996639],[-119.46383222701,49.91983082783],[-119.46422060597,49.91981407602],[-119.46456013086,49.9197721649],[-119.46463620053,49.91974940818],[-119.46512972188,49.91962165257],[-119.46558241823,49.91956576667],[-119.46592193968,49.91952385088],[-119.46651316324,49.9194464026],[-119.46731280121,49.91918727419],[-119.46790154819,49.91889180197],[-119.46904191196,49.91829206351],[-119.46947294269,49.91816308907],[-119.46978709399,49.91812874695],[-119.4701500999,49.91811955873],[-119.47055825412,49.91821618152],[-119.47125769393,49.91850405813],[-119.47160524691,49.91855915149],[-119.47194290177,49.918557544],[-119.47223169964,49.91853078146],[-119.47259841152,49.91844092642],[-119.47295707253,49.91825404167],[-119.47305043931,49.91812666256],[-119.47361497765,49.91754007283],[-119.47419495115,49.91688919402],[-119.47451028375,49.91655616585],[-119.47472605053,49.91621316083],[-119.4748088484,49.91577074037],[-119.47481415576,49.91401905325],[-119.47603971867,49.91401018601],[-119.47600844766,49.91551112006],[-119.47599816707,49.91682678839],[-119.47595551783,49.91693899289],[-119.47589187514,49.9172364711],[-119.47559199785,49.91750521708],[-119.4756390072,49.91757069803],[-119.47571757716,49.91776594739],[-119.47565895193,49.9184994562],[-119.47606897096,49.91855572731],[-119.47622914998,49.91860722442],[-119.47630151533,49.91866511677],[-119.47631762987,49.91885917327],[-119.47633441059,49.91931157458],[-119.47634616373,49.91932794483],[-119.47636739533,49.92377654053],[-119.4764330449,49.92425410192],[-119.47654421992,49.92544624451],[-119.47621613761,49.92545364849],[-119.47612185114,49.92549180918],[-119.47604533678,49.92564696492],[-119.47597827131,49.92625076012],[-119.4756971891,49.92649000473],[-119.47508243004,49.92671076284],[-119.47495110399,49.92684751383],[-119.47490694724,49.92710137615],[-119.4748067159,49.92733721338],[-119.47474644089,49.92777887169],[-119.47456796731,49.92807093662],[-119.47432396833,49.92823742255],[-119.47409245182,49.92832260796],[-119.47388542411,49.92836466618],[-119.47357815337,49.92837009231],[-119.47322199425,49.92845975398],[-119.47302947286,49.9285263074],[-119.47282693547,49.92864756627],[-119.47266952649,49.92882095289],[-119.47222869678,49.92948783744],[-119.47167312886,49.93006573844],[-119.47159702341,49.93023866256],[-119.47155062691,49.93066323242],[-119.47137150118,49.930982328],[-119.4711744581,49.93120137613],[-119.47049586331,49.93158437183],[-119.47040381722,49.93166858866],[-119.47031901493,49.9319216752],[-119.46999239747,49.93233361253],[-119.4697074948,49.93251827879],[-119.46912206025,49.93276499949],[-119.46807378805,49.93301293267],[-119.46777609804,49.9331626336],[-119.46757519127,49.93332912616],[-119.46745946893,49.93351985808],[-119.4672620933,49.93431573374],[-119.46714775828,49.93451698799],[-119.46675913459,49.93482116128],[-119.46653507316,49.9350691531],[-119.46642808439,49.93545018058],[-119.46628526529,49.93645943771],[-119.46648464632,49.93684231121],[-119.46672449701,49.93716137409],[-119.46695764528,49.9373273167],[-119.46729541108,49.93767974384],[-119.46744914233,49.93819858571],[-119.46737582091,49.93923381109],[-119.4671926585,49.93973408225],[-119.46718129258,49.94004873036],[-119.4670380946,49.94056389815],[-119.46696663808,49.94106954404],[-119.46687947813,49.94125073703],[-119.46664291153,49.9415521844],[-119.46644381537,49.94171911883],[-119.46636745023,49.94188316089],[-119.46640595566,49.94210632635],[-119.4666019681,49.94237288261],[-119.46657095547,49.94259794364],[-119.46635000307,49.94289969158],[-119.46571417439,49.94329964255],[-119.46555893416,49.94351908948],[-119.46549103761,49.94409625982],[-119.46539343045,49.94436808131],[-119.46513991526,49.94461591748],[-119.46496130012,49.94490798217],[-119.46496756855,49.94504333609],[-119.4650277101,49.94512280554],[-119.46530077815,49.94530566993],[-119.46533316739,49.94537653266],[-119.46523747753,49.94597295348],[-119.46499642588,49.94616734026],[-119.46448409213,49.94649255706],[-119.46417125342,49.94664277261],[-119.46392976168,49.94681938682],[-119.46361135646,49.9474018411],[-119.46365275164,49.94769773117],[-119.46409286504,49.94811108612],[-119.46422800182,49.94831431493],[-119.4642616263,49.94841265321],[-119.46425350841,49.94879196341],[-119.46442563989,49.94915616726],[-119.46443885544,49.94942568126],[-119.4644709969,49.94951551387],[-119.46476629578,49.94984090757],[-119.46486019394,49.95002961908],[-119.46481079351,49.95016471363],[-119.4646235619,49.95033107083],[-119.46427398395,49.95057181756],[-119.46385295261,49.95078817998],[-119.46318082662,49.95100899949],[-119.46286678548,49.95123319762],[-119.46282149139,49.95121685535],[-119.45905638261,49.94983643732],[-119.45392524642,49.94796929369],[-119.45291852326,49.9475542267],[-119.45034157029,49.93112317489],[-119.45176733249,49.92843007762],[-119.45148204039,49.92433953328]]]]},"properties":{"a": "4.3523", "q": "0", "t": "DA", "dw": "867", "hh": "825", "id": "59350351", "pop": "2259", "name": "59350351", "rgid": "5935", "rpid": "5935010", "ruid": "9150019.03", "rguid": "59915"}},{"type":"Feature","geometry":{"type":"MultiPolygon","coordinates":[[[[-119.45148204039,49.92433953328],[-119.44759115725,49.92411077167],[-119.44779398585,49.92297639682],[-119.44799541527,49.92214070236],[-119.44804002206,49.92198817901],[-119.44811561642,49.92170708763],[-119.44831328219,49.92095205379],[-119.44984075708,49.91848709874],[-119.4501947719,49.91786426599],[-119.45033280189,49.9175843866],[-119.45444446915,49.91249730971],[-119.4544698231,49.91248972694],[-119.45958814239,49.91048153093],[-119.46326463185,49.90964011501],[-119.4634637159,49.90966009008],[-119.4646464785,49.90976356097],[-119.46620764196,49.90979356012],[-119.46610749735,49.90952523926],[-119.46611688968,49.90769293633],[-119.46601429239,49.90720661052],[-119.4659945162,49.90709321458],[-119.46585297077,49.90663843154],[-119.46559829141,49.90619762019],[-119.46520699186,49.90573803798],[-119.46386618731,49.90472741065],[-119.46364119355,49.9044566901],[-119.46352189603,49.90433330762],[-119.46339829505,49.90403224731],[-119.46336678405,49.90390248118],[-119.4634292216,49.90390368241],[-119.4636808314,49.90386816025],[-119.46408266252,49.90382745413],[-119.46437136196,49.90380071601],[-119.46487457824,49.90372966626],[-119.46543837219,49.90370014059],[-119.46557684888,49.90367858433],[-119.46601576714,49.90364665559],[-119.46679221694,49.90361313514],[-119.46699498612,49.90355244926],[-119.46709637048,49.90352210617],[-119.46735168669,49.90340592131],[-119.46759711209,49.9032330388],[-119.46769046136,49.90310567146],[-119.4677566089,49.90302621667],[-119.46786541311,49.90283456637],[-119.46789818016,49.90266567401],[-119.46791734662,49.90252073801],[-119.46801254854,49.90235304414],[-119.46817018475,49.90218654849],[-119.46836490961,49.90202883683],[-119.46856952333,49.90192782156],[-119.4687351917,49.90185834838],[-119.46915430574,49.90171301259],[-119.46981634368,49.90117678602],[-119.46995851614,49.90107457099],[-119.47018661207,49.90100629261],[-119.47046354216,49.90096316696],[-119.47065084204,49.90096675699],[-119.47090057526,49.90097154315],[-119.47114845642,49.90101665508],[-119.47145506796,49.90114361538],[-119.47201390645,49.90149336028],[-119.47202565277,49.90150973003],[-119.47226862548,49.90193414778],[-119.47244603422,49.9018810381],[-119.47373487051,49.90157473989],[-119.47388693221,49.90152921512],[-119.4741873563,49.90151881797],[-119.47432397202,49.90153757612],[-119.47470847647,49.90160143715],[-119.47495636562,49.90164653959],[-119.47494897197,49.90180784594],[-119.47501945757,49.90190606243],[-119.47515422674,49.90196514608],[-119.4756209718,49.90214358947],[-119.475695155,49.90216115227],[-119.47581633035,49.90224419237],[-119.47589856688,49.90235877774],[-119.47616020414,49.9031952363],[-119.4763030334,49.90335134166],[-119.47575555974,49.91202694439],[-119.47603971867,49.91401018601],[-119.47481415576,49.91401905325],[-119.4748088484,49.91577074037],[-119.47472605053,49.91621316083],[-119.47451028375,49.91655616585],[-119.47419495115,49.91688919402],[-119.47361497765,49.91754007283],[-119.47305043931,49.91812666256],[-119.47295707253,49.91825404167],[-119.47259841152,49.91844092642],[-119.47223169964,49.91853078146],[-119.47194290177,49.918557544],[-119.47160524691,49.91855915149],[-119.47125769393,49.91850405813],[-119.47055825412,49.91821618152],[-119.4701500999,49.91811955873],[-119.46978709399,49.91812874695],[-119.46947294269,49.91816308907],[-119.46904191196,49.91829206351],[-119.46790154819,49.91889180197],[-119.46731280121,49.91918727419],[-119.46651316324,49.9194464026],[-119.46592193968,49.91952385088],[-119.46558241823,49.91956576667],[-119.46512972188,49.91962165257],[-119.46463620053,49.91974940818],[-119.46456013086,49.9197721649],[-119.46422060597,49.91981407602],[-119.46383222701,49.91983082783],[-119.46347106507,49.9197996639],[-119.46304930293,49.91972696825],[-119.46271536059,49.91964788749],[-119.46240863792,49.91952089176],[-119.46217984922,49.91933081152],[-119.46205435108,49.91907006252],[-119.46208041676,49.91850546005],[-119.46202354265,49.91838327181],[-119.46191409466,49.91831658197],[-119.46161540685,49.91828661361],[-119.45148204039,49.92433953328]],[[-119.46545583129,49.91795803809],[-119.46556836941,49.91771357378],[-119.46561385896,49.91763533354],[-119.46559654822,49.91757687632],[-119.46559339537,49.91756389916],[-119.46555227621,49.91750659913],[-119.46547992805,49.91744869912],[-119.46547934064,49.91744788055],[-119.46537635105,49.91739019906],[-119.4654199589,49.91725783468],[-119.46547933032,49.91719035606],[-119.46548523757,49.91717069105],[-119.46550159861,49.91711409174],[-119.4654985121,49.91704541317],[-119.46545244874,49.91695976322],[-119.46537422765,49.91689367754],[-119.46526384889,49.91684715603],[-119.46521113193,49.91683807022],[-119.46513175923,49.9168648],[-119.46474501446,49.91690096093],[-119.46430976862,49.91710773621],[-119.46408745355,49.91740094719],[-119.46403164391,49.91766224254],[-119.46409426983,49.91782248234],[-119.46440923385,49.91801461736],[-119.46450997547,49.91828376649],[-119.46449196868,49.91838957892],[-119.4645160524,49.91842314073],[-119.46458342273,49.91848054232],[-119.46459427502,49.91848922745],[-119.46472320947,49.91854014299],[-119.46484132544,49.9185545224],[-119.46494769312,49.9185525301],[-119.46505499023,49.9185303733],[-119.46512762574,49.9185006884],[-119.46515053878,49.91849184485],[-119.46517976094,49.91846818767],[-119.46519268778,49.9184454283],[-119.46522914483,49.91842756116],[-119.46539124812,49.9182199733],[-119.46537483351,49.91816920238],[-119.46538278199,49.91814594373],[-119.4654059437,49.91811813363],[-119.46545583129,49.91795803809]]]]},"properties":{"a": "2.5179", "q": "0", "t": "DA", "dw": "397", "hh": "382", "id": "59350352", "pop": "1004", "name": "59350352", "rgid": "5935", "rpid": "5935010", "ruid": "9150019.03", "rguid": "59915"}},{"type":"Feature","geometry":{"type":"MultiPolygon","coordinates":[[[[-119.37553158299,50.00504714932],[-119.3755296001,50.00482906627],[-119.37578520197,50.00006151904],[-119.37581644198,49.99967452112],[-119.37583163822,49.99625082384],[-119.37584306769,49.99394148986],[-119.37581334348,49.99092879734],[-119.3756342823,49.9819375522],[-119.37565371367,49.98101739097],[-119.37581935193,49.97707207104],[-119.36656640734,49.97732171417],[-119.36597265436,49.97330458257],[-119.36599618772,49.97256217508],[-119.36600209197,49.97218277884],[-119.36599428519,49.97208572365],[-119.36599828684,49.97122987804],[-119.36610774732,49.97103829482],[-119.36623869624,49.97091981846],[-119.36634032152,49.97088957202],[-119.36646735292,49.97085176383],[-119.37010620878,49.97042455271],[-119.37277180759,49.9704459537],[-119.37301022557,49.97043460381],[-119.37555075411,49.97045341195],[-119.37548783756,49.96735147661],[-119.37561845499,49.96490750367],[-119.37590312689,49.96031077076],[-119.37372467572,49.96032347105],[-119.37118282214,49.96034494937],[-119.36887932645,49.96035502266],[-119.36880724687,49.95512944761],[-119.36879361311,49.95411988655],[-119.36876434996,49.9531746076],[-119.36875272656,49.95083285099],[-119.36871376854,49.94828063488],[-119.36871574535,49.94772356178],[-119.36871185754,49.94728748259],[-119.3686962739,49.94631827993],[-119.36868848792,49.94570449532],[-119.36863382054,49.94528354229],[-119.36858890513,49.94517767337],[-119.36937793714,49.94516130081],[-119.36933888939,49.94467607221],[-119.36834870404,49.94471260564],[-119.36790542431,49.94379129395],[-119.36706181205,49.94286997025],[-119.36618504775,49.94185915816],[-119.36612646967,49.94177723485],[-119.36604250354,49.94170287231],[-119.36586285677,49.94153776239],[-119.36562071983,49.94137138888],[-119.36535123886,49.94125290548],[-119.36522821403,49.94121004827],[-119.36473807574,49.94099828794],[-119.36468925804,49.94097307878],[-119.3646404404,49.9409478696],[-119.3643983119,49.94078149343],[-119.36423234922,49.94059243594],[-119.36410740842,49.94033154311],[-119.36411332549,49.9399521896],[-119.36410357027,49.93989547498],[-119.36882933689,49.93995868182],[-119.36892892933,49.9399687659],[-119.36932925346,49.93996877129],[-119.3757578774,49.9400014032],[-119.37580864828,49.93998627672],[-119.37754664485,49.94000507167],[-119.37799498737,49.93563809294],[-119.37548001555,49.93539375668],[-119.37551660614,49.93126885194],[-119.38206098936,49.93120654513],[-119.38241374979,49.92907412959],[-119.37913004099,49.92921814343],[-119.37123889207,49.92946301343],[-119.37074882244,49.92356755738],[-119.37026081723,49.92357385882],[-119.3702373959,49.92302439508],[-119.37090107396,49.92300549077],[-119.37141639911,49.92295129693],[-119.37195708903,49.92263119033],[-119.3722205939,49.92235393443],[-119.37219519682,49.92184480093],[-119.36418837088,49.92166692436],[-119.36419232645,49.92132792277],[-119.36420031609,49.92013322854],[-119.36421789869,49.92002863109],[-119.36420435006,49.91927753805],[-119.36421609772,49.91903557664],[-119.36430201077,49.91881126314],[-119.36484273694,49.91823285592],[-119.3649832724,49.91817111328],[-119.3652858022,49.91812072101],[-119.36623631073,49.91811572545],[-119.36756155667,49.91811829373],[-119.36986073154,49.91814857961],[-119.36986860369,49.91359545856],[-119.36989598585,49.90915582585],[-119.37282103847,49.90915831939],[-119.37830819789,49.9091718967],[-119.37860870173,49.90916179087],[-119.3796585217,49.90916673908],[-119.38108300051,49.90917919744],[-119.38400805541,49.90918135874],[-119.38462077394,49.909177492],[-119.38677114514,49.90917211856],[-119.38675393211,49.91005172537],[-119.3867599433,49.91044742102],[-119.38675627755,49.91104474817],[-119.38673896101,49.91166602237],[-119.38673346172,49.91256201738],[-119.38674365147,49.91365208263],[-119.38672643598,49.91453170321],[-119.38675964855,49.91462117188],[-119.38672653832,49.91479004415],[-119.38669729915,49.91487826302],[-119.38666805985,49.91496648191],[-119.38662710429,49.91503832011],[-119.3865607805,49.91511772368],[-119.38649445645,49.91519712723],[-119.38641641603,49.91526015002],[-119.38633837536,49.91532317277],[-119.38626033445,49.91538619547],[-119.38639502003,49.91544540331],[-119.386529706,49.91550461099],[-119.3866897607,49.91555625309],[-119.38677564637,49.9155902644],[-119.38677962028,49.91576795255],[-119.38674335503,49.91782588023],[-119.38669078189,49.91813968231],[-119.3874656348,49.91814711285],[-119.38759054868,49.91814961164],[-119.38765300563,49.91815086097],[-119.38777791954,49.91815335951],[-119.38778963703,49.91816974025],[-119.38711281139,49.91924608289],[-119.38693338546,49.91959771467],[-119.38678717346,49.9200388169],[-119.38675018726,49.92028834739],[-119.38670148287,49.92052149708],[-119.38668446778,49.92191783329],[-119.38667896593,49.92281386039],[-119.38666398723,49.92442822937],[-119.38647658785,49.9244244793],[-119.38648076295,49.92511887325],[-119.38646474569,49.92909875995],[-119.38656431611,49.92910882583],[-119.38665216641,49.92910251012],[-119.38663484068,49.92972382349],[-119.38667611706,49.93042704607],[-119.38691063353,49.93101303298],[-119.38709623171,49.9313154672],[-119.38736968818,49.93161158498],[-119.38791263253,49.93202612088],[-119.38835009168,49.93229322111],[-119.38878755653,49.93256031964],[-119.38889692363,49.932627094],[-119.38951603267,49.93301892321],[-119.3902289361,49.93354179968],[-119.39063138415,49.93401810546],[-119.39092652723,49.93464566723],[-119.39096968541,49.93505021093],[-119.39100885031,49.93527705498],[-119.39088233723,49.93608996987],[-119.39085309182,49.93617819653],[-119.38986410776,49.93828183558],[-119.38881446631,49.94034390111],[-119.3884964344,49.94097537728],[-119.38849449927,49.94101570773],[-119.38798328244,49.94202279407],[-119.38766522474,49.94265427125],[-119.38716569169,49.94367774131],[-119.38685943643,49.94458396966],[-119.38672689884,49.9452595301],[-119.38660241069,49.94654887562],[-119.38653827695,49.94736306698],[-119.38648025564,49.94883138059],[-119.3864930919,49.95168986689],[-119.38648931764,49.95202890527],[-119.38648360568,49.95240827608],[-119.38642965194,49.95431270398],[-119.38636927821,49.95478787523],[-119.38626586914,49.95511685027],[-119.38618978957,49.95539792682],[-119.38489185277,49.95870663936],[-119.3846401066,49.95951711008],[-119.38454848859,49.96012085406],[-119.38452371239,49.96193709937],[-119.38454531853,49.9622685837],[-119.3845382679,49.96449699677],[-119.38451683775,49.96468228147],[-119.38462293873,49.96638005673],[-119.38476978989,49.96723082516],[-119.38507117767,49.96851264209],[-119.38575972163,49.97033513473],[-119.38660462378,49.97203156342],[-119.38729103894,49.9731192208],[-119.38749243889,49.97335741266],[-119.38786596705,49.9739220331],[-119.38845265159,49.97474122818],[-119.38891221814,49.97533986424],[-119.38925638824,49.97573432554],[-119.38935220071,49.97582506096],[-119.39009524553,49.97651817442],[-119.39046677735,49.97686472968],[-119.39136822856,49.97764981859],[-119.39233033005,49.97847648382],[-119.3935799608,49.97957533974],[-119.39372467337,49.97969127037],[-119.39436222102,49.98023690873],[-119.39509176156,49.98095394783],[-119.39522281443,49.98109382958],[-119.39594466636,49.98197220985],[-119.3966528806,49.98287454065],[-119.40001884569,49.9879156323],[-119.4037693868,49.99357801747],[-119.40412196626,49.99432792404],[-119.40430626925,49.99492914394],[-119.40438891945,49.99556065308],[-119.40439917149,49.99613420282],[-119.40430776265,49.99673804207],[-119.4041556954,49.99730030466],[-119.40412643489,49.99738855407],[-119.4039387004,49.99738483626],[-119.4036883878,49.99737987863],[-119.40373729664,49.99740507341],[-119.40373537385,49.99744541209],[-119.40357497797,49.99739378296],[-119.40356130856,49.99741773825],[-119.40353589268,49.99742531016],[-119.40343807526,49.99737492036],[-119.4034143675,49.99741646733],[-119.40339312218,49.99716164815],[-119.40380087866,49.99659677981],[-119.40395148631,49.9959206283],[-119.40339332503,49.99485816868],[-119.40345697228,49.99412740619],[-119.40302788919,49.99305135703],[-119.40143996465,49.99072006],[-119.40030360267,49.98925731213],[-119.39948831671,49.98789177692],[-119.39871532002,49.98667768037],[-119.39796403651,49.98556051017],[-119.39738461837,49.98487028874],[-119.39736325363,49.9846360922],[-119.39592670322,49.98263561415],[-119.39457596018,49.98088594577],[-119.39456295929,49.98088286074],[-119.39358736732,49.98092399728],[-119.39212744454,49.9810765962],[-119.39180630177,49.98131042453],[-119.39122669886,49.98147611405],[-119.39069055565,49.98177994156],[-119.38918792294,49.98245611647],[-119.387900746,49.98309095081],[-119.38714956051,49.98349059673],[-119.38680579184,49.98372517085],[-119.38648450608,49.983973921],[-119.38639885216,49.98440099409],[-119.38650546009,49.98456704856],[-119.38691365575,49.98482916688],[-119.38676340885,49.98504984387],[-119.3866991459,49.98518825841],[-119.38661481871,49.98526207512],[-119.38661277251,49.98527858813],[-119.38664017401,49.98535988656],[-119.3866583652,49.98538528286],[-119.38680618092,49.98543668731],[-119.3871713549,49.98564303483],[-119.38736404511,49.98594647036],[-119.38702126819,49.98626424101],[-119.3869141411,49.98652575278],[-119.38714995112,49.98709168523],[-119.3873216753,49.98774031936],[-119.38742863922,49.98826411097],[-119.38792261751,49.98877504133],[-119.38843690502,49.98920239344],[-119.38890925113,49.98938180537],[-119.38944511036,49.98969935695],[-119.39015311512,49.98957499298],[-119.3902830048,49.98971324703],[-119.3901972941,49.99016818971],[-119.39024002583,49.99059581681],[-119.39066928738,49.99098189449],[-119.3906265196,49.99128588146],[-119.39053977545,49.99262383571],[-119.39034737931,49.99364434857],[-119.38996070353,49.99445829898],[-119.38946670833,49.9955894895],[-119.38890940188,49.99601686086],[-119.38879908445,49.99617677558],[-119.38859895764,49.99620770383],[-119.38546841617,49.99670236897],[-119.38521682022,49.99854661243],[-119.38434483995,50.00494923657],[-119.38429425346,50.00573963867],[-119.38729471421,50.00588035954],[-119.38974555772,50.0059858014],[-119.39013284647,50.00600967636],[-119.39048296835,50.00602473314],[-119.39075307574,50.00640159793],[-119.39163583039,50.00759016326],[-119.39128389049,50.00787387508],[-119.39143657033,50.00808688578],[-119.39164410537,50.0084625035],[-119.39171470869,50.00881924166],[-119.39172285153,50.00943315925],[-119.39172198892,50.01154091711],[-119.39171878864,50.01291374196],[-119.39171104722,50.01307510447],[-119.39172332979,50.01412521015],[-119.39173133966,50.01448070815],[-119.39172193074,50.0151992748],[-119.39173007495,50.01581320598],[-119.39171252148,50.01591784323],[-119.39171072001,50.01621661649],[-119.39171679465,50.01661245821],[-119.39172106796,50.01730707486],[-119.39170945457,50.01754912235],[-119.39172714287,50.01770291807],[-119.39171746499,50.01790462458],[-119.39169991059,50.01800926258],[-119.39171219436,50.01905938626],[-119.39170638741,50.01918041072],[-119.39168536269,50.02014103875],[-119.39211190214,50.02013338212],[-119.39430527639,50.02013665859],[-119.39550859834,50.02013636055],[-119.39682539537,50.0201221503],[-119.39737715899,50.02011695873],[-119.39842982404,50.0201217087],[-119.39870570576,50.02011910881],[-119.39913224367,50.02011142186],[-119.3991163339,50.02254199461],[-119.39862715426,50.02254843878],[-119.39792855212,50.02247803795],[-119.39779156821,50.02245916587],[-119.39776613573,50.02246673695],[-119.39714450735,50.02340737061],[-119.39663037902,50.02419669327],[-119.39628042536,50.02469853676],[-119.39613184542,50.02492171646],[-119.39594414627,50.02517642334],[-119.39586204718,50.02532016262],[-119.39557856016,50.02574256513],[-119.39542997262,50.02596574459],[-119.39541628891,50.02598970113],[-119.39541597406,50.02547281939],[-119.3954111651,50.02400286422],[-119.39543612633,50.02321997682],[-119.39543549618,50.02218622421],[-119.39542358843,50.02191140089],[-119.39225370821,50.02188063491],[-119.39199149857,50.02185926106],[-119.39200752612,50.02257027654],[-119.39200474226,50.02471847281],[-119.39118875215,50.02474260051],[-119.38529087784,50.02486720984],[-119.38535763223,50.02009555219],[-119.38366710226,50.02006175502],[-119.37464513216,50.02000203834],[-119.37500487038,50.01748953361],[-119.37513978669,50.01677347831],[-119.37532885229,50.0107930168],[-119.3754243713,50.00804108759],[-119.37553158299,50.00504714932]]]]},"properties":{"a": "13.7159", "q": "0", "t": "DA", "dw": "136", "hh": "119", "id": "59350382", "pop": "351", "name": "59350382", "rgid": "5935", "rpid": "5935010", "ruid": "9150018.02", "rguid": "59915"}}]}
